{
"type": "FeatureCollection",
"name": "canada",
"crs": { "type": "name", "properties": { "name": "urn:ogc:def:crs:OGC:1.3:CRS84" } },
"features": [
{ "type": "Feature", "properties": { "featurecla": "Admin-0 country", "scalerank": 1, "labelrank": 2, "sovereignt": "Canada", "sov_a3": "CAN", "adm0_dif": 0, "level": 2, "type": "Sovereign country", "tlc": "1", "admin": "Canada", "adm0_a3": "CAN", "geou_dif": 0, "geounit": "Canada", "gu_a3": "CAN", "su_dif": 0, "subunit": "Canada", "su_a3": "CAN", "brk_diff": 0, "name": "Canada", "name_long": "Canada", "brk_a3": "CAN", "brk_name": "Canada", "brk_group": null, "abbrev": "Can.", "postal": "CA", "formal_en": "Canada", "formal_fr": null, "name_ciawf": "Canada", "note_adm0": null, "note_brk": null, "name_sort": "Canada", "name_alt": null, "mapcolor7": 6, "mapcolor8": 6, "mapcolor9": 2, "mapcolor13": 2, "pop_est": 37589262.0, "pop_rank": 15, "pop_year": 2019, "gdp_md": 1736425, "gdp_year": 2019, "economy": "1. Developed region: G7", "income_grp": "1. High income: OECD", "fips_10": "CA", "iso_a2": "CA", "iso_a2_eh": "CA", "iso_a3": "CAN", "iso_a3_eh": "CAN", "iso_n3": "124", "iso_n3_eh": "124", "un_a3": "124", "wb_a2": "CA", "wb_a3": "CAN", "woe_id": 23424775, "woe_id_eh": 23424775, "woe_note": "Exact WOE match as country", "adm0_iso": "CAN", "adm0_diff": null, "adm0_tlc": "CAN", "adm0_a3_us": "CAN", "adm0_a3_fr": "CAN", "adm0_a3_ru": "CAN", "adm0_a3_es": "CAN", "adm0_a3_cn": "CAN", "adm0_a3_tw": "CAN", "adm0_a3_in": "CAN", "adm0_a3_np": "CAN", "adm0_a3_pk": "CAN", "adm0_a3_de": "CAN", "adm0_a3_gb": "CAN", "adm0_a3_br": "CAN", "adm0_a3_il": "CAN", "adm0_a3_ps": "CAN", "adm0_a3_sa": "CAN", "adm0_a3_eg": "CAN", "adm0_a3_ma": "CAN", "adm0_a3_pt": "CAN", "adm0_a3_ar": "CAN", "adm0_a3_jp": "CAN", "adm0_a3_ko": "CAN", "adm0_a3_vn": "CAN", "adm0_a3_tr": "CAN", "adm0_a3_id": "CAN", "adm0_a3_pl": "CAN", "adm0_a3_gr": "CAN", "adm0_a3_it": "CAN", "adm0_a3_nl": "CAN", "adm0_a3_se": "CAN", "adm0_a3_bd": "CAN", "adm0_a3_ua": "CAN", "adm0_a3_un": -99, "adm0_a3_wb": -99, "continent": "North America", "region_un": "Americas", "subregion": "Northern America", "region_wb": "North America", "name_len": 6, "long_len": 6, "abbrev_len": 4, "tiny": -99, "homepart": 1, "min_zoom": 0.0, "min_label": 1.7, "max_label": 5.7, "label_x": -101.9107, "label_y": 60.324287, "ne_id": 1159320467.0, "wikidataid": "Q16", "name_ar": "كندا", "name_bn": "কানাডা", "name_de": "Kanada", "name_en": "Canada", "name_es": "Canadá", "name_fa": "کانادا", "name_fr": "Canada", "name_el": "Καναδάς", "name_he": "קנדה", "name_hi": "कनाडा", "name_hu": "Kanada", "name_id": "Kanada", "name_it": "Canada", "name_ja": "カナダ", "name_ko": "캐나다", "name_nl": "Canada", "name_pl": "Kanada", "name_pt": "Canadá", "name_ru": "Канада", "name_sv": "Kanada", "name_tr": "Kanada", "name_uk": "Канада", "name_ur": "کینیڈا", "name_vi": "Canada", "name_zh": "加拿大", "name_zht": "加拿大", "fclass_iso": "Admin-0 country", "tlc_diff": null, "fclass_tlc": "Admin-0 country", "fclass_us": null, "fclass_fr": null, "fclass_ru": null, "fclass_es": null, "fclass_cn": null, "fclass_tw": null, "fclass_in": null, "fclass_np": null, "fclass_pk": null, "fclass_de": null, "fclass_gb": null, "fclass_br": null, "fclass_il": null, "fclass_ps": null, "fclass_sa": null, "fclass_eg": null, "fclass_ma": null, "fclass_pt": null, "fclass_ar": null, "fclass_jp": null, "fclass_ko": null, "fclass_vn": null, "fclass_tr": null, "fclass_id": null, "fclass_pl": null, "fclass_gr": null, "fclass_it": null, "fclass_nl": null, "fclass_se": null, "fclass_bd": null, "fclass_ua": null }, "geometry": { "type": "MultiPolygon", "coordinates": [ [ [ [ -132.655517578125, 54.127490234374996 ], [ -132.5640625, 54.068652343749996 ], [ -132.344433593750011, 54.106054687499999 ], [ -132.303369140624994, 54.098876953125 ], [ -132.261621093749994, 54.076318359375001 ], [ -132.215917968750006, 54.028417968749999 ], [ -132.166113281250006, 53.955224609375001 ], [ -132.155126953125006, 53.875195312499997 ], [ -132.175097656249989, 53.846533203124999 ], [ -132.214501953124994, 53.814746093749996 ], [ -132.564892578125011, 53.687646484375001 ], [ -132.574121093749994, 53.675390625 ], [ -132.567138671875, 53.663964843750001 ], [ -132.53466796875, 53.651708984374999 ], [ -132.464404296874989, 53.6533203125 ], [ -132.186962890625011, 53.684814453125 ], [ -132.171679687499989, 53.706835937499996 ], [ -132.152246093749994, 53.806982421874999 ], [ -132.114013671875, 53.86015625 ], [ -132.110595703125, 53.900292968750001 ], [ -132.135888671874994, 53.995849609375 ], [ -132.134423828124994, 54.034277343749999 ], [ -131.940820312499994, 54.0419921875 ], [ -131.819628906249989, 54.07734375 ], [ -131.695947265624994, 54.143164062499999 ], [ -131.667626953124994, 54.141357421875 ], [ -131.685400390625006, 54.022802734374999 ], [ -131.702539062499994, 53.986376953124996 ], [ -131.821142578125006, 53.841503906249997 ], [ -131.88916015625, 53.713964843749999 ], [ -131.922314453125011, 53.587890625 ], [ -131.928076171875006, 53.379199218749996 ], [ -131.957421875, 53.308691406249999 ], [ -132.011328125, 53.265185546874996 ], [ -132.347265625, 53.189208984375 ], [ -132.520458984375011, 53.194042968749997 ], [ -132.6748046875, 53.26318359375 ], [ -132.747509765625011, 53.310498046874997 ], [ -132.692578125000011, 53.367871093749997 ], [ -132.65478515625, 53.370556640624997 ], [ -132.546240234375006, 53.359277343750001 ], [ -132.46240234375, 53.337890625 ], [ -132.425, 53.336962890624996 ], [ -132.431347656250011, 53.350439453124999 ], [ -132.670166015625, 53.45859375 ], [ -132.845019531249989, 53.507714843750001 ], [ -132.897998046874989, 53.562695312499997 ], [ -132.899560546874994, 53.605371093750001 ], [ -132.913378906249989, 53.629199218749996 ], [ -133.05224609375, 53.778125 ], [ -133.079492187499994, 53.837011718749999 ], [ -133.09765625, 53.920263671874999 ], [ -133.097949218749989, 54.005615234375 ], [ -133.063867187499994, 54.14404296875 ], [ -133.048388671874989, 54.158935546875 ], [ -132.991455078125, 54.1578125 ], [ -132.89306640625, 54.140771484375001 ], [ -132.655517578125, 54.127490234374996 ] ] ], [ [ [ -131.753710937499989, 53.195556640625 ], [ -131.65234375, 53.102978515624997 ], [ -131.622167968750006, 53.020068359374996 ], [ -131.634667968749994, 52.922167968749996 ], [ -131.795263671875006, 52.885058593749996 ], [ -131.879687499999989, 52.914648437499999 ], [ -131.916357421875006, 52.909130859374997 ], [ -131.971777343750006, 52.879833984374997 ], [ -131.904394531250006, 52.86669921875 ], [ -131.81005859375, 52.818701171874999 ], [ -131.727294921875, 52.756396484374996 ], [ -131.610595703125, 52.745214843749999 ], [ -131.455224609374994, 52.701708984374996 ], [ -131.572802734374989, 52.623339843749996 ], [ -131.590576171875, 52.578222656249999 ], [ -131.443896484374989, 52.453320312499997 ], [ -131.429980468749989, 52.422119140625 ], [ -131.383007812500011, 52.415722656249997 ], [ -131.273632812500011, 52.425830078124996 ], [ -131.259716796875011, 52.415917968750001 ], [ -131.259960937500011, 52.390039062500001 ], [ -131.327050781249994, 52.317529296875001 ], [ -131.319921875, 52.303076171874999 ], [ -131.259179687499994, 52.291650390625001 ], [ -131.142626953124989, 52.291113281249999 ], [ -131.116162109375011, 52.219091796874999 ], [ -131.221533203125006, 52.153613281249996 ], [ -131.421875, 52.237988281249997 ], [ -131.511132812499994, 52.322070312499996 ], [ -131.562060546874989, 52.399951171874996 ], [ -131.623681640624994, 52.443994140625001 ], [ -131.809667968750006, 52.541699218749997 ], [ -132.092236328125011, 52.752783203124999 ], [ -132.165087890624989, 52.783300781249999 ], [ -132.238574218749989, 52.866796875 ], [ -132.259960937500011, 52.906982421875 ], [ -132.258105468749989, 52.933886718749996 ], [ -132.229541015624989, 52.948095703124999 ], [ -132.144921875, 52.957470703124997 ], [ -132.14375, 52.999316406249996 ], [ -132.468701171875011, 53.071875 ], [ -132.504833984375011, 53.08671875 ], [ -132.546777343749994, 53.1375 ], [ -132.524218749999989, 53.144921875 ], [ -132.345410156250011, 53.136083984374999 ], [ -132.15390625, 53.160498046874999 ], [ -132.035937499999989, 53.179150390624997 ], [ -131.989501953125, 53.201953125 ], [ -131.893115234374989, 53.2314453125 ], [ -131.853466796875011, 53.229736328125 ], [ -131.753710937499989, 53.195556640625 ] ] ], [ [ [ -127.197314453124989, 50.640380859375 ], [ -126.700927734375, 50.515527343749994 ], [ -126.203857421875, 50.453857421875 ], [ -125.839160156249989, 50.380810546874997 ], [ -125.615234375, 50.358544921874994 ], [ -125.534326171874994, 50.342480468749997 ], [ -125.482080078124994, 50.316796875 ], [ -125.420458984374989, 50.254638671875 ], [ -125.31396484375, 50.106689453125 ], [ -125.233203124999989, 50.01220703125 ], [ -125.06640625, 49.848193359374996 ], [ -124.934667968750006, 49.731640625 ], [ -124.904638671875006, 49.685351562499996 ], [ -124.932421874999989, 49.670458984374996 ], [ -124.9306640625, 49.643164062499999 ], [ -124.830615234374989, 49.530078125 ], [ -124.642871093749989, 49.428662109374997 ], [ -124.495947265625006, 49.380273437499994 ], [ -124.185888671875006, 49.300585937499996 ], [ -123.995800781249997, 49.224023437499994 ], [ -123.937158203124994, 49.170800781249994 ], [ -123.8544921875, 49.119189453124996 ], [ -123.820019531249997, 49.08349609375 ], [ -123.752294921875006, 48.951220703124996 ], [ -123.6265625, 48.824023437499996 ], [ -123.497021484374997, 48.582080078124996 ], [ -123.472851562499997, 48.602294921875 ], [ -123.457958984374997, 48.674414062499999 ], [ -123.443066406249997, 48.690478515624996 ], [ -123.415478515624997, 48.698193359374997 ], [ -123.389892578125, 48.670214843749996 ], [ -123.366308593750006, 48.6064453125 ], [ -123.283789062500006, 48.455175781249999 ], [ -123.310644531250006, 48.411035156249994 ], [ -123.334521484374989, 48.406494140625 ], [ -123.445898437500006, 48.42724609375 ], [ -123.484570312499997, 48.400097656249997 ], [ -123.536474609375006, 48.344970703125 ], [ -123.573144531249994, 48.322802734374996 ], [ -123.594628906249994, 48.333544921874996 ], [ -123.916943359374997, 48.386572265624999 ], [ -124.115234375, 48.436425781249994 ], [ -124.376220703125, 48.515234375 ], [ -124.689404296874997, 48.597314453124994 ], [ -124.868261718750006, 48.653613281249996 ], [ -125.017236328124994, 48.711474609374996 ], [ -125.120703125, 48.760791015624996 ], [ -125.140283203124994, 48.802636718749994 ], [ -125.135693359374997, 48.822412109374994 ], [ -124.934765625, 48.956347656249996 ], [ -124.849658203124989, 49.028271484374997 ], [ -124.817041015624994, 49.083300781249996 ], [ -124.800244140624997, 49.141552734374997 ], [ -124.812646484374994, 49.212646484375 ], [ -124.820751953124997, 49.207128906249999 ], [ -124.838720703125006, 49.1390625 ], [ -124.868310546874994, 49.078515625 ], [ -124.904443359374994, 49.031005859375 ], [ -124.92734375, 49.014208984374996 ], [ -125.168212890625, 48.991015625 ], [ -125.362744140624997, 48.998242187499997 ], [ -125.460302734375006, 48.941064453124994 ], [ -125.489453125, 48.933789062499997 ], [ -125.543115234374994, 48.952832031249997 ], [ -125.660498046875006, 49.029150390624999 ], [ -125.828515625, 49.091845703124996 ], [ -125.811962890624997, 49.107226562499996 ], [ -125.702294921874994, 49.139208984374996 ], [ -125.644238281249997, 49.185791015625 ], [ -125.654638671875006, 49.193212890624999 ], [ -125.693701171875006, 49.190380859374997 ], [ -125.72802734375, 49.199853515624994 ], [ -125.79638671875, 49.260205078124997 ], [ -125.83544921875, 49.276660156249996 ], [ -125.918359375, 49.24951171875 ], [ -125.95166015625, 49.248046875 ], [ -125.983837890624997, 49.287890625 ], [ -125.937695312499997, 49.379785156249994 ], [ -125.935400390625006, 49.401464843749999 ], [ -126.020312499999989, 49.368017578124999 ], [ -126.04833984375, 49.379003906249999 ], [ -126.074902343749997, 49.408789062499999 ], [ -126.099853515625, 49.421289062499994 ], [ -126.168847656249994, 49.415185546874994 ], [ -126.243603515624997, 49.442675781249996 ], [ -126.269726562499997, 49.431884765625 ], [ -126.279638671875006, 49.3921875 ], [ -126.304492187499989, 49.38203125 ], [ -126.418603515624994, 49.449023437499996 ], [ -126.44453125, 49.451123046874997 ], [ -126.499853515625006, 49.399951171874996 ], [ -126.519140625, 49.396777343749996 ], [ -126.548535156249997, 49.4189453125 ], [ -126.563720703125, 49.543261718749996 ], [ -126.557470703125006, 49.57861328125 ], [ -126.541894531249994, 49.590478515624994 ], [ -126.442773437499994, 49.619287109374994 ], [ -126.1578125, 49.650146484375 ], [ -126.134082031249989, 49.672314453124997 ], [ -126.347558593749994, 49.660839843749997 ], [ -126.403173828125006, 49.677734375 ], [ -126.462792968749994, 49.72021484375 ], [ -126.525244140625006, 49.719580078124999 ], [ -126.558251953124994, 49.7333984375 ], [ -126.592871093750006, 49.764111328124997 ], [ -126.68310546875, 49.87646484375 ], [ -126.74462890625, 49.904931640624994 ], [ -126.849365234375, 49.922802734374997 ], [ -126.9033203125, 49.944140625 ], [ -126.926074218749989, 49.934716796874994 ], [ -126.947949218749997, 49.902685546874999 ], [ -126.977099609374989, 49.8828125 ], [ -127.048730468749994, 49.871533203124997 ], [ -127.114306640624989, 49.879736328124999 ], [ -127.16552734375, 49.910449218749996 ], [ -127.195898437500006, 49.949169921874997 ], [ -127.20751953125, 49.992431640625 ], [ -127.179101562499994, 50.05029296875 ], [ -127.179638671874997, 50.073144531249994 ], [ -127.192333984374997, 50.099902343749996 ], [ -127.215673828125006, 50.121484375 ], [ -127.249804687499989, 50.137988281249996 ], [ -127.268408203125006, 50.129345703124997 ], [ -127.271533203124989, 50.095556640624999 ], [ -127.2900390625, 50.070849609374996 ], [ -127.349414062499989, 50.051953125 ], [ -127.397900390624997, 50.085009765624996 ], [ -127.429785156250006, 50.130859375 ], [ -127.467138671875006, 50.163427734374999 ], [ -127.674853515624989, 50.163330078125 ], [ -127.770458984374997, 50.121142578124996 ], [ -127.816308593749994, 50.117724609374996 ], [ -127.863916015624994, 50.127734375 ], [ -127.872998046874997, 50.150097656249997 ], [ -127.828173828124989, 50.21142578125 ], [ -127.839160156249989, 50.293212890625 ], [ -127.850830078125, 50.313720703125 ], [ -127.946679687499994, 50.326220703124996 ], [ -127.962939453124989, 50.345996093749996 ], [ -127.905859375, 50.445214843749994 ], [ -127.8740234375, 50.463964843749999 ], [ -127.83154296875, 50.471044921874999 ], [ -127.641406249999989, 50.479101562499999 ], [ -127.578125, 50.464941406249999 ], [ -127.486523437499997, 50.404638671874999 ], [ -127.489355468750006, 50.42734375 ], [ -127.524023437500006, 50.495751953124994 ], [ -127.529003906249997, 50.536767578124994 ], [ -127.465917968750006, 50.583105468749999 ], [ -127.526220703125006, 50.5966796875 ], [ -127.75146484375, 50.607373046874997 ], [ -127.749707031249997, 50.577734375 ], [ -127.731152343749997, 50.535742187499999 ], [ -127.864697265624997, 50.498876953124999 ], [ -127.963671874999989, 50.492626953124997 ], [ -128.058349609375, 50.498486328124997 ], [ -128.135644531249994, 50.520556640624996 ], [ -128.267431640625006, 50.609277343749994 ], [ -128.349902343749989, 50.696582031249996 ], [ -128.346044921875006, 50.744238281249999 ], [ -128.300830078124989, 50.794140625 ], [ -128.241552734375006, 50.828173828124996 ], [ -128.101318359375, 50.857763671874999 ], [ -127.918066406250006, 50.860546875 ], [ -127.713037109374994, 50.820751953124997 ], [ -127.197314453124989, 50.640380859375 ] ] ], [ [ [ -130.025097656250011, 55.888232421875102 ], [ -130.0140625, 55.950537109374999 ], [ -130.022900390625011, 56.014501953124999 ], [ -130.055957031249989, 56.065234375 ], [ -130.097851562500011, 56.109277343750001 ], [ -130.214697265625006, 56.0828125 ], [ -130.413134765624989, 56.122509765624997 ], [ -130.477099609374989, 56.230566406250034 ], [ -130.649072265625023, 56.263671875000057 ], [ -130.74169921875, 56.3408203125 ], [ -130.930224609374989, 56.378613281249997 ], [ -131.082910156249994, 56.404833984374996 ], [ -131.199414062500011, 56.44921875 ], [ -131.335791015625006, 56.501220703125 ], [ -131.471875, 56.556738281249999 ], [ -131.575097656250023, 56.598828125000125 ], [ -131.651513671874994, 56.59609375 ], [ -131.824267578124989, 56.589990234375001 ], [ -131.833105468750006, 56.684814453125 ], [ -131.885986328125, 56.742138671874997 ], [ -131.866162109375011, 56.792822265624999 ], [ -131.9625, 56.818701171874999 ], [ -132.104296874999989, 56.856787109374999 ], [ -132.062890625000023, 56.953369140625057 ], [ -132.031542968749989, 57.0265625 ], [ -132.157031249999989, 57.048193359374999 ], [ -132.337988281250006, 57.079443359374999 ], [ -132.279394531250006, 57.145361328124999 ], [ -132.232177734375, 57.198535156249996 ], [ -132.301660156250023, 57.276318359375125 ], [ -132.442480468750006, 57.40673828125 ], [ -132.550488281250011, 57.499902343750001 ], [ -132.691503906250006, 57.645117187499999 ], [ -132.815527343750006, 57.772705078125 ], [ -132.916845703125006, 57.877001953124996 ], [ -133.001416015625011, 57.948974609375 ], [ -133.120410156249989, 58.077734375 ], [ -133.275292968750023, 58.222851562500011 ], [ -133.422558593750011, 58.337060546875023 ], [ -133.401123046875, 58.410888671875 ], [ -133.54638671875, 58.503466796874989 ], [ -133.673925781250006, 58.59716796875 ], [ -133.820751953125011, 58.705029296874997 ], [ -133.965722656250023, 58.757861328124989 ], [ -134.069189453125006, 58.795507812499999 ], [ -134.218505859375, 58.849902343750003 ], [ -134.296972656250006, 58.898486328125003 ], [ -134.329638671874989, 58.939697265625057 ], [ -134.363525390625, 58.96875 ], [ -134.39306640625, 59.009179687499994 ], [ -134.410205078124989, 59.05625 ], [ -134.440771484375006, 59.085351562499994 ], [ -134.621972656250023, 59.155322265625102 ], [ -134.67724609375, 59.199267578125003 ], [ -134.802392578125023, 59.25 ], [ -134.9072265625, 59.271191406249997 ], [ -134.94375, 59.288281250000011 ], [ -135.0712890625, 59.441455078125003 ], [ -135.050830078124989, 59.496044921875068 ], [ -135.036669921874989, 59.550683593749994 ], [ -135.051025390625, 59.578662109375003 ], [ -135.260791015624989, 59.695019531250125 ], [ -135.367871093750011, 59.743310546874994 ], [ -135.475927734375006, 59.793261718750003 ], [ -135.702587890625011, 59.728759765625 ], [ -135.934667968750006, 59.662646484375003 ], [ -136.09716796875, 59.638378906249997 ], [ -136.321826171874989, 59.604833984374999 ], [ -136.247119140624989, 59.532910156250125 ], [ -136.277978515624994, 59.480322265624999 ], [ -136.347851562500011, 59.456054687500114 ], [ -136.466357421874989, 59.459082031249999 ], [ -136.466748046875011, 59.279931640624994 ], [ -136.578759765624994, 59.152246093749994 ], [ -136.813281249999989, 59.15004882812508 ], [ -136.939306640625006, 59.106103515624994 ], [ -137.126220703125, 59.040966796874997 ], [ -137.277539062500011, 58.988183593749994 ], [ -137.438574218750006, 58.903125 ], [ -137.520898437499994, 58.915380859374999 ], [ -137.484179687499989, 58.9912109375 ], [ -137.543701171875, 59.119433593750102 ], [ -137.593310546874989, 59.226269531250011 ], [ -137.696630859375006, 59.281152343749994 ], [ -137.870556640625011, 59.373583984375003 ], [ -138.001123046875023, 59.442919921875102 ], [ -138.187451171875011, 59.541943359374997 ], [ -138.317626953125, 59.611132812500045 ], [ -138.45361328125, 59.683398437500045 ], [ -138.632275390625011, 59.778271484375011 ], [ -138.70546875, 59.901318359374997 ], [ -138.86875, 59.945751953124997 ], [ -139.04345703125, 59.993261718749999 ], [ -139.18515625, 60.08359375 ], [ -139.136962890625, 60.172705078124999 ], [ -139.079248046875023, 60.279443359375136 ], [ -139.079248046875023, 60.343701171875125 ], [ -139.234765625, 60.339746093749994 ], [ -139.467968750000011, 60.333691406249997 ], [ -139.676318359374989, 60.328320312500011 ], [ -139.830664062500006, 60.252880859374997 ], [ -139.973291015624994, 60.183154296875003 ], [ -140.196923828124994, 60.2375 ], [ -140.452832031250011, 60.299707031249994 ], [ -140.525439453124989, 60.218359375 ], [ -140.762744140624989, 60.259130859375091 ], [ -141.002148437500011, 60.300244140625125 ], [ -141.002148437500011, 60.592431640625136 ], [ -141.002148437500011, 60.884667968750023 ], [ -141.002148437500011, 61.176855468750034 ], [ -141.002148437500011, 61.469042968750045 ], [ -141.002148437500011, 61.761279296875045 ], [ -141.002148437500011, 62.053466796875057 ], [ -141.002148437500011, 62.345703125000114 ], [ -141.002148437500011, 62.637890625000125 ], [ -141.002148437500011, 62.930078125000136 ], [ -141.002148437500011, 63.222265624999977 ], [ -141.002148437500011, 63.514453124999989 ], [ -141.002148437500011, 63.806689453125003 ], [ -141.002148437500011, 64.098876953125057 ], [ -141.002148437500011, 64.391113281250057 ], [ -141.002148437500011, 64.683300781250125 ], [ -141.002148437500011, 64.975537109375125 ], [ -141.002148437500011, 65.267724609375136 ], [ -141.002148437500011, 65.559912109374977 ], [ -141.002148437500011, 65.852148437500034 ], [ -141.002148437500011, 66.144335937500003 ], [ -141.002148437500011, 66.4365234375 ], [ -141.002148437500011, 66.728759765625 ], [ -141.002148437500011, 67.020947265624997 ], [ -141.002148437500011, 67.313134765624994 ], [ -141.002148437500011, 67.605371093749994 ], [ -141.002148437500011, 67.897558593750006 ], [ -141.002148437500011, 68.189746093750003 ], [ -141.002148437500011, 68.481982421875003 ], [ -141.002148437500011, 68.774169921875 ], [ -141.002148437500011, 69.066357421874997 ], [ -141.002148437500011, 69.35859375 ], [ -141.002148437500011, 69.65078125 ], [ -140.860009765624966, 69.63525390625 ], [ -140.405126953124977, 69.602490234375068 ], [ -139.976611328124932, 69.62172851562508 ], [ -139.181542968749966, 69.51552734375008 ], [ -138.689892578125011, 69.316796875000136 ], [ -138.291015625, 69.219042968750102 ], [ -138.128369140625011, 69.151953125000091 ], [ -137.869433593749932, 69.092822265624932 ], [ -137.259960937500011, 68.964111328125 ], [ -137.07041015624992, 68.950878906250011 ], [ -136.717333984374932, 68.889160156250057 ], [ -136.498681640625023, 68.897314453125091 ], [ -136.122363281249989, 68.882226562500023 ], [ -135.866650390625011, 68.832617187500034 ], [ -135.36215820312492, 68.696435546875023 ], [ -135.258837890624989, 68.684326171875057 ], [ -135.231201171875, 68.694287109375125 ], [ -135.406933593749955, 68.828955078125034 ], [ -135.4345703125, 68.841992187500011 ], [ -135.637988281249989, 68.892236328125136 ], [ -135.876318359374977, 68.9169921875 ], [ -135.894726562499955, 68.926708984375068 ], [ -135.939013671874932, 68.974169921875102 ], [ -135.924755859374955, 68.992626953124955 ], [ -135.872851562499932, 69.001025390625102 ], [ -135.695214843750023, 69.000634765625023 ], [ -135.589990234374966, 69.008251953125125 ], [ -135.575537109374977, 69.026953125000034 ], [ -135.651269531250023, 69.031298828125045 ], [ -135.742626953124955, 69.049414062499977 ], [ -135.84970703124992, 69.08139648437492 ], [ -135.910205078124932, 69.111474609375023 ], [ -135.691455078124932, 69.311181640625023 ], [ -135.614941406250011, 69.291015625 ], [ -135.499560546874932, 69.337158203125 ], [ -135.29282226562492, 69.307861328125057 ], [ -135.25498046874992, 69.32382812499992 ], [ -135.229785156249932, 69.425195312499966 ], [ -135.199023437499989, 69.449609374999966 ], [ -135.140820312499955, 69.467822265624989 ], [ -134.852880859374977, 69.485888671875102 ], [ -134.493847656249955, 69.467919921874966 ], [ -134.456835937499932, 69.477636718750034 ], [ -134.491210937499943, 69.545312500000136 ], [ -134.495361328125, 69.571923828125023 ], [ -134.473681640624932, 69.6328125 ], [ -134.451464843749932, 69.665478515625068 ], [ -134.408935546874943, 69.681787109375023 ], [ -134.242041015624977, 69.66884765625008 ], [ -134.189892578125011, 69.638818359374966 ], [ -134.134033203125, 69.587255859374977 ], [ -134.07749023437492, 69.557861328125 ], [ -133.899951171874932, 69.528222656250023 ], [ -133.879785156249966, 69.50771484375008 ], [ -133.947460937500011, 69.429492187499989 ], [ -134.018408203124977, 69.388476562499989 ], [ -134.1650390625, 69.280566406249989 ], [ -134.174316406249943, 69.252832031250023 ], [ -133.948046874999932, 69.301318359374989 ], [ -133.694042968750011, 69.368408203124943 ], [ -133.475927734374977, 69.405371093750034 ], [ -133.293652343749955, 69.412158203124989 ], [ -133.163134765624989, 69.433886718749989 ], [ -133.084423828124955, 69.470654296875011 ], [ -133.028271484374955, 69.508251953125011 ], [ -132.915332031249989, 69.629638671875057 ], [ -132.840332031249943, 69.650683593750102 ], [ -132.526806640624955, 69.643261718750011 ], [ -132.452343749999955, 69.646923828125068 ], [ -132.403906249999977, 69.658740234374989 ], [ -132.412744140624966, 69.674072265625057 ], [ -132.478955078124955, 69.69287109375 ], [ -132.568359375, 69.698144531250023 ], [ -132.570605468749989, 69.706689453125136 ], [ -132.537548828125011, 69.726562500000114 ], [ -132.488476562499955, 69.738085937499989 ], [ -132.333984375, 69.751806640625091 ], [ -132.232421875, 69.70815429687508 ], [ -132.163427734374977, 69.704980468750136 ], [ -131.934130859374989, 69.753466796875102 ], [ -131.581835937499989, 69.882128906249989 ], [ -131.44091796875, 69.917919921875011 ], [ -131.318945312499977, 69.924169921875034 ], [ -131.215869140624932, 69.90078125000008 ], [ -131.136376953125023, 69.90688476562508 ], [ -131.03183593749992, 69.979492187500114 ], [ -130.990625, 70.018115234374989 ], [ -130.926171875000023, 70.051611328125091 ], [ -130.665478515625011, 70.127050781249977 ], [ -130.498437499999966, 70.143164062500091 ], [ -130.396386718749966, 70.129248046875091 ], [ -130.274951171874932, 70.097998046875091 ], [ -130.174951171874966, 70.085888671875125 ], [ -130.043310546874977, 70.095068359375034 ], [ -129.944970703125023, 70.090917968750091 ], [ -129.898046874999977, 70.106152343750011 ], [ -129.730078124999977, 70.192089843750068 ], [ -129.675634765624977, 70.192968750000091 ], [ -129.622998046875011, 70.16762695312508 ], [ -129.538427734374977, 70.105175781250125 ], [ -129.53818359374992, 70.073925781250011 ], [ -129.648291015624977, 69.997753906250125 ], [ -130.45883789062492, 69.779980468749955 ], [ -130.708544921874989, 69.685986328125011 ], [ -130.832080078124932, 69.651464843750091 ], [ -130.960107421874966, 69.632031250000011 ], [ -131.207958984375011, 69.615771484375102 ], [ -131.306347656250011, 69.596630859375125 ], [ -131.472949218749932, 69.579492187499966 ], [ -131.862792968749943, 69.549365234375045 ], [ -131.937792968749932, 69.534716796875102 ], [ -131.988769531249943, 69.517626953124989 ], [ -132.128759765624977, 69.402343750000114 ], [ -132.196826171874989, 69.364697265625125 ], [ -132.330761718749955, 69.307958984375091 ], [ -132.481201171875, 69.273144531250125 ], [ -132.686718750000011, 69.259863281250034 ], [ -132.81748046874992, 69.205761718750068 ], [ -132.967968749999955, 69.101416015625091 ], [ -133.08945312499992, 69.028759765625068 ], [ -133.228222656250011, 68.967138671875091 ], [ -133.378955078124989, 68.886669921875068 ], [ -133.41831054687492, 68.844287109374932 ], [ -133.37338867187492, 68.788476562500136 ], [ -133.348388671875, 68.769873046875091 ], [ -133.196826171874932, 68.739843749999977 ], [ -133.138037109374977, 68.746582031250114 ], [ -133.192187499999989, 68.776513671875023 ], [ -133.319531249999955, 68.81972656250008 ], [ -133.336669921875, 68.835253906250045 ], [ -133.304003906249932, 68.847412109375057 ], [ -132.706005859374955, 68.814892578125011 ], [ -132.57763671875, 68.847802734375136 ], [ -132.532666015625011, 68.875634765625136 ], [ -132.542236328125, 68.889941406249989 ], [ -132.704345703125, 68.895898437499966 ], [ -132.739111328124977, 68.922460937500091 ], [ -132.764697265624932, 68.972460937499932 ], [ -132.770117187499977, 69.012158203125068 ], [ -132.755468749999977, 69.041601562499977 ], [ -132.718945312500011, 69.079199218750034 ], [ -132.545166015624943, 69.140625000000114 ], [ -132.358056640625023, 69.166943359375125 ], [ -132.213964843749977, 69.201660156250114 ], [ -132.134375, 69.234472656250034 ], [ -131.919628906249955, 69.290527343750114 ], [ -131.833398437500023, 69.335986328125102 ], [ -131.786914062499932, 69.371289062500011 ], [ -131.781054687499989, 69.388867187500068 ], [ -131.820166015624977, 69.401611328125 ], [ -131.788378906249989, 69.431982421874977 ], [ -131.631787109374955, 69.459082031249977 ], [ -131.562939453124955, 69.461376953125068 ], [ -131.342919921874966, 69.43540039062492 ], [ -131.303027343749932, 69.415087890625045 ], [ -131.32470703125, 69.361181640625091 ], [ -131.293896484374955, 69.363720703125068 ], [ -131.209033203124989, 69.432177734374989 ], [ -131.16171874999992, 69.454980468750023 ], [ -131.112841796874932, 69.459472656250057 ], [ -131.063427734375011, 69.450683593750057 ], [ -131.013427734375, 69.4287109375 ], [ -130.986279296875011, 69.362890625000091 ], [ -130.981982421874989, 69.253271484374977 ], [ -130.970654296875011, 69.209082031250034 ], [ -130.914306640625, 69.284863281250011 ], [ -130.875048828124989, 69.320019531250068 ], [ -130.660693359374989, 69.481298828125034 ], [ -130.51596679687492, 69.56967773437492 ], [ -130.353613281249977, 69.655810546875102 ], [ -130.117626953124955, 69.720068359375034 ], [ -129.57211914062492, 69.826708984375102 ], [ -129.264843750000011, 69.855419921875068 ], [ -129.109130859375, 69.881933593749977 ], [ -129.032910156250011, 69.904980468750011 ], [ -128.984326171875011, 69.933447265624977 ], [ -128.89892578125, 69.966162109375091 ], [ -128.883691406250023, 69.963476562500034 ], [ -128.916796874999989, 69.894873046875091 ], [ -128.938623046875023, 69.875 ], [ -129.138330078125023, 69.83251953125 ], [ -129.157910156250011, 69.800097656249989 ], [ -129.136230468749943, 69.750048828125102 ], [ -129.101708984375023, 69.717041015625114 ], [ -129.054345703125023, 69.70107421875008 ], [ -128.971435546874943, 69.712402343750057 ], [ -128.85302734375, 69.751025390625102 ], [ -128.705517578125011, 69.810156250000091 ], [ -128.38671875, 69.960156250000068 ], [ -128.359179687499989, 69.987597656249989 ], [ -128.278613281249932, 70.108105468750011 ], [ -128.095849609374966, 70.161328125000011 ], [ -127.764941406249989, 70.221875000000125 ], [ -127.683789062499955, 70.260351562499977 ], [ -127.974023437500023, 70.292919921875011 ], [ -128.034179687499943, 70.315332031250136 ], [ -128.043652343750011, 70.328759765625023 ], [ -127.988916015624966, 70.36313476562492 ], [ -128.121484374999966, 70.397363281249966 ], [ -128.170117187500011, 70.41845703125 ], [ -128.168066406249977, 70.479785156250102 ], [ -128.12729492187492, 70.523828124999966 ], [ -128.040478515625011, 70.566406249999943 ], [ -127.991015624999932, 70.573828125000034 ], [ -127.861621093749989, 70.549072265625 ], [ -127.752832031250023, 70.517138671875045 ], [ -127.376855468749966, 70.36875 ], [ -127.225976562499966, 70.296142578124943 ], [ -127.138476562499989, 70.23935546874992 ], [ -126.926806640624932, 70.061718750000011 ], [ -126.833496093749943, 69.959082031250034 ], [ -126.758691406249966, 69.853369140624977 ], [ -126.684912109374977, 69.777099609375114 ], [ -126.612158203124977, 69.730322265624977 ], [ -126.250439453125011, 69.54526367187492 ], [ -126.063818359374977, 69.467089843749989 ], [ -125.907421875000011, 69.418554687500034 ], [ -125.727783203125, 69.379980468750034 ], [ -125.524951171874989, 69.351562500000114 ], [ -125.386767578124989, 69.349218749999977 ], [ -125.171875, 69.427978515625 ], [ -125.166845703124977, 69.479785156250102 ], [ -125.261572265624977, 69.566162109375114 ], [ -125.356933593749943, 69.625976562500057 ], [ -125.345507812499932, 69.662451171875034 ], [ -125.219384765625023, 69.732373046875068 ], [ -125.227880859374977, 69.756738281250023 ], [ -125.201171875, 69.828808593749955 ], [ -125.114013671874943, 69.815039062500034 ], [ -125.079589843749943, 69.817822265625068 ], [ -125.031005859375, 69.844287109375102 ], [ -124.96826171875, 69.894384765625034 ], [ -124.889160156249943, 69.935791015625114 ], [ -124.793652343749955, 69.968505859375 ], [ -124.767919921874977, 69.990039062499932 ], [ -124.862597656249989, 70.00551757812508 ], [ -124.92001953124992, 70.005566406250125 ], [ -124.962597656250011, 70.012597656250136 ], [ -124.990380859374966, 70.026611328125114 ], [ -124.952441406249989, 70.041748046875 ], [ -124.7451171875, 70.080175781250034 ], [ -124.706347656249932, 70.116992187500045 ], [ -124.639941406249989, 70.141455078125091 ], [ -124.55502929687492, 70.151220703125091 ], [ -124.502587890624966, 70.14111328125 ], [ -124.444482421874966, 70.110595703125 ], [ -124.441503906249977, 70.061914062500023 ], [ -124.467187499999966, 69.982568359375023 ], [ -124.471923828124943, 69.918505859374932 ], [ -124.406933593749955, 69.767431640625091 ], [ -124.349365234374943, 69.734521484375136 ], [ -124.124609374999977, 69.689990234375102 ], [ -124.138476562499989, 69.653173828125091 ], [ -124.398388671875011, 69.493847656250125 ], [ -124.453906249999932, 69.454833984375 ], [ -124.481347656250023, 69.425146484374977 ], [ -124.472070312499966, 69.400048828125023 ], [ -124.426171874999966, 69.379443359375102 ], [ -124.338085937499955, 69.364843749999977 ], [ -124.111718750000023, 69.35888671875 ], [ -124.049658203124977, 69.372851562499989 ], [ -123.609130859374943, 69.377441406250057 ], [ -123.52841796874992, 69.389355468749955 ], [ -123.460449218749943, 69.420019531249977 ], [ -123.361474609375023, 69.496630859374989 ], [ -123.248974609375011, 69.520019531250114 ], [ -123.213671874999932, 69.541503906250057 ], [ -123.144482421874955, 69.632470703125136 ], [ -123.110400390624932, 69.738134765624977 ], [ -123.076611328125011, 69.782470703125114 ], [ -123.025781250000023, 69.810009765625068 ], [ -122.956689453124966, 69.818847656250057 ], [ -122.785400390625, 69.808447265625091 ], [ -122.704882812499932, 69.817382812500114 ], [ -122.3875, 69.808447265625091 ], [ -122.070068359375, 69.816162109375057 ], [ -121.741845703125023, 69.797509765624966 ], [ -121.531103515624977, 69.775781250000023 ], [ -121.336230468749989, 69.741552734374977 ], [ -120.962451171874989, 69.660400390625114 ], [ -120.814648437499955, 69.616845703125136 ], [ -120.292529296874989, 69.420556640625136 ], [ -120.13999023437492, 69.380566406250125 ], [ -119.852832031249932, 69.342333984374989 ], [ -118.868701171874989, 69.257177734375034 ], [ -118.744873046875, 69.234277343750023 ], [ -118.485595703124943, 69.144873046875091 ], [ -118.306982421874977, 69.092724609375125 ], [ -118.09521484375, 69.042919921875068 ], [ -117.830322265624943, 68.999902343750023 ], [ -117.311279296875, 68.93491210937492 ], [ -117.226953125000023, 68.913427734374977 ], [ -117.131738281249966, 68.907128906250136 ], [ -117.025732421874977, 68.915966796875011 ], [ -116.549951171875023, 68.87880859375008 ], [ -116.424560546875, 68.880615234375057 ], [ -116.33408203124992, 68.873632812500091 ], [ -116.222705078124989, 68.846826171875136 ], [ -116.059472656250023, 68.837011718750091 ], [ -116.065234374999989, 68.855419921875068 ], [ -116.251611328125023, 68.957910156250023 ], [ -116.243408203124943, 68.974072265625125 ], [ -116.166748046874943, 68.975341796875 ], [ -115.936083984374932, 68.958105468750034 ], [ -115.883251953125011, 68.987304687500114 ], [ -115.806347656249955, 68.986621093749989 ], [ -115.631152343749989, 68.972558593750136 ], [ -115.442285156249966, 68.940917968750114 ], [ -115.23984374999992, 68.891845703125057 ], [ -114.99375, 68.850048828125068 ], [ -114.620166015624989, 68.74609375 ], [ -114.413867187499989, 68.659570312500136 ], [ -114.218164062499966, 68.552050781250102 ], [ -114.110839843749943, 68.477343749999989 ], [ -114.092041015624943, 68.435400390624977 ], [ -114.051123046874977, 68.414648437499977 ], [ -113.988183593750023, 68.414990234375068 ], [ -113.964404296874989, 68.399072265625023 ], [ -114.020800781249932, 68.306494140624977 ], [ -114.053222656249943, 68.283398437500068 ], [ -114.095947265624943, 68.266796875000068 ], [ -114.274755859374977, 68.247851562500102 ], [ -114.765283203124966, 68.270214843750068 ], [ -114.852197265625023, 68.195263671875068 ], [ -115.127050781249977, 68.132031249999955 ], [ -115.175927734374966, 68.104394531250023 ], [ -115.186767578124943, 68.084179687500011 ], [ -115.167089843749977, 68.018554687500114 ], [ -115.201855468750011, 67.998437500000136 ], [ -115.42685546874992, 67.923535156250125 ], [ -115.434472656249966, 67.902343750000057 ], [ -115.288476562499966, 67.871679687500034 ], [ -115.133203124999966, 67.819189453125034 ], [ -115.011181640625011, 67.806396484375057 ], [ -114.856738281249989, 67.813574218750091 ], [ -114.662890624999989, 67.795214843750102 ], [ -114.429394531250011, 67.751220703125 ], [ -114.267041015625011, 67.731152343750011 ], [ -114.175732421874955, 67.73500976562508 ], [ -114.051074218749989, 67.726904296875034 ], [ -113.893212890625023, 67.706884765625034 ], [ -113.681933593749989, 67.699951171875057 ], [ -113.214990234374966, 67.701757812500091 ], [ -113.074951171874943, 67.686669921875023 ], [ -112.879443359374932, 67.679882812500068 ], [ -112.503027343749977, 67.681933593750102 ], [ -112.43515624999992, 67.684765624999955 ], [ -112.31455078124992, 67.719580078124977 ], [ -112.236718749999966, 67.731103515625023 ], [ -112.101318359374943, 67.731738281249932 ], [ -111.710888671874955, 67.75732421875 ], [ -111.575732421874989, 67.756835937500114 ], [ -111.45068359375, 67.776171874999932 ], [ -111.290820312499932, 67.815234375000102 ], [ -111.192187499999989, 67.822558593749989 ], [ -111.15478515625, 67.798242187500023 ], [ -111.087402343749943, 67.787646484374989 ], [ -110.990039062499932, 67.790820312500102 ], [ -110.804882812499955, 67.832324218750045 ], [ -110.371972656249966, 67.954199218749977 ], [ -110.216259765624955, 67.954003906250136 ], [ -110.101953125000023, 67.992236328125102 ], [ -110.073925781250011, 67.992919921875057 ], [ -110.04248046875, 67.977197265625023 ], [ -109.9365234375, 67.887890624999955 ], [ -109.904248046874955, 67.873535156250057 ], [ -109.831347656249932, 67.865820312500091 ], [ -109.760156250000023, 67.820117187500045 ], [ -109.68603515625, 67.751757812499932 ], [ -109.630371093749943, 67.732714843749989 ], [ -109.224316406250011, 67.729785156250102 ], [ -109.08125, 67.710742187500102 ], [ -109.038037109375011, 67.691162109375057 ], [ -108.994482421874977, 67.637109375000023 ], [ -108.967675781250023, 67.532373046875023 ], [ -108.949902343749955, 67.493945312499989 ], [ -108.890966796874977, 67.438085937499977 ], [ -108.852001953125011, 67.421972656250091 ], [ -108.815185546875, 67.4375 ], [ -108.715136718749932, 67.582812499999989 ], [ -108.680224609374932, 67.606201171874943 ], [ -108.613330078124989, 67.59804687500008 ], [ -108.592919921874966, 67.590869140625045 ], [ -108.491503906249932, 67.483300781250136 ], [ -108.346972656249989, 67.403417968750034 ], [ -107.988720703125011, 67.256396484375102 ], [ -107.930517578124977, 67.202490234374977 ], [ -107.909179687499943, 67.162548828125011 ], [ -107.929443359375, 67.126806640624977 ], [ -107.991308593749977, 67.095166015625125 ], [ -108.088427734374989, 67.069775390625125 ], [ -108.22080078124992, 67.050585937500102 ], [ -108.344335937499977, 67.05751953125008 ], [ -108.459082031249977, 67.090429687500034 ], [ -108.496044921874955, 67.092285156250057 ], [ -108.455273437500011, 67.062988281249943 ], [ -108.218164062500023, 66.941259765625034 ], [ -108.157666015624955, 66.892626953125045 ], [ -108.101464843749966, 66.860351562500057 ], [ -108.049609374999989, 66.844335937499977 ], [ -108.001757812499989, 66.818017578125136 ], [ -107.957958984374955, 66.781298828124932 ], [ -107.760937499999955, 66.683691406249977 ], [ -107.704882812499989, 66.63710937500008 ], [ -107.480322265624977, 66.49179687499992 ], [ -107.373681640625023, 66.434667968750034 ], [ -107.29135742187492, 66.401806640625068 ], [ -107.259472656250011, 66.398535156249977 ], [ -107.278076171875, 66.424902343749977 ], [ -107.564453125, 66.618505859374977 ], [ -107.710351562500023, 66.740039062500045 ], [ -107.730859374999966, 66.769189453125136 ], [ -107.740234375, 66.813769531249989 ], [ -107.745996093750023, 66.961474609375045 ], [ -107.725097656249943, 66.984130859375057 ], [ -107.626171874999955, 67.003125 ], [ -107.499218750000011, 66.93618164062508 ], [ -107.45126953124992, 66.926757812500114 ], [ -107.418847656249966, 66.930712890624989 ], [ -107.402099609374943, 66.947998046875 ], [ -107.32919921874992, 66.931982421875091 ], [ -107.200195312499943, 66.882568359375 ], [ -107.156494140625, 66.881738281249966 ], [ -107.25375976562492, 66.976367187500102 ], [ -107.323339843749977, 67.022558593750091 ], [ -107.347851562500011, 67.054785156250091 ], [ -107.283154296874955, 67.103271484375 ], [ -107.318457031249977, 67.127783203125034 ], [ -107.482373046874955, 67.199121093749966 ], [ -107.567480468749977, 67.27304687499992 ], [ -107.644042968749943, 67.384765624999943 ], [ -107.650927734374932, 67.428222656250114 ], [ -107.638378906249955, 67.474218750000091 ], [ -107.64990234375, 67.511279296874989 ], [ -107.75302734374992, 67.586865234375125 ], [ -107.86508789062492, 67.639208984375102 ], [ -107.954052734374955, 67.7 ], [ -107.972119140625011, 67.732031250000034 ], [ -107.958398437500023, 67.818603515625057 ], [ -107.890917968749989, 67.856347656250136 ], [ -107.763085937500023, 67.906835937500091 ], [ -107.72861328124992, 67.958837890625034 ], [ -107.78745117187492, 68.0125 ], [ -107.798291015625011, 68.036914062499932 ], [ -107.761035156249989, 68.032177734375068 ], [ -107.509375, 68.059130859375045 ], [ -107.446191406249966, 68.049658203125091 ], [ -107.351123046874932, 68.06118164062508 ], [ -107.22412109375, 68.093798828124989 ], [ -107.124804687499932, 68.108447265624989 ], [ -106.993652343749943, 68.106298828125034 ], [ -106.922558593749955, 68.11416015625008 ], [ -106.835644531250011, 68.128613281250011 ], [ -106.790722656250011, 68.144824218750102 ], [ -106.710986328124932, 68.206787109375114 ], [ -106.668408203124955, 68.216015625000011 ], [ -106.534863281250011, 68.209277343750102 ], [ -106.459472656249943, 68.195654296874977 ], [ -106.424267578124955, 68.20058593750008 ], [ -106.429492187499932, 68.288476562500023 ], [ -106.404394531249977, 68.319335937500114 ], [ -106.271240234374943, 68.383203124999966 ], [ -106.132128906249932, 68.389892578125114 ], [ -106.039306640624943, 68.407324218750091 ], [ -105.933056640624955, 68.443115234375114 ], [ -105.85693359375, 68.475146484375045 ], [ -105.781201171874955, 68.526562500000068 ], [ -105.750195312500011, 68.592285156250114 ], [ -105.774316406249966, 68.611132812500045 ], [ -105.932226562499977, 68.636523437500102 ], [ -106.027148437499989, 68.623339843750045 ], [ -106.237304687499943, 68.576562500000136 ], [ -106.458056640624989, 68.516455078124977 ], [ -106.543310546874977, 68.460595703125136 ], [ -106.566650390625, 68.388964843750102 ], [ -106.60849609374992, 68.357373046875068 ], [ -106.780419921875023, 68.387304687500091 ], [ -106.853710937499955, 68.386816406250034 ], [ -106.94580078125, 68.374365234374977 ], [ -107.043310546874977, 68.346826171875023 ], [ -107.146191406249955, 68.304199218750057 ], [ -107.298144531249989, 68.296435546875045 ], [ -107.499121093749977, 68.323535156250102 ], [ -107.619335937499955, 68.3310546875 ], [ -107.741503906249989, 68.285742187500034 ], [ -107.73422851562492, 68.252050781250091 ], [ -107.677636718750023, 68.202929687500045 ], [ -107.734179687499932, 68.173730468750136 ], [ -108.02719726562492, 68.162939453125034 ], [ -108.104589843749977, 68.169287109375091 ], [ -108.261035156249989, 68.149902343750057 ], [ -108.322802734374932, 68.154101562500045 ], [ -108.367919921875, 68.177539062499989 ], [ -108.686572265624989, 68.277343750000114 ], [ -108.71811523437492, 68.297460937500091 ], [ -108.640917968749989, 68.378515625000091 ], [ -108.345751953124989, 68.597802734375023 ], [ -108.3134765625, 68.610791015625011 ], [ -107.766357421875, 68.648925781250114 ], [ -107.435937500000023, 68.68886718750008 ], [ -106.830664062499977, 68.809472656250136 ], [ -106.713476562499977, 68.819482421875023 ], [ -106.324267578124932, 68.899462890624989 ], [ -106.164453124999966, 68.919873046875068 ], [ -106.015673828124932, 68.906054687500102 ], [ -105.797949218749977, 68.864794921875045 ], [ -105.685595703124932, 68.828173828125045 ], [ -105.606054687499977, 68.782421875000125 ], [ -105.539843749999989, 68.718652343750136 ], [ -105.456933593749966, 68.578076171875068 ], [ -105.428613281249966, 68.458251953125 ], [ -105.377441406249943, 68.413818359375 ], [ -105.194970703124966, 68.330371093750045 ], [ -105.101318359375, 68.297998046875023 ], [ -105.043603515624966, 68.287890625000102 ], [ -104.993798828125023, 68.307421874999989 ], [ -104.95981445312492, 68.310546875000114 ], [ -104.936718749999955, 68.303027343749989 ], [ -104.911962890624977, 68.250488281250114 ], [ -104.879443359374989, 68.245263671875136 ], [ -104.76962890624992, 68.251757812500045 ], [ -104.65317382812492, 68.230078125000034 ], [ -104.636376953124966, 68.213916015624932 ], [ -104.661132812499943, 68.148779296875034 ], [ -104.628173828125, 68.121484375000136 ], [ -104.486816406249943, 68.063183593749955 ], [ -104.350732421875023, 68.041210937500125 ], [ -104.193554687499955, 68.031201171875011 ], [ -103.901562500000011, 68.041064453125102 ], [ -103.657226562499943, 68.069091796875114 ], [ -103.474121093749943, 68.115039062500045 ], [ -103.323242187499943, 68.063818359375091 ], [ -103.021777343749989, 67.940234374999989 ], [ -102.841552734374943, 67.852734375000068 ], [ -102.691992187499977, 67.811572265625045 ], [ -102.389111328125011, 67.762207031250114 ], [ -102.320361328124932, 67.735644531250045 ], [ -102.209765624999932, 67.732714843749989 ], [ -102.057226562499977, 67.75332031250008 ], [ -101.88364257812492, 67.745312500000068 ], [ -101.688867187499966, 67.708642578125023 ], [ -101.554980468749932, 67.693164062500102 ], [ -101.096386718749955, 67.762353515625136 ], [ -101.026416015624932, 67.765673828125102 ], [ -100.855615234375023, 67.798974609375136 ], [ -100.74560546875, 67.809082031250057 ], [ -100.616113281250023, 67.80825195312508 ], [ -100.519628906249977, 67.818408203125045 ], [ -100.456103515624989, 67.839453125000034 ], [ -100.212939453124932, 67.838574218750068 ], [ -99.77294921875, 67.814843750000023 ], [ -99.47226562499992, 67.784082031250136 ], [ -99.29355468749992, 67.745312500000068 ], [ -99.146875, 67.723632812500057 ], [ -99.032177734375011, 67.718847656249977 ], [ -98.920458984374989, 67.725781250000011 ], [ -98.811718750000011, 67.744433593750045 ], [ -98.697265624999943, 67.779736328125125 ], [ -98.452783203124966, 67.797900390625102 ], [ -98.412109374999943, 67.807177734375045 ], [ -98.417138671875023, 67.826464843750045 ], [ -98.467822265624932, 67.855810546875034 ], [ -98.606494140624932, 67.911425781249989 ], [ -98.703564453125011, 67.965722656250023 ], [ -98.722216796874989, 68.000195312500125 ], [ -98.720068359374977, 68.041992187500114 ], [ -98.689843749999966, 68.066113281250068 ], [ -98.631542968750011, 68.072558593750102 ], [ -98.539843749999932, 68.046630859375 ], [ -98.414794921875, 67.988427734375023 ], [ -98.062548828124989, 67.769677734375023 ], [ -97.977636718749977, 67.73862304687492 ], [ -97.930761718749977, 67.710791015624977 ], [ -97.607421875, 67.631054687500068 ], [ -97.45493164062492, 67.616992187500045 ], [ -97.274267578124977, 67.666259765625114 ], [ -97.194433593749977, 67.696923828125136 ], [ -97.155419921875023, 67.72641601562492 ], [ -97.157177734375011, 67.754833984375068 ], [ -97.139843750000011, 67.796240234374977 ], [ -97.15805664062492, 67.821923828125023 ], [ -97.206542968749943, 67.855078125000034 ], [ -97.336132812499955, 67.901367187500057 ], [ -97.546630859374943, 67.960742187500045 ], [ -97.739111328124977, 67.97817382812508 ], [ -97.913330078124943, 67.953564453125011 ], [ -98.110498046874966, 67.903027343750011 ], [ -98.192529296874966, 67.922998046875023 ], [ -98.438378906249966, 68.064697265625114 ], [ -98.500292968749989, 68.117675781250057 ], [ -98.500244140625, 68.132275390625011 ], [ -98.386083984374977, 68.11533203124992 ], [ -98.380859375, 68.13247070312508 ], [ -98.449169921874955, 68.20078124999992 ], [ -98.491259765624989, 68.2236328125 ], [ -98.633007812500011, 68.331152343750034 ], [ -98.65048828124992, 68.363525390625057 ], [ -98.562255859375, 68.370849609375114 ], [ -98.522216796875, 68.383398437500034 ], [ -98.468554687499989, 68.382128906250102 ], [ -98.218554687499989, 68.317431640625102 ], [ -98.090527343750011, 68.346337890625136 ], [ -97.794238281249932, 68.387597656249966 ], [ -97.911035156250023, 68.449511718749989 ], [ -97.938867187500023, 68.510449218749955 ], [ -97.925097656249932, 68.523681640625 ], [ -97.828564453125011, 68.532763671875102 ], [ -97.639550781250023, 68.481982421875045 ], [ -97.548046874999955, 68.474951171875034 ], [ -97.481103515625023, 68.495166015625045 ], [ -97.410351562499955, 68.496533203124955 ], [ -97.335791015624977, 68.479150390624966 ], [ -97.265917968749932, 68.452929687499989 ], [ -97.135986328124943, 68.377978515624989 ], [ -97.07177734375, 68.332861328125034 ], [ -96.999560546874932, 68.264941406250045 ], [ -96.976708984375023, 68.255419921875045 ], [ -96.628173828124943, 68.250292968750102 ], [ -96.430664062499943, 68.310595703125102 ], [ -96.434960937500023, 68.290087890625045 ], [ -96.480224609374943, 68.242822265624966 ], [ -96.725146484374989, 68.061230468750125 ], [ -96.722070312500023, 68.038769531249955 ], [ -96.592187500000023, 68.048437499999977 ], [ -96.531298828124932, 68.063134765625136 ], [ -96.493701171874932, 68.0849609375 ], [ -96.461181640624943, 68.135839843750034 ], [ -96.439355468749966, 68.150878906250057 ], [ -96.075585937500023, 68.236523437500125 ], [ -95.970312499999977, 68.249121093750034 ], [ -96.036035156250023, 68.157763671875045 ], [ -96.171337890624955, 67.83168945312508 ], [ -96.198828124999977, 67.717822265624989 ], [ -96.228466796874955, 67.679199218750114 ], [ -96.371386718749989, 67.553857421875136 ], [ -96.369140624999943, 67.509765625000057 ], [ -96.212841796875011, 67.404296875000057 ], [ -96.185009765625011, 67.375585937500034 ], [ -96.169238281249989, 67.288964843749966 ], [ -96.14145507812492, 67.271826171875034 ], [ -96.012597656249966, 67.270898437500023 ], [ -95.879101562499955, 67.298486328125136 ], [ -95.719921875000011, 67.316796875000136 ], [ -95.695166015624977, 67.298730468750023 ], [ -95.782519531249989, 67.193798828125125 ], [ -95.777685546874977, 67.184619140625045 ], [ -95.626416015625011, 67.211572265625023 ], [ -95.557031249999966, 67.215283203125068 ], [ -95.528710937499966, 67.209179687500068 ], [ -95.415917968750023, 67.155566406249989 ], [ -95.404589843749989, 67.115576171875034 ], [ -95.406982421874943, 67.056103515624955 ], [ -95.418896484375011, 67.013232421874932 ], [ -95.456982421875011, 66.989453125000068 ], [ -95.502246093749989, 66.97988281250008 ], [ -95.559375, 66.972753906250034 ], [ -95.610644531249989, 66.97568359374992 ], [ -95.76865234374992, 66.96669921875008 ], [ -95.86181640625, 66.97817382812508 ], [ -95.954052734375011, 67.010888671875023 ], [ -96.019531249999943, 67.01875 ], [ -96.095458984375, 66.993554687500023 ], [ -96.215576171875, 66.997705078124966 ], [ -96.350439453124977, 67.070019531249955 ], [ -96.404248046875011, 67.063232421875 ], [ -96.422558593750011, 67.0517578125 ], [ -96.420263671874977, 67.036181640624989 ], [ -96.359521484375023, 66.98940429687508 ], [ -95.885302734374989, 66.741357421874966 ], [ -95.813281249999932, 66.690136718750011 ], [ -95.79736328125, 66.616552734374977 ], [ -95.787548828124955, 66.616796875000034 ], [ -95.743164062499943, 66.690429687500114 ], [ -95.772119140625023, 66.726074218750057 ], [ -96.01611328125, 66.870458984374977 ], [ -96.045361328124955, 66.923144531250045 ], [ -96.036865234374943, 66.9375 ], [ -95.972363281250011, 66.952246093749977 ], [ -95.625048828124989, 66.916259765625114 ], [ -95.490380859374966, 66.924121093750102 ], [ -95.399658203125, 66.949462890625114 ], [ -95.35410156249992, 66.980712890625057 ], [ -95.321093749999932, 67.15249023437508 ], [ -95.258740234374955, 67.26254882812492 ], [ -95.295605468750011, 67.361035156250125 ], [ -95.389550781249966, 67.517822265625057 ], [ -95.46337890625, 67.610205078125091 ], [ -95.633691406249966, 67.703857421874943 ], [ -95.65048828124992, 67.73745117187508 ], [ -95.460693359375, 68.021386718749966 ], [ -95.426513671874943, 68.045263671875034 ], [ -95.384082031249989, 68.055566406250023 ], [ -95.23471679687492, 68.059716796874966 ], [ -95.125878906249966, 68.083300781249989 ], [ -94.955224609375023, 68.05029296875 ], [ -94.861035156250011, 68.041650390625023 ], [ -94.744433593749989, 68.070898437499977 ], [ -94.485302734374955, 68.19008789062508 ], [ -94.383837890624989, 68.227001953125125 ], [ -94.254785156249966, 68.296826171874955 ], [ -94.098144531249943, 68.399414062500114 ], [ -93.927734374999943, 68.473828124999955 ], [ -93.65170898437492, 68.54311523437508 ], [ -93.48300781249992, 68.598876953125057 ], [ -93.448925781250011, 68.618896484375057 ], [ -93.60581054687492, 68.623681640625136 ], [ -93.643945312499966, 68.633105468750102 ], [ -93.676171875000023, 68.685986328125011 ], [ -93.659863281250011, 68.783740234375045 ], [ -93.662792968749955, 68.838183593749932 ], [ -93.681445312499932, 68.887255859374989 ], [ -93.715771484375011, 68.931054687500023 ], [ -93.765722656249977, 68.969580078125091 ], [ -93.811328124999932, 68.99267578125 ], [ -93.852441406249966, 69.00034179687492 ], [ -93.880712890624977, 68.996826171875114 ], [ -93.896093749999977, 68.982177734375 ], [ -93.93808593749992, 68.889062500000023 ], [ -93.991552734374977, 68.820605468750102 ], [ -94.064892578125011, 68.784765625000091 ], [ -94.216943359374966, 68.760546875000102 ], [ -94.478320312499932, 68.742773437500034 ], [ -94.58676757812492, 68.775537109375136 ], [ -94.600439453124977, 68.803222656250114 ], [ -94.562548828124989, 68.911669921874989 ], [ -94.475634765624932, 68.95815429687508 ], [ -94.236621093749989, 69.049755859375068 ], [ -94.083642578125023, 69.123095703125102 ], [ -94.08115234374992, 69.135839843750034 ], [ -94.221826171875023, 69.136376953125136 ], [ -94.25537109375, 69.151464843749977 ], [ -94.284960937499989, 69.24160156250008 ], [ -94.276757812500023, 69.275244140624977 ], [ -94.254736328124977, 69.313769531250045 ], [ -94.156347656249977, 69.341748046875068 ], [ -93.854394531250023, 69.376367187499966 ], [ -93.61948242187492, 69.416992187500114 ], [ -93.612646484374977, 69.402832031250057 ], [ -93.800976562499955, 69.28090820312508 ], [ -93.820458984375023, 69.252636718750011 ], [ -93.748535156249943, 69.226123046875102 ], [ -93.56748046874992, 69.296875 ], [ -93.450585937500023, 69.355175781250125 ], [ -93.430957031249989, 69.375048828125102 ], [ -93.537060546875011, 69.382324218749943 ], [ -93.542871093749966, 69.406445312500068 ], [ -93.522412109374955, 69.450683593750057 ], [ -93.532275390624932, 69.480908203124955 ], [ -93.649804687500023, 69.519042968750114 ], [ -93.794384765624955, 69.497851562500045 ], [ -93.915087890624932, 69.457666015625023 ], [ -94.015283203125023, 69.446728515625125 ], [ -94.163183593749977, 69.445947265625136 ], [ -94.270800781249932, 69.455126953125045 ], [ -94.338134765625, 69.474267578125023 ], [ -94.419189453125, 69.517041015625068 ], [ -94.513916015625, 69.583447265625068 ], [ -94.633837890624989, 69.649658203125057 ], [ -94.676269531249943, 69.656884765625136 ], [ -94.712695312499989, 69.6494140625 ], [ -94.789257812499955, 69.585449218750114 ], [ -94.822509765625, 69.577783203124966 ], [ -95.292089843749977, 69.667382812500136 ], [ -95.491259765624989, 69.717626953125034 ], [ -95.587597656249955, 69.755712890624977 ], [ -95.707421874999966, 69.778222656250136 ], [ -95.85068359374992, 69.785107421875125 ], [ -95.96494140624992, 69.802783203124989 ], [ -96.050146484374977, 69.831152343750091 ], [ -96.119091796875011, 69.871875 ], [ -96.171777343749966, 69.924951171875023 ], [ -96.269384765624977, 69.991796874999977 ], [ -96.492382812500011, 70.12490234375008 ], [ -96.551367187499977, 70.210302734375091 ], [ -96.559570312499943, 70.243017578124977 ], [ -96.545605468750011, 70.327246093750091 ], [ -96.336572265624966, 70.470166015625068 ], [ -96.297705078124977, 70.511376953125136 ], [ -96.22641601562492, 70.541699218750068 ], [ -96.122753906250011, 70.561230468749955 ], [ -96.048144531249932, 70.567089843750125 ], [ -95.878613281250011, 70.548974609375136 ], [ -95.980175781250011, 70.593212890625068 ], [ -95.988183593749966, 70.616845703125136 ], [ -95.88632812499992, 70.694287109375068 ], [ -95.906396484375023, 70.697753906250057 ], [ -96.186425781250023, 70.638281250000034 ], [ -96.258007812499955, 70.642285156250125 ], [ -96.35888671875, 70.678662109375068 ], [ -96.548925781249977, 70.808740234375136 ], [ -96.551074218749989, 70.889746093750091 ], [ -96.491308593749977, 71.002343750000136 ], [ -96.470410156249955, 71.069726562500023 ], [ -96.52475585937492, 71.127050781249977 ], [ -96.504443359374989, 71.143164062500034 ], [ -96.445458984374966, 71.159228515625102 ], [ -96.420751953124977, 71.176464843750068 ], [ -96.446582031249989, 71.239892578125023 ], [ -96.405664062500023, 71.273632812499955 ], [ -96.27133789062492, 71.339111328125 ], [ -96.1396484375, 71.396386718750136 ], [ -96.06201171875, 71.413867187499932 ], [ -95.994433593749989, 71.41064453125 ], [ -95.924072265624943, 71.39306640625 ], [ -95.850878906249989, 71.361083984375057 ], [ -95.725390624999989, 71.328173828125102 ], [ -95.632568359375, 71.318798828125125 ], [ -95.564257812499932, 71.336767578125034 ], [ -95.447509765624943, 71.46005859374992 ], [ -95.40625, 71.491650390625011 ], [ -95.445410156249977, 71.505371093750114 ], [ -95.674218750000023, 71.504052734375023 ], [ -95.773388671875011, 71.514257812499977 ], [ -95.830371093749989, 71.526074218750068 ], [ -95.872314453125, 71.57314453125008 ], [ -95.837744140624977, 71.598242187500034 ], [ -95.615917968749955, 71.685400390625034 ], [ -95.511669921874955, 71.776806640625011 ], [ -95.201220703124932, 71.90371093750008 ], [ -94.886962890625, 71.96337890625 ], [ -94.73486328125, 71.982958984375045 ], [ -94.611132812499989, 71.986865234374989 ], [ -94.557080078125011, 71.978955078125125 ], [ -94.491064453124977, 71.91552734375 ], [ -94.478808593749932, 71.848583984375068 ], [ -94.308349609374943, 71.764892578125057 ], [ -94.17124023437492, 71.758447265624966 ], [ -94.085986328124932, 71.77114257812508 ], [ -93.810205078124966, 71.766259765625136 ], [ -93.746289062500011, 71.742822265625023 ], [ -93.750878906249966, 71.716650390624977 ], [ -93.781640625000023, 71.674316406250057 ], [ -93.762841796875023, 71.638037109374977 ], [ -93.575878906249955, 71.568701171875034 ], [ -93.407470703125, 71.520703125000068 ], [ -93.256347656249943, 71.46083984375008 ], [ -93.031298828124932, 71.335693359375 ], [ -92.982568359375023, 71.300341796875102 ], [ -92.948681640624955, 71.262109375000136 ], [ -92.890185546874989, 71.122363281250045 ], [ -92.882714843750023, 71.069335937500114 ], [ -92.904199218749966, 70.916064453124989 ], [ -92.921972656249977, 70.88710937500008 ], [ -92.9814453125, 70.852246093750125 ], [ -92.960888671874955, 70.838134765625057 ], [ -92.783007812499989, 70.798144531250102 ], [ -92.641699218749977, 70.718798828125102 ], [ -92.56748046874992, 70.693212890625034 ], [ -92.388476562499989, 70.650439453125045 ], [ -92.355810546874977, 70.634277343750114 ], [ -92.315380859375011, 70.607519531249977 ], [ -92.214453124999977, 70.492919921875114 ], [ -92.049121093749932, 70.3896484375 ], [ -92.03720703124992, 70.367382812500068 ], [ -92.07260742187492, 70.318750000000136 ], [ -92.047363281249943, 70.303320312500034 ], [ -91.983544921875023, 70.285546875000136 ], [ -91.926220703124955, 70.294775390625034 ], [ -91.875537109374932, 70.331152343749977 ], [ -91.820410156249977, 70.341650390624977 ], [ -91.76083984374992, 70.326269531250091 ], [ -91.715625, 70.29921875000008 ], [ -91.654052734375, 70.232958984375045 ], [ -91.564062499999977, 70.178271484375102 ], [ -91.57163085937492, 70.161572265625068 ], [ -91.616113281250023, 70.147851562500136 ], [ -91.858593750000011, 70.132666015625034 ], [ -91.99497070312492, 70.14321289062508 ], [ -92.121044921875011, 70.169921875 ], [ -92.208642578125023, 70.197509765625114 ], [ -92.290332031249989, 70.239843750000034 ], [ -92.320507812500011, 70.2353515625 ], [ -92.36328125, 70.20083007812508 ], [ -92.454687499999977, 70.150439453124932 ], [ -92.511865234374966, 70.103857421875034 ], [ -92.445751953125011, 70.08315429687508 ], [ -92.127001953124989, 70.084521484375045 ], [ -92.05771484374992, 70.071435546875023 ], [ -91.976708984375023, 70.038671875000091 ], [ -92.069042968750011, 69.983984374999977 ], [ -92.284765624999977, 69.892138671875102 ], [ -92.750927734375011, 69.713916015624989 ], [ -92.88779296874992, 69.668212890625114 ], [ -92.854541015624989, 69.654882812500091 ], [ -92.802636718749966, 69.651464843750091 ], [ -92.642822265625, 69.659277343750091 ], [ -92.493457031249989, 69.683203124999977 ], [ -92.311669921874966, 69.672900390624989 ], [ -92.230761718749989, 69.653369140625102 ], [ -92.25830078125, 69.634326171874989 ], [ -92.20908203124992, 69.603320312500045 ], [ -91.911962890624977, 69.531250000000114 ], [ -91.72412109375, 69.545605468750011 ], [ -91.532373046875023, 69.615039062500102 ], [ -91.384228515625011, 69.649462890625045 ], [ -91.201806640624966, 69.644775390624943 ], [ -91.15087890625, 69.637158203125011 ], [ -91.170312499999966, 69.620312500000125 ], [ -91.305029296874977, 69.581298828125 ], [ -91.42685546874992, 69.537939453125034 ], [ -91.43994140625, 69.525683593750045 ], [ -91.288134765624989, 69.543212890625057 ], [ -90.9501953125, 69.515478515625091 ], [ -90.785742187499977, 69.508593750000102 ], [ -90.666650390625023, 69.51552734375008 ], [ -90.554931640625, 69.504492187499977 ], [ -90.450537109374977, 69.475439453125091 ], [ -90.415576171874932, 69.456982421875068 ], [ -90.513281249999977, 69.445117187499989 ], [ -90.60556640624992, 69.4453125 ], [ -90.683984375000023, 69.427734375 ], [ -90.74853515625, 69.39248046875008 ], [ -90.794580078124966, 69.346728515624989 ], [ -90.822119140624977, 69.290478515625068 ], [ -90.892285156250011, 69.267285156249955 ], [ -91.00498046874992, 69.277099609375 ], [ -91.049218749999966, 69.293017578125045 ], [ -91.024853515625011, 69.315234374999989 ], [ -91.057763671875023, 69.318408203125102 ], [ -91.147851562500023, 69.302587890625034 ], [ -91.217968750000011, 69.302099609374977 ], [ -91.237207031250023, 69.285546875000136 ], [ -90.744775390624966, 69.105908203125125 ], [ -90.587304687500023, 68.946875 ], [ -90.47900390625, 68.881152343749989 ], [ -90.468359374999977, 68.86376953125 ], [ -90.538964843750023, 68.819580078125057 ], [ -90.542529296874989, 68.785986328124977 ], [ -90.510156250000023, 68.68886718750008 ], [ -90.525244140624977, 68.611279296875068 ], [ -90.573632812500023, 68.474707031249977 ], [ -90.5283203125, 68.432226562500034 ], [ -90.423046874999955, 68.394726562500011 ], [ -90.360058593750011, 68.346728515624989 ], [ -90.317236328124977, 68.330322265625057 ], [ -90.285253906249977, 68.291650390624966 ], [ -90.247753906249955, 68.267431640625034 ], [ -90.204785156250011, 68.257470703125136 ], [ -90.17441406249992, 68.270214843750068 ], [ -90.156835937499977, 68.305517578124977 ], [ -90.116406250000011, 68.338574218750125 ], [ -90.005322265624955, 68.398046874999977 ], [ -89.897705078124943, 68.490771484375045 ], [ -89.879492187499977, 68.521533203125102 ], [ -89.896582031249977, 68.594384765625023 ], [ -89.884228515624955, 68.625585937499977 ], [ -89.783105468749966, 68.735937500000091 ], [ -89.750830078124977, 68.812451171875011 ], [ -89.720166015625011, 68.931591796874955 ], [ -89.666601562499977, 69.014599609375011 ], [ -89.552001953124943, 69.084912109375125 ], [ -89.351904296874977, 69.227001953125125 ], [ -89.279541015624943, 69.255468750000034 ], [ -89.198486328125, 69.269482421875068 ], [ -89.056738281249977, 69.266113281250114 ], [ -88.953515624999966, 69.220410156250011 ], [ -88.81455078124992, 69.135888671875023 ], [ -88.637744140624932, 69.058837890624943 ], [ -88.31552734374992, 68.954443359375034 ], [ -88.223535156250023, 68.9150390625 ], [ -88.041357421874977, 68.811718750000068 ], [ -87.96435546875, 68.709277343749989 ], [ -87.911523437499966, 68.564697265625 ], [ -87.865966796875, 68.477636718750034 ], [ -87.827734374999977, 68.448095703125034 ], [ -87.810302734374943, 68.404150390624977 ], [ -87.81357421874992, 68.345703125 ], [ -87.827929687499989, 68.29995117187508 ], [ -87.853271484375, 68.266894531250102 ], [ -87.892675781249977, 68.248144531249977 ], [ -87.990966796875, 68.242041015624977 ], [ -88.111132812499989, 68.251171875000068 ], [ -88.145800781249989, 68.26601562500008 ], [ -88.20908203124992, 68.33486328125008 ], [ -88.235253906250023, 68.339062500000068 ], [ -88.346972656249932, 68.288281250000011 ], [ -88.36069335937492, 68.259863281250091 ], [ -88.319628906249989, 68.165771484375114 ], [ -88.325097656250023, 67.988769531250114 ], [ -88.313818359374977, 67.95034179687508 ], [ -88.19589843749992, 67.765820312499955 ], [ -87.99716796874992, 67.625683593750011 ], [ -87.499121093749977, 67.355322265625034 ], [ -87.470800781249977, 67.324609375000136 ], [ -87.417919921874955, 67.214160156250045 ], [ -87.391943359374977, 67.191064453125136 ], [ -87.359375, 67.177246093749943 ], [ -87.320263671874955, 67.172851562499943 ], [ -87.266259765624966, 67.183837890625057 ], [ -87.083203124999955, 67.267773437500125 ], [ -86.92392578124992, 67.35625 ], [ -86.812792968749932, 67.402392578124989 ], [ -86.74985351562492, 67.406103515625034 ], [ -86.682031249999966, 67.422314453124955 ], [ -86.609375, 67.45083007812508 ], [ -86.560791015624943, 67.482128906250068 ], [ -86.536425781249989, 67.516162109375102 ], [ -86.50351562499992, 67.649462890625045 ], [ -86.475537109375011, 67.713134765625057 ], [ -86.39804687499992, 67.800097656250045 ], [ -86.369677734374989, 67.824804687500091 ], [ -85.984472656249977, 68.045361328125068 ], [ -85.952587890624955, 68.072460937500068 ], [ -85.788867187499989, 68.328027343750136 ], [ -85.731103515625023, 68.445019531250125 ], [ -85.722802734375023, 68.515478515625091 ], [ -85.744873046875, 68.578271484375136 ], [ -85.733837890624955, 68.630126953125 ], [ -85.689794921874977, 68.670947265624989 ], [ -85.643164062499977, 68.69970703125 ], [ -85.562451171874955, 68.728808593750045 ], [ -85.517773437500011, 68.769824218750045 ], [ -85.491064453124977, 68.773974609374989 ], [ -85.425048828124943, 68.774267578125091 ], [ -85.338085937500011, 68.746289062500068 ], [ -85.275097656249955, 68.741357421875136 ], [ -84.867578124999966, 68.77333984375008 ], [ -84.867480468749932, 68.790380859374977 ], [ -85.106640625000011, 68.844042968750102 ], [ -85.104345703124977, 68.870947265625034 ], [ -85.083398437499966, 68.907910156250125 ], [ -85.008300781249943, 68.94921875 ], [ -84.916064453124989, 68.962255859374977 ], [ -84.895312499999932, 68.988525390625 ], [ -84.892724609375023, 69.020996093750057 ], [ -84.862207031250023, 69.073974609375 ], [ -84.890039062500023, 69.092773437500114 ], [ -85.113525390625, 69.165869140625091 ], [ -85.242626953125011, 69.162744140624966 ], [ -85.27548828124992, 69.172314453125011 ], [ -85.386767578124932, 69.231884765625068 ], [ -85.427539062499989, 69.318408203125102 ], [ -85.431933593749932, 69.353857421875034 ], [ -85.416406249999966, 69.410888671875114 ], [ -85.402246093750023, 69.426757812500114 ], [ -85.4091796875, 69.452490234375034 ], [ -85.437207031250011, 69.488232421875068 ], [ -85.439501953124932, 69.51992187500008 ], [ -85.415966796874955, 69.54775390625008 ], [ -85.430126953125011, 69.580664062500034 ], [ -85.48203124999992, 69.61875 ], [ -85.50244140625, 69.65151367187508 ], [ -85.447900390624966, 69.748144531250034 ], [ -85.446093749999989, 69.777783203125068 ], [ -85.497460937500023, 69.819042968750125 ], [ -85.534814453125023, 69.835058593749977 ], [ -85.507373046874932, 69.845263671874932 ], [ -85.415136718749977, 69.84951171875008 ], [ -85.304980468749989, 69.836132812500068 ], [ -85.176806640624989, 69.805126953125125 ], [ -85.019824218749989, 69.804785156250034 ], [ -84.833984374999943, 69.835058593749977 ], [ -84.64511718749992, 69.849707031249977 ], [ -84.318798828125011, 69.843701171875011 ], [ -84.241650390625011, 69.835009765624989 ], [ -83.917187499999955, 69.745361328125 ], [ -83.665332031249989, 69.699707031249943 ], [ -83.551708984375011, 69.70395507812492 ], [ -82.991357421875023, 69.685888671874977 ], [ -82.745605468749943, 69.695117187500102 ], [ -82.618359374999955, 69.691064453125136 ], [ -82.374169921875023, 69.641796875000068 ], [ -82.39023437499992, 69.600878906250102 ], [ -82.49570312499992, 69.532226562500114 ], [ -82.63330078125, 69.518115234375102 ], [ -82.754833984374955, 69.494384765625057 ], [ -82.642041015624955, 69.458398437500023 ], [ -82.309863281249989, 69.410009765625091 ], [ -82.231835937499966, 69.332568359374932 ], [ -82.208154296874966, 69.297021484374966 ], [ -82.246777343750011, 69.264990234375034 ], [ -82.2275390625, 69.248876953124977 ], [ -82.150537109375023, 69.248876953124977 ], [ -81.951806640624966, 69.276074218750011 ], [ -81.732177734375, 69.258105468750045 ], [ -81.412304687500011, 69.19814453125008 ], [ -81.377832031250023, 69.185644531250034 ], [ -81.321582031249989, 69.138916015625114 ], [ -81.328662109374932, 69.119921874999989 ], [ -81.611425781249977, 69.003027343749977 ], [ -81.758349609374989, 68.956738281250125 ], [ -81.95166015625, 68.909082031250023 ], [ -81.957910156249966, 68.883642578124977 ], [ -81.686914062500023, 68.878955078125102 ], [ -81.476025390625011, 68.865576171875034 ], [ -81.380908203124989, 68.850048828125068 ], [ -81.331298828124943, 68.827978515624977 ], [ -81.263525390624977, 68.78061523437492 ], [ -81.252490234374932, 68.743164062500114 ], [ -81.259130859374977, 68.692431640625102 ], [ -81.281542968749932, 68.657226562500057 ], [ -81.52685546875, 68.555957031249989 ], [ -81.63950195312492, 68.524365234375125 ], [ -81.83139648437492, 68.486865234374989 ], [ -81.914843749999989, 68.458789062500102 ], [ -82.006494140625023, 68.462646484375 ], [ -82.106347656250023, 68.498535156250057 ], [ -82.210156250000011, 68.50625 ], [ -82.397216796875, 68.477587890625045 ], [ -82.498730468750011, 68.478613281250034 ], [ -82.548632812499932, 68.468603515624977 ], [ -82.552685546875011, 68.446484375000068 ], [ -82.464160156249989, 68.382421874999977 ], [ -82.412988281250023, 68.357177734375 ], [ -82.392871093749932, 68.338330078125068 ], [ -82.4306640625, 68.306591796875011 ], [ -82.422705078124977, 68.296582031250125 ], [ -82.392529296874955, 68.285253906250091 ], [ -82.222412109374943, 68.145263671875 ], [ -82.186572265624989, 68.13442382812508 ], [ -82.151318359375011, 68.139697265625102 ], [ -82.07763671875, 68.179687500000114 ], [ -82.033886718750011, 68.195947265625023 ], [ -82.0125, 68.193896484374989 ], [ -82.013378906249955, 68.173388671875045 ], [ -82.091894531249977, 68.051464843750068 ], [ -82.10214843749992, 68.018896484375034 ], [ -82.100488281249966, 67.989843749999977 ], [ -82.062548828124989, 67.928173828125011 ], [ -81.976464843750023, 67.862011718750011 ], [ -81.869335937499955, 67.802490234375 ], [ -81.708593749999977, 67.722363281250011 ], [ -81.492773437499977, 67.636914062500011 ], [ -81.412304687500011, 67.59536132812508 ], [ -81.294335937500023, 67.497412109374977 ], [ -81.270117187499977, 67.459912109375011 ], [ -81.301074218749989, 67.356982421874989 ], [ -81.387207031249943, 67.188574218749977 ], [ -81.442724609374977, 67.092871093750034 ], [ -81.467578124999989, 67.069873046875102 ], [ -81.630078124999955, 67.002001953124989 ], [ -81.722363281250011, 66.986083984375114 ], [ -81.874462890625011, 66.987939453125136 ], [ -81.925537109374943, 66.974707031250091 ], [ -82.005078124999955, 66.920410156250057 ], [ -82.113183593749966, 66.825097656249966 ], [ -82.19833984374992, 66.764648437500114 ], [ -82.260546874999989, 66.739111328125034 ], [ -82.374755859375, 66.709423828125068 ], [ -82.553662109375011, 66.621386718750045 ], [ -82.641503906249966, 66.5875 ], [ -82.948876953124966, 66.550830078125045 ], [ -83.198779296874989, 66.431494140625091 ], [ -83.298388671874932, 66.392138671875045 ], [ -83.406445312500011, 66.37124023437508 ], [ -83.523095703124966, 66.36875 ], [ -83.590283203125011, 66.38784179687508 ], [ -83.628369140625011, 66.460693359375 ], [ -83.651074218750011, 66.484619140625057 ], [ -83.739208984374955, 66.534375 ], [ -83.920214843749989, 66.679052734375091 ], [ -83.998046875, 66.728515625000057 ], [ -84.05, 66.739501953124943 ], [ -84.154443359374966, 66.731689453124943 ], [ -84.2080078125, 66.736328125 ], [ -84.324365234374966, 66.781787109375045 ], [ -84.366259765624989, 66.811132812499977 ], [ -84.361083984375, 66.822558593749989 ], [ -84.272558593749977, 66.839208984375034 ], [ -84.310351562499932, 66.862744140625011 ], [ -84.466064453124943, 66.927441406250068 ], [ -84.530664062499966, 66.961328125000023 ], [ -84.538476562499966, 66.97280273437508 ], [ -84.692578125000011, 67.016601562500114 ], [ -84.845751953124989, 67.02871093750008 ], [ -85.0400390625, 66.9560546875 ], [ -85.113720703125011, 66.906933593750125 ], [ -85.111279296874955, 66.890917968750102 ], [ -85.018261718750011, 66.872070312499943 ], [ -84.977978515625011, 66.88125 ], [ -84.899023437499977, 66.926562500000045 ], [ -84.857373046875011, 66.940673828125114 ], [ -84.737744140625011, 66.933593750000057 ], [ -84.638574218750023, 66.902343750000114 ], [ -84.6025390625, 66.87514648437508 ], [ -84.589501953124966, 66.856640625000011 ], [ -84.31894531249992, 66.711816406250023 ], [ -84.223046875000023, 66.682470703125091 ], [ -84.183105468749943, 66.647851562500136 ], [ -84.152734375000023, 66.59023437500008 ], [ -84.09423828125, 66.526220703125034 ], [ -83.964208984374977, 66.420556640625023 ], [ -83.825830078125023, 66.289990234375068 ], [ -83.797558593750011, 66.238476562500011 ], [ -83.869042968750023, 66.213574218750125 ], [ -83.905078124999989, 66.211767578125091 ], [ -84.011669921874955, 66.231201171874943 ], [ -84.293066406249977, 66.291796875000045 ], [ -84.324267578124932, 66.290673828125023 ], [ -84.398437499999943, 66.258740234375068 ], [ -84.459375, 66.186230468750068 ], [ -84.478417968750023, 66.179296875000034 ], [ -84.628076171875023, 66.207714843749955 ], [ -84.908398437500011, 66.271337890624977 ], [ -85.09619140625, 66.325341796875136 ], [ -85.191503906249977, 66.369677734375102 ], [ -85.306835937500011, 66.440332031250136 ], [ -85.442236328124977, 66.537353515625 ], [ -85.603857421874977, 66.56826171875008 ], [ -85.791748046874943, 66.532958984375 ], [ -86.063232421875, 66.520361328125091 ], [ -86.633203124999966, 66.531347656250034 ], [ -86.708154296875023, 66.523046875000091 ], [ -86.737109374999989, 66.51088867187508 ], [ -86.688623046874966, 66.457470703125068 ], [ -86.700146484375011, 66.44277343750008 ], [ -86.738378906249977, 66.432861328125 ], [ -86.746972656249966, 66.417089843749977 ], [ -86.685107421874989, 66.360400390624989 ], [ -86.584765624999932, 66.321923828125136 ], [ -86.301025390624943, 66.269921875000023 ], [ -86.113085937499932, 66.225292968750011 ], [ -86.00083007812492, 66.186816406249989 ], [ -85.964257812500023, 66.154443359375136 ], [ -85.958740234374943, 66.119042968750023 ], [ -86.012255859374932, 66.048486328125023 ], [ -86.042871093750023, 66.022558593750091 ], [ -86.701953124999932, 65.670556640625136 ], [ -86.953173828124932, 65.528271484375125 ], [ -87.081103515624989, 65.44082031250008 ], [ -87.193798828124955, 65.383056640625 ], [ -87.291455078124955, 65.354833984374977 ], [ -87.452880859375, 65.338964843750091 ], [ -87.678125, 65.33535156250008 ], [ -87.969970703125, 65.348925781249989 ], [ -88.120996093750023, 65.394580078125045 ], [ -88.39487304687492, 65.516210937499977 ], [ -88.586718749999932, 65.587646484375114 ], [ -88.67246093749992, 65.611572265625057 ], [ -88.743945312499989, 65.678759765625045 ], [ -88.808496093750023, 65.691650390625 ], [ -88.946142578124977, 65.703027343750023 ], [ -89.087744140624977, 65.738964843750068 ], [ -89.420361328124955, 65.860791015625011 ], [ -89.592675781249966, 65.909326171875136 ], [ -89.749414062500023, 65.936035156250057 ], [ -89.890478515624977, 65.940820312500136 ], [ -89.943994140624966, 65.933593750000114 ], [ -89.847753906249977, 65.872265625000011 ], [ -89.889697265624932, 65.868554687499966 ], [ -90.003808593749966, 65.882568359375 ], [ -90.116601562499966, 65.882421874999977 ], [ -90.316259765624977, 65.926367187500034 ], [ -90.513281249999977, 65.920507812500091 ], [ -90.655468749999955, 65.929345703125136 ], [ -90.825732421874932, 65.953857421875114 ], [ -91.009521484375, 65.96572265625008 ], [ -91.305468749999989, 65.964550781250011 ], [ -91.411523437499966, 65.959375 ], [ -91.42724609375, 65.947900390624966 ], [ -91.28515625, 65.89443359375008 ], [ -91.04111328124992, 65.829833984375114 ], [ -91.073632812499966, 65.885546875000045 ], [ -91.06494140625, 65.89990234375 ], [ -90.983447265624989, 65.919238281249989 ], [ -90.596826171875023, 65.884814453125102 ], [ -90.158642578125011, 65.812695312499955 ], [ -90.047558593750011, 65.805615234375125 ], [ -89.924072265625, 65.780273437500114 ], [ -89.787988281249966, 65.736718750000136 ], [ -89.600390624999989, 65.647753906250102 ], [ -89.241748046874989, 65.446386718749977 ], [ -89.126562499999977, 65.395605468750091 ], [ -88.974023437499966, 65.348291015625023 ], [ -88.197802734374932, 65.279882812499977 ], [ -87.92954101562492, 65.280322265625045 ], [ -87.391943359374977, 65.260546875000102 ], [ -87.108007812499977, 65.224804687500125 ], [ -87.027539062500011, 65.198095703124977 ], [ -87.002685546875, 65.108593750000068 ], [ -87.028515625000011, 65.063623046875136 ], [ -87.182910156249932, 64.926806640624989 ], [ -87.280517578124943, 64.826171875000057 ], [ -87.885009765625, 64.400439453125045 ], [ -87.963574218750011, 64.302490234374943 ], [ -87.99755859375, 64.243945312500102 ], [ -88.105615234374966, 64.183300781250011 ], [ -88.378955078124989, 64.089257812500023 ], [ -88.653027343749955, 64.009375 ], [ -88.81772460937492, 63.992236328124989 ], [ -88.964404296874989, 64.011230468749943 ], [ -89.059619140624932, 64.034423828125057 ], [ -89.200634765624955, 64.113769531250057 ], [ -89.209423828124955, 64.105419921875125 ], [ -89.107666015624943, 63.981103515625023 ], [ -89.131542968750011, 63.968505859374943 ], [ -89.214550781249955, 63.984130859375114 ], [ -89.403515625000011, 64.039990234375125 ], [ -89.464746093750023, 64.029687499999966 ], [ -89.500927734374955, 64.014501953125091 ], [ -89.551318359374989, 64.014794921875136 ], [ -89.615820312499977, 64.030615234374977 ], [ -89.732714843749989, 64.076953125000045 ], [ -89.763818359375023, 64.099511718750023 ], [ -89.79208984374992, 64.168261718749989 ], [ -89.811328124999932, 64.180566406250023 ], [ -90.041650390624966, 64.140869140625057 ], [ -90.080029296874955, 64.127734375000045 ], [ -89.985595703125, 64.100195312499977 ], [ -89.953564453124955, 64.080615234375045 ], [ -89.860595703124943, 63.978808593750102 ], [ -89.855712890625, 63.956982421875125 ], [ -89.921875, 63.943554687500011 ], [ -90.141894531249989, 63.981982421875045 ], [ -90.168164062500011, 63.978759765625114 ], [ -90.059619140624989, 63.877490234375045 ], [ -90.017968750000023, 63.829345703125057 ], [ -90.013427734375, 63.804296875000091 ], [ -90.154736328125011, 63.689648437500011 ], [ -90.245312500000011, 63.641894531250045 ], [ -90.368847656250011, 63.624414062500023 ], [ -90.446240234374955, 63.636181640625125 ], [ -90.533496093749989, 63.665429687500023 ], [ -90.596386718750011, 63.66127929687508 ], [ -90.635009765625, 63.623779296875057 ], [ -90.706835937499932, 63.596923828125114 ], [ -90.811914062499966, 63.580908203125034 ], [ -90.94565429687492, 63.587841796875011 ], [ -91.108056640624966, 63.61782226562508 ], [ -91.538818359375, 63.725585937500057 ], [ -91.674658203124977, 63.742236328125045 ], [ -91.926025390625, 63.757080078125057 ], [ -91.956005859374955, 63.772314453124977 ], [ -91.953808593749955, 63.786816406250068 ], [ -91.91943359375, 63.800585937500045 ], [ -91.928906249999955, 63.812451171875125 ], [ -91.982226562499989, 63.822412109375023 ], [ -92.03759765625, 63.813037109375102 ], [ -92.094873046875023, 63.784423828125114 ], [ -92.195214843750023, 63.775976562499977 ], [ -92.338427734374989, 63.787646484375045 ], [ -92.550097656249932, 63.829541015625068 ], [ -92.97021484375, 63.93764648437508 ], [ -93.4296875, 64.02880859375 ], [ -93.696337890624989, 64.147167968750125 ], [ -93.596728515624932, 64.040576171875102 ], [ -93.604882812499966, 64.004492187500034 ], [ -93.655810546874989, 63.972802734375136 ], [ -93.664160156249977, 63.941406250000114 ], [ -93.559814453124943, 63.865283203125045 ], [ -93.415576171874989, 63.837988281250034 ], [ -93.270214843750011, 63.840869140625045 ], [ -93.26621093749992, 63.853320312500102 ], [ -93.326855468750011, 63.872265625000068 ], [ -93.380273437499966, 63.900048828125023 ], [ -93.40585937499992, 63.941210937500102 ], [ -93.378515624999977, 63.948486328124943 ], [ -93.250439453125011, 63.926904296875023 ], [ -93.165917968750023, 63.901757812500023 ], [ -92.529248046874955, 63.76123046875 ], [ -92.339208984374977, 63.734912109374989 ], [ -92.196484374999955, 63.707812499999989 ], [ -92.156884765624966, 63.691699218750045 ], [ -92.205029296875011, 63.656787109375045 ], [ -92.46103515624992, 63.569433593750034 ], [ -92.465087890624943, 63.555078125000136 ], [ -92.28955078125, 63.562988281250114 ], [ -92.076611328124955, 63.639990234374977 ], [ -91.956835937499989, 63.675634765624977 ], [ -91.841845703124989, 63.697558593749989 ], [ -91.686035156249943, 63.659716796875102 ], [ -91.489306640624932, 63.562207031250125 ], [ -91.330078125, 63.506835937500057 ], [ -91.103076171874932, 63.475878906249989 ], [ -90.97006835937492, 63.442773437500136 ], [ -90.746582031249943, 63.351562500000057 ], [ -90.711279296874977, 63.304052734374977 ], [ -90.690722656249932, 63.110546875000125 ], [ -90.698583984374977, 63.063867187500023 ], [ -90.72763671874992, 63.017480468750023 ], [ -90.777880859374932, 62.971630859375068 ], [ -90.871191406249977, 62.945947265625023 ], [ -91.007714843749966, 62.940429687500114 ], [ -91.114892578125023, 62.921582031250011 ], [ -91.349462890624977, 62.818896484375045 ], [ -91.448974609375, 62.804052734375034 ], [ -91.869628906249943, 62.834716796875057 ], [ -92.034228515624932, 62.86342773437508 ], [ -92.110058593750011, 62.86171875000008 ], [ -92.152099609374943, 62.839062500000068 ], [ -92.196142578124977, 62.828808593750125 ], [ -92.361279296874955, 62.819384765624989 ], [ -92.388134765625011, 62.80087890624992 ], [ -92.377734374999932, 62.772412109375011 ], [ -92.345263671874989, 62.733837890625125 ], [ -92.30517578125, 62.711669921875057 ], [ -92.243164062499943, 62.683642578125045 ], [ -92.149121093749955, 62.665283203125 ], [ -91.955859374999932, 62.644775390625114 ], [ -91.935839843749932, 62.592382812500091 ], [ -91.94443359374992, 62.575488281250045 ], [ -92.007861328124989, 62.54052734375 ], [ -92.081152343749977, 62.544091796875023 ], [ -92.207226562500011, 62.58535156250008 ], [ -92.26953125, 62.586962890625045 ], [ -92.32407226562492, 62.564599609375136 ], [ -92.4, 62.557226562500034 ], [ -92.497363281249932, 62.564843749999966 ], [ -92.551416015624966, 62.546728515625034 ], [ -92.562207031250011, 62.502880859374955 ], [ -92.594970703124943, 62.470068359375034 ], [ -92.707421875000023, 62.418212890624943 ], [ -92.767968750000023, 62.379980468749977 ], [ -92.765966796874977, 62.349951171875091 ], [ -92.701464843749989, 62.328222656250091 ], [ -92.62744140625, 62.279052734375057 ], [ -92.544042968749977, 62.202294921875023 ], [ -92.527978515624966, 62.168408203125068 ], [ -92.57919921874992, 62.177343750000091 ], [ -92.648095703125023, 62.207763671875057 ], [ -92.734765625000023, 62.259716796875011 ], [ -92.865820312499977, 62.306201171875045 ], [ -93.154443359374966, 62.366845703125136 ], [ -93.205371093749932, 62.364941406250125 ], [ -93.179248046874989, 62.349560546875011 ], [ -92.987792968749943, 62.285937499999989 ], [ -92.914453125000023, 62.244970703125034 ], [ -92.905517578125, 62.215136718749989 ], [ -93.065869140624955, 62.149755859374977 ], [ -93.070263671874955, 62.127832031250136 ], [ -93.027734375000023, 62.108642578125114 ], [ -93.016259765624966, 62.09267578125008 ], [ -93.073388671874966, 62.060546875000114 ], [ -93.167480468749943, 62.033642578125125 ], [ -93.349755859374966, 62.029785156250057 ], [ -93.366357421874966, 62.014550781250136 ], [ -93.296875, 61.981591796875023 ], [ -93.273437499999943, 61.96108398437508 ], [ -93.333056640624932, 61.932910156250045 ], [ -93.372021484374955, 61.928955078125114 ], [ -93.581787109375, 61.942041015625136 ], [ -93.526708984374977, 61.871630859374989 ], [ -93.49423828124992, 61.846923828125114 ], [ -93.429931640624943, 61.81210937499992 ], [ -93.314404296874955, 61.779785156250114 ], [ -93.31201171875, 61.767285156250068 ], [ -93.352343749999989, 61.739550781250102 ], [ -93.420605468750011, 61.705810546875114 ], [ -93.709667968750011, 61.602539062500057 ], [ -93.912744140625023, 61.481445312500057 ], [ -93.940869140624955, 61.443652343749989 ], [ -93.88925781249992, 61.364062499999989 ], [ -93.888818359375023, 61.344042968749989 ], [ -93.94199218749992, 61.30800781250008 ], [ -94.060742187499955, 61.317822265625125 ], [ -94.083447265624955, 61.303662109375068 ], [ -94.055224609374989, 61.266162109375102 ], [ -94.049951171874966, 61.211279296875091 ], [ -94.067773437499966, 61.138867187500068 ], [ -94.154052734374943, 61.025439453125102 ], [ -94.30869140624992, 60.87099609375008 ], [ -94.427197265625011, 60.730712890625057 ], [ -94.509375, 60.604541015624932 ], [ -94.568896484374932, 60.5419921875 ], [ -94.678759765624932, 60.537695312500034 ], [ -94.761718749999943, 60.498242187500125 ], [ -94.705273437500011, 60.4775390625 ], [ -94.670654296874943, 60.453320312500068 ], [ -94.646777343749989, 60.416406249999966 ], [ -94.67041015625, 60.301074218750102 ], [ -94.741601562500023, 60.107373046875068 ], [ -94.785791015624966, 59.953320312499955 ], [ -94.776660156249989, 59.478125 ], [ -94.788281250000011, 59.267871093749932 ], [ -94.819531250000011, 59.151318359375011 ], [ -94.870263671875023, 59.087988281250091 ], [ -94.957324218749989, 59.068847656250057 ], [ -94.846582031250023, 59.050341796875045 ], [ -94.776171874999989, 59.020605468750034 ], [ -94.74375, 58.975439453125034 ], [ -94.713378906249943, 58.903320312500114 ], [ -94.673388671874989, 58.870117187500114 ], [ -94.623730468750011, 58.875732421875 ], [ -94.579199218749977, 58.868457031250102 ], [ -94.539697265625023, 58.848388671875114 ], [ -94.419238281249989, 58.745507812500136 ], [ -94.287060546874955, 58.716015625000125 ], [ -94.280810546874932, 58.658935546875057 ], [ -94.33261718749992, 58.339111328125114 ], [ -94.332226562500011, 58.297363281250114 ], [ -94.272167968749955, 58.378027343750034 ], [ -94.208935546874955, 58.626367187500023 ], [ -94.123193359374966, 58.73671875000008 ], [ -94.05576171874992, 58.760009765625057 ], [ -93.780029296874943, 58.77255859374992 ], [ -93.486181640624977, 58.744482421875091 ], [ -93.375048828124989, 58.741015625000102 ], [ -93.278125, 58.756396484375045 ], [ -93.178759765624932, 58.725634765624989 ], [ -93.154589843749989, 58.694580078125057 ], [ -93.126513671874989, 58.564404296875011 ], [ -93.10019531249992, 58.489843750000091 ], [ -92.925146484374977, 58.224511718750023 ], [ -92.841748046874955, 58.075878906250125 ], [ -92.739843749999977, 57.844042968749932 ], [ -92.70166015625, 57.777783203125125 ], [ -92.489648437499966, 57.468603515625034 ], [ -92.449414062499955, 57.384863281250034 ], [ -92.432812499999955, 57.3203125 ], [ -92.439794921874977, 57.275048828125023 ], [ -92.478369140624977, 57.205273437500011 ], [ -92.548486328124966, 57.110937499999977 ], [ -92.61411132812492, 57.039013671875068 ], [ -92.675244140624955, 56.989550781249932 ], [ -92.737988281249955, 56.952636718750057 ], [ -92.802392578125023, 56.928320312500091 ], [ -92.798144531249932, 56.921972656250034 ], [ -92.725292968750011, 56.933544921875068 ], [ -92.650976562499977, 56.958300781249989 ], [ -92.510302734374932, 57.022314453125034 ], [ -92.456298828124943, 57.036718749999977 ], [ -92.303369140624966, 57.045849609375068 ], [ -92.298291015625011, 57.022753906249989 ], [ -92.372119140624932, 56.975146484375045 ], [ -92.355712890624943, 56.970605468750023 ], [ -92.2490234375, 57.008984375000011 ], [ -92.018017578125011, 57.063769531249989 ], [ -91.111279296875011, 57.241210937500057 ], [ -90.8974609375, 57.256933593750091 ], [ -90.592187499999966, 57.224462890625034 ], [ -90.34482421874992, 57.149072265625136 ], [ -90.075195312499943, 57.051904296875023 ], [ -89.790820312499932, 56.98134765625008 ], [ -89.342333984374989, 56.915429687500136 ], [ -89.211572265624966, 56.883837890625102 ], [ -88.948486328124943, 56.851318359375057 ], [ -88.826464843749932, 56.814257812499932 ], [ -88.679882812500011, 56.725048828125068 ], [ -88.447070312499932, 56.608691406249989 ], [ -88.27133789062492, 56.535693359375045 ], [ -88.075097656249966, 56.467285156249943 ], [ -87.878125, 56.341601562500102 ], [ -87.560888671874977, 56.056347656250068 ], [ -87.482421874999943, 56.021289062500045 ], [ -87.286865234375, 55.974658203124989 ], [ -86.919384765625011, 55.91455078125 ], [ -86.376953125, 55.773242187499989 ], [ -86.138671875, 55.717871093750034 ], [ -85.984472656249977, 55.695898437500034 ], [ -85.830517578124955, 55.656933593750068 ], [ -85.676660156250023, 55.601074218750057 ], [ -85.559326171874943, 55.54018554687508 ], [ -85.478466796875011, 55.474267578124966 ], [ -85.407275390624989, 55.431152343750057 ], [ -85.28271484375, 55.383300781250114 ], [ -85.218017578124943, 55.348974609375034 ], [ -85.212011718749977, 55.297460937500034 ], [ -85.362011718749955, 55.095458984375057 ], [ -85.365283203124932, 55.079296875000011 ], [ -85.213574218750011, 55.224365234375057 ], [ -85.128857421875011, 55.266210937500034 ], [ -85.060937500000023, 55.285644531250114 ], [ -84.919921875, 55.283349609374966 ], [ -84.705761718749955, 55.259228515625068 ], [ -84.517968749999966, 55.258886718749977 ], [ -84.356494140624932, 55.282519531249989 ], [ -84.218945312500011, 55.293115234375023 ], [ -84.105371093750023, 55.290820312500102 ], [ -84.022998046874932, 55.297802734375068 ], [ -83.971777343749977, 55.314160156250068 ], [ -83.910595703124955, 55.314648437499955 ], [ -83.667675781250011, 55.264501953125034 ], [ -83.569482421875023, 55.261816406250034 ], [ -83.214355468749943, 55.214599609375 ], [ -82.986279296874955, 55.231396484375068 ], [ -82.947021484374943, 55.222216796874989 ], [ -82.867773437499977, 55.160693359375045 ], [ -82.800683593749966, 55.155908203125136 ], [ -82.6875, 55.165527343749943 ], [ -82.577441406249989, 55.148730468750102 ], [ -82.393261718750011, 55.067822265625125 ], [ -82.308251953125023, 54.998144531249977 ], [ -82.226611328124989, 54.855908203125125 ], [ -82.219384765625023, 54.8134765625 ], [ -82.37060546875, 54.483496093750091 ], [ -82.41806640624992, 54.355810546875034 ], [ -82.42416992187492, 54.244580078125125 ], [ -82.39414062499992, 54.180468749999989 ], [ -82.263574218749966, 54.072998046874943 ], [ -82.239892578125023, 54.04482421875008 ], [ -82.162646484374932, 53.885693359375011 ], [ -82.141455078124977, 53.817626953125 ], [ -82.15, 53.739550781250045 ], [ -82.190625, 53.610937499999977 ], [ -82.180371093750011, 53.51284179687508 ], [ -82.146191406249955, 53.364599609375091 ], [ -82.1591796875, 53.264160156250057 ], [ -82.21923828125, 53.211474609374932 ], [ -82.259912109375023, 53.15981445312508 ], [ -82.291601562499977, 53.066113281250011 ], [ -82.291552734374989, 53.030712890625068 ], [ -82.260449218749955, 52.961132812500125 ], [ -82.202685546874989, 52.921679687500045 ], [ -82.107958984374989, 52.877392578125125 ], [ -82.02001953125, 52.811621093750034 ], [ -81.859277343750023, 52.651416015625102 ], [ -81.742333984375023, 52.563623046875136 ], [ -81.599414062499932, 52.432617187500114 ], [ -81.571679687499966, 52.367285156250091 ], [ -81.611523437500011, 52.324072265624977 ], [ -81.66123046874992, 52.293896484375068 ], [ -81.7763671875, 52.253613281250011 ], [ -81.827880859374943, 52.224218750000091 ], [ -81.814550781249977, 52.21718750000008 ], [ -81.647998046874989, 52.239062500000102 ], [ -81.549511718749955, 52.236767578124955 ], [ -81.466210937499966, 52.204492187500136 ], [ -81.398095703125023, 52.14223632812508 ], [ -81.285058593750023, 52.08920898437492 ], [ -81.127197265625, 52.045410156250057 ], [ -80.968505859375, 51.972216796875102 ], [ -80.705517578125011, 51.79833984375 ], [ -80.657958984375, 51.758349609375045 ], [ -80.588037109375023, 51.667236328125114 ], [ -80.495849609375, 51.525097656250125 ], [ -80.44760742187492, 51.432226562500034 ], [ -80.443310546874955, 51.388574218750023 ], [ -80.495507812500023, 51.344677734375125 ], [ -80.672705078124977, 51.264746093750034 ], [ -80.851220703125023, 51.125 ], [ -80.794970703124989, 51.131835937500114 ], [ -80.67724609375, 51.190869140625068 ], [ -80.478320312499989, 51.307324218750011 ], [ -80.367968749999989, 51.329882812499989 ], [ -80.265673828124989, 51.316357421875068 ], [ -80.103564453124932, 51.282861328125136 ], [ -79.960400390624955, 51.235156250000045 ], [ -79.836230468749989, 51.173339843750057 ], [ -79.651513671875023, 51.007812500000057 ], [ -79.45615234374992, 50.875585937499977 ], [ -79.347900390625, 50.762646484375068 ], [ -79.38071289062492, 50.834521484375102 ], [ -79.45263671875, 50.917285156250102 ], [ -79.636181640625011, 51.049023437500125 ], [ -79.714453124999977, 51.11757812500008 ], [ -79.731396484374955, 51.150488281250034 ], [ -79.737451171875023, 51.186279296875 ], [ -79.723242187499977, 51.251660156250011 ], [ -79.688818359374977, 51.346582031249966 ], [ -79.642968749999966, 51.413525390625125 ], [ -79.585742187499932, 51.452441406250045 ], [ -79.547460937499977, 51.493847656249955 ], [ -79.528027343750011, 51.537695312500034 ], [ -79.49755859375, 51.569921875000034 ], [ -79.338671874999989, 51.628173828125 ], [ -79.29697265624992, 51.622802734375114 ], [ -79.264257812499977, 51.552001953125114 ], [ -79.226123046874932, 51.537304687500125 ], [ -79.152734375000023, 51.526220703124977 ], [ -79.090869140624932, 51.501708984375 ], [ -79.04052734375, 51.46376953125008 ], [ -79.005029296875023, 51.425341796875045 ], [ -78.984326171875011, 51.38637695312508 ], [ -78.936914062500023, 51.25913085937492 ], [ -78.903173828124977, 51.200292968750034 ], [ -78.897509765624989, 51.271679687500011 ], [ -78.85800781249992, 51.383935546875136 ], [ -78.827441406249989, 51.429980468750102 ], [ -78.731347656249966, 51.497460937500023 ], [ -78.73642578124992, 51.526611328125057 ], [ -78.776318359374955, 51.565771484375034 ], [ -78.977734374999955, 51.733789062500023 ], [ -78.981640624999955, 51.774560546875136 ], [ -78.927880859375023, 51.798828125000114 ], [ -78.89111328125, 51.845117187500136 ], [ -78.871240234375023, 51.913427734375034 ], [ -78.828222656249977, 51.962988281249977 ], [ -78.70200195312492, 52.03271484375 ], [ -78.593310546874989, 52.139697265625102 ], [ -78.537353515624943, 52.213281249999966 ], [ -78.491650390624955, 52.25209960937508 ], [ -78.448095703124977, 52.261376953125023 ], [ -78.513085937500023, 52.291113281250034 ], [ -78.526074218749955, 52.310693359375136 ], [ -78.529101562499989, 52.399169921875 ], [ -78.557080078125011, 52.491894531250068 ], [ -78.600585937499943, 52.535107421875011 ], [ -78.723779296875023, 52.627734375000045 ], [ -78.744140625, 52.655371093749977 ], [ -78.765771484374966, 52.760058593749989 ], [ -78.753613281249955, 52.812402343750023 ], [ -78.721679687499943, 52.856445312500114 ], [ -78.73984374999992, 52.898974609375045 ], [ -78.85410156249992, 52.976074218749943 ], [ -78.898242187499932, 53.043359374999966 ], [ -78.947119140624977, 53.206201171875136 ], [ -78.992041015624977, 53.410351562499955 ], [ -79.043115234374966, 53.560498046875011 ], [ -79.100341796875, 53.65664062500008 ], [ -79.11313476562492, 53.717187500000136 ], [ -79.081445312499966, 53.742285156250091 ], [ -79.040332031249932, 53.817968750000034 ], [ -79.003173828125, 53.836572265625136 ], [ -78.945703125000023, 53.831591796874989 ], [ -78.944384765624932, 53.840234375000136 ], [ -79.032031249999932, 53.881054687500125 ], [ -79.075146484375011, 53.932373046875114 ], [ -79.073291015624989, 53.951416015625057 ], [ -78.996044921874955, 54.002490234374989 ], [ -79.009912109374966, 54.023974609375102 ], [ -79.067138671875, 54.051953125000125 ], [ -79.241796874999977, 54.098876953125114 ], [ -79.178808593749977, 54.116943359375057 ], [ -79.138818359375023, 54.157226562500057 ], [ -79.146728515624943, 54.169238281250045 ], [ -79.215966796875023, 54.185693359375023 ], [ -79.295654296875, 54.216845703124989 ], [ -79.356152343749955, 54.263378906250011 ], [ -79.430566406250023, 54.336621093750011 ], [ -79.475976562499966, 54.394775390625 ], [ -79.520654296875023, 54.491552734374977 ], [ -79.597949218749932, 54.601660156250034 ], [ -79.631738281249966, 54.629101562500125 ], [ -79.670410156249943, 54.646826171874977 ], [ -79.713964843749977, 54.654980468750068 ], [ -79.712353515624955, 54.671826171875125 ], [ -79.665527343749943, 54.697460937500011 ], [ -78.909228515624989, 54.881494140625023 ], [ -78.846240234374932, 54.908007812500102 ], [ -78.475048828124955, 55.011035156250102 ], [ -78.303613281250023, 55.068554687500125 ], [ -78.128857421874955, 55.151318359375068 ], [ -77.891113281249943, 55.236425781250034 ], [ -77.775292968749966, 55.291259765625 ], [ -77.7021484375, 55.344189453125125 ], [ -77.324951171874943, 55.555517578125034 ], [ -77.165087890624989, 55.663525390625011 ], [ -77.072558593749989, 55.756298828125068 ], [ -76.93808593749992, 55.867236328125102 ], [ -76.761816406249977, 55.996435546874977 ], [ -76.650488281249977, 56.107226562499989 ], [ -76.604052734374989, 56.199560546874977 ], [ -76.54638671875, 56.35878906250008 ], [ -76.529833984374989, 56.499951171875068 ], [ -76.519628906249977, 56.706982421875125 ], [ -76.525585937500011, 56.891796875000125 ], [ -76.572851562499977, 57.181201171875102 ], [ -76.60141601562492, 57.272265624999989 ], [ -76.655419921874966, 57.380566406250011 ], [ -76.786279296875023, 57.598583984375068 ], [ -76.809814453125, 57.657958984375057 ], [ -76.890917968749989, 57.758105468750045 ], [ -77.156787109374989, 58.018896484375034 ], [ -77.489160156250023, 58.195312500000114 ], [ -77.552441406249955, 58.239599609375091 ], [ -77.684082031249943, 58.291357421874977 ], [ -77.88413085937492, 58.350732421875136 ], [ -78.013574218750023, 58.399169921875057 ], [ -78.351708984374966, 58.580664062500091 ], [ -78.46298828124992, 58.60244140625008 ], [ -78.505908203124932, 58.649121093750011 ], [ -78.515087890624955, 58.682373046875057 ], [ -78.50229492187492, 58.769091796875102 ], [ -78.482617187500011, 58.829101562500114 ], [ -78.458691406250011, 58.873291015625057 ], [ -78.430517578124977, 58.901757812500136 ], [ -78.244433593749989, 59.035058593750136 ], [ -78.140234374999977, 59.141748046875023 ], [ -78.067675781249932, 59.2001953125 ], [ -77.987646484374977, 59.245507812500023 ], [ -77.842822265624932, 59.305029296875034 ], [ -77.760693359375011, 59.38002929687508 ], [ -77.779443359375023, 59.410400390625057 ], [ -77.844677734374955, 59.443505859375023 ], [ -77.859033203124966, 59.475781250000011 ], [ -77.749023437499943, 59.558154296875102 ], [ -77.733496093749977, 59.580957031250136 ], [ -77.747509765625011, 59.658496093749932 ], [ -77.726171874999977, 59.67587890624992 ], [ -77.590429687499977, 59.680517578124977 ], [ -77.396679687500011, 59.56923828125008 ], [ -77.349072265625011, 59.578955078125091 ], [ -77.411035156250023, 59.609619140625114 ], [ -77.485302734374955, 59.684570312500114 ], [ -77.474560546875011, 59.715673828125034 ], [ -77.33164062499992, 59.796630859375 ], [ -77.32763671875, 59.83339843750008 ], [ -77.368408203124943, 59.884375 ], [ -77.372949218749966, 59.925097656250102 ], [ -77.289208984374966, 60.022021484375102 ], [ -77.311816406249932, 60.042382812500023 ], [ -77.547167968749932, 60.061132812500091 ], [ -77.585888671875011, 60.088183593750102 ], [ -77.572167968749966, 60.100976562500023 ], [ -77.461376953124955, 60.133496093750068 ], [ -77.452880859375, 60.145800781250102 ], [ -77.648632812500011, 60.3625 ], [ -77.681445312499932, 60.427099609375034 ], [ -77.598144531249943, 60.50673828125008 ], [ -77.503564453125023, 60.542724609374943 ], [ -77.515576171875011, 60.563183593750068 ], [ -77.639453124999989, 60.566894531250114 ], [ -77.714990234375023, 60.577783203125023 ], [ -77.790820312499932, 60.639843750000011 ], [ -77.761230468749943, 60.679052734375034 ], [ -77.734228515624977, 60.696972656250125 ], [ -77.660644531249943, 60.789501953124955 ], [ -77.589550781249955, 60.808593750000114 ], [ -77.603027343749943, 60.825195312499943 ], [ -77.871533203124955, 60.785839843750125 ], [ -77.998144531249977, 60.818212890624977 ], [ -78.122460937500023, 60.809619140624989 ], [ -78.181347656250011, 60.819140624999989 ], [ -78.159667968749943, 60.852197265625136 ], [ -77.93417968749992, 61.002636718750068 ], [ -77.830126953124932, 61.084033203125102 ], [ -77.765039062500023, 61.157519531249989 ], [ -77.730615234375023, 61.206396484374977 ], [ -77.726806640624943, 61.230664062500125 ], [ -77.749609374999977, 61.393017578125011 ], [ -77.736181640624977, 61.437353515624977 ], [ -77.648876953124955, 61.478662109375023 ], [ -77.514355468750011, 61.556298828125023 ], [ -77.698437500000011, 61.626416015625125 ], [ -77.813769531249989, 61.694775390625011 ], [ -77.889892578124943, 61.728710937500011 ], [ -77.947558593749989, 61.761865234375023 ], [ -78.021386718750023, 61.832080078125102 ], [ -78.077490234374977, 61.923388671875045 ], [ -78.137158203124955, 62.107373046875068 ], [ -78.14697265625, 62.208691406250068 ], [ -78.13339843749992, 62.282275390624989 ], [ -78.108593750000011, 62.318115234375 ], [ -78.068115234374943, 62.355419921875125 ], [ -77.899902343749943, 62.426562500000045 ], [ -77.603955078124955, 62.53139648437508 ], [ -77.372412109374977, 62.572509765625114 ], [ -77.205273437500011, 62.549951171875136 ], [ -76.879394531249943, 62.525390625000114 ], [ -76.616357421875023, 62.465673828125034 ], [ -75.816894531249943, 62.315869140625068 ], [ -75.675537109374943, 62.249511718750057 ], [ -75.809228515625023, 62.193408203124989 ], [ -75.789843749999932, 62.179589843750023 ], [ -75.488818359374989, 62.286425781250102 ], [ -75.409228515624932, 62.307080078125068 ], [ -75.341210937500023, 62.312109375000034 ], [ -75.114013671874943, 62.270751953125114 ], [ -75.022753906249989, 62.264453125000102 ], [ -74.907568359374977, 62.230029296874989 ], [ -74.632568359375, 62.115673828125125 ], [ -74.612890624999977, 62.125195312500125 ], [ -74.689892578124955, 62.183447265625091 ], [ -74.645800781249932, 62.211132812500068 ], [ -74.429199218749943, 62.271826171874977 ], [ -74.205468750000023, 62.321386718749977 ], [ -74.046484374999977, 62.37001953125008 ], [ -73.877832031249966, 62.434375 ], [ -73.763964843749989, 62.468750000000114 ], [ -73.705078124999943, 62.473144531249943 ], [ -73.62998046874992, 62.454199218750034 ], [ -73.428369140624966, 62.368847656250011 ], [ -73.298974609375023, 62.325048828124977 ], [ -73.195166015624977, 62.279150390625034 ], [ -73.049365234374932, 62.198242187500114 ], [ -72.992382812499955, 62.180419921875 ], [ -72.8818359375, 62.125390624999966 ], [ -72.73496093749992, 62.131103515625114 ], [ -72.686962890625011, 62.124560546874989 ], [ -72.670800781250023, 62.113867187499977 ], [ -72.645996093749943, 62.076611328125011 ], [ -72.633105468749989, 62.052783203125102 ], [ -72.632128906249932, 62.02724609375008 ], [ -72.666015625, 61.955322265625 ], [ -72.771630859375023, 61.840429687500034 ], [ -72.727392578124977, 61.838623046875 ], [ -72.66064453125, 61.863232421875068 ], [ -72.573876953124966, 61.907128906250136 ], [ -72.505566406250011, 61.922656250000102 ], [ -72.360742187500023, 61.887792968750091 ], [ -72.226123046874932, 61.831591796874989 ], [ -72.178466796875, 61.801806640624989 ], [ -72.126123046874966, 61.753222656250045 ], [ -72.081445312500023, 61.728271484375114 ], [ -72.040039062499943, 61.680273437500091 ], [ -72.04296875, 61.66469726562508 ], [ -72.082031249999943, 61.641406249999989 ], [ -72.2470703125, 61.602050781250114 ], [ -72.215869140624989, 61.587255859374977 ], [ -72.023095703125023, 61.611962890625023 ], [ -71.964404296874989, 61.636279296874989 ], [ -71.922265625000023, 61.676953125000125 ], [ -71.866113281250023, 61.688525390624989 ], [ -71.638281249999977, 61.6171875 ], [ -71.604785156249989, 61.59238281249992 ], [ -71.619433593749989, 61.57290039062508 ], [ -71.656201171875011, 61.550927734375023 ], [ -71.755761718750023, 61.52675781250008 ], [ -71.841015625000011, 61.466015625000125 ], [ -71.854394531249966, 61.43979492187492 ], [ -71.793652343750011, 61.421191406250045 ], [ -71.645312499999989, 61.413134765624989 ], [ -71.646435546874955, 61.398730468750102 ], [ -71.732128906250011, 61.3720703125 ], [ -71.743457031249989, 61.337255859375034 ], [ -71.551513671875, 61.213281250000136 ], [ -71.42270507812492, 61.158935546875114 ], [ -71.348437499999989, 61.148974609375045 ], [ -71.175146484374977, 61.146533203125045 ], [ -71.034960937499989, 61.125537109375045 ], [ -70.723242187499977, 61.055175781250114 ], [ -70.540771484374943, 61.04248046875 ], [ -70.383642578124977, 61.063964843750114 ], [ -70.279296874999943, 61.068652343749989 ], [ -70.187207031249955, 61.040527343750114 ], [ -70.157958984374943, 61.020654296874966 ], [ -70.144140624999977, 60.98110351562508 ], [ -70.145898437499966, 60.921826171875125 ], [ -70.095312499999977, 60.880273437499966 ], [ -69.992431640624943, 60.856494140625102 ], [ -69.909228515624989, 60.860107421874943 ], [ -69.800439453125023, 60.906689453125068 ], [ -69.708398437500023, 60.914648437500091 ], [ -69.677587890624977, 60.949560546875091 ], [ -69.650439453124932, 61.014160156250114 ], [ -69.623632812499977, 61.049511718750011 ], [ -69.556982421874977, 61.05966796874992 ], [ -69.503320312499966, 61.040429687500136 ], [ -69.471923828125, 61.010937500000125 ], [ -69.414355468749989, 60.922460937500034 ], [ -69.398339843749966, 60.882861328124989 ], [ -69.404736328124955, 60.846777343750091 ], [ -69.433447265624977, 60.814257812500045 ], [ -69.489941406250011, 60.779589843750102 ], [ -69.574218749999943, 60.742724609375045 ], [ -69.64047851562492, 60.689794921875091 ], [ -69.721386718750011, 60.567431640625045 ], [ -69.751269531249932, 60.48745117187508 ], [ -69.759472656250011, 60.440234375000045 ], [ -69.755908203124989, 60.388525390624977 ], [ -69.740576171874977, 60.332275390625057 ], [ -69.708496093749943, 60.285937500000045 ], [ -69.633105468749932, 60.220361328125023 ], [ -69.628759765624977, 60.198583984375034 ], [ -69.623144531249977, 60.145458984375011 ], [ -69.629785156249966, 60.122119140625102 ], [ -69.673730468749966, 60.075878906250068 ], [ -69.795654296874943, 60.029736328125068 ], [ -69.962841796874955, 60.017822265624943 ], [ -70.509326171874932, 60.015185546874989 ], [ -70.654833984374989, 60.026220703125091 ], [ -70.619726562499977, 59.98427734375008 ], [ -70.46665039062492, 59.970849609374966 ], [ -70.326855468749955, 59.971386718750125 ], [ -69.8056640625, 59.944873046875045 ], [ -69.733935546874989, 59.918017578125045 ], [ -69.673437499999977, 59.870751953125023 ], [ -69.630224609374977, 59.821826171874989 ], [ -69.587402343749943, 59.722314453124966 ], [ -69.579394531249932, 59.675097656249932 ], [ -69.602343749999989, 59.622705078125136 ], [ -69.656201171874955, 59.56508789062508 ], [ -69.692382812499943, 59.488427734375136 ], [ -69.710888671875011, 59.392529296875125 ], [ -69.681884765624943, 59.341748046875068 ], [ -69.4, 59.337792968749966 ], [ -69.344042968749932, 59.303076171875034 ], [ -69.35043945312492, 59.277197265625091 ], [ -69.450488281249932, 59.180029296874977 ], [ -69.459765624999989, 59.152441406250034 ], [ -69.414111328124989, 59.086865234375011 ], [ -69.420312500000023, 59.068212890624977 ], [ -69.44809570312492, 59.049169921874977 ], [ -69.474658203124989, 59.000000000000114 ], [ -69.50009765624992, 58.920654296875114 ], [ -69.531640624999966, 58.869238281250091 ], [ -69.608203124999932, 58.829492187499966 ], [ -69.648388671874955, 58.82080078125 ], [ -69.677343749999977, 58.831347656249989 ], [ -69.753027343749977, 58.939599609375023 ], [ -69.7841796875, 58.955712890625136 ], [ -69.813671874999955, 58.945556640625 ], [ -69.828515624999966, 58.928759765624989 ], [ -69.82861328125, 58.905371093749977 ], [ -69.841601562499989, 58.881152343750045 ], [ -69.867578125000023, 58.856152343750068 ], [ -69.979150390625023, 58.816357421874955 ], [ -70.159960937499989, 58.789404296874977 ], [ -70.154345703124989, 58.760595703124977 ], [ -70.033007812499989, 58.745166015625045 ], [ -69.878564453125023, 58.696972656250011 ], [ -69.78989257812492, 58.689306640625034 ], [ -69.650537109375023, 58.728271484375 ], [ -69.3818359375, 58.85073242187508 ], [ -69.27109374999992, 58.88393554687508 ], [ -69.173486328125023, 58.896630859374966 ], [ -69.063623046875023, 58.898242187499989 ], [ -68.94150390624992, 58.888916015625 ], [ -68.698193359375011, 58.904541015625 ], [ -68.63730468749992, 58.892871093750102 ], [ -68.562890624999966, 58.865917968750125 ], [ -68.474902343749989, 58.823486328125 ], [ -68.414306640625, 58.782714843750057 ], [ -68.381152343749989, 58.743505859375034 ], [ -68.326464843749932, 58.595410156250068 ], [ -68.252978515624989, 58.556640625 ], [ -68.235156249999989, 58.528173828125091 ], [ -68.229394531249966, 58.484570312500068 ], [ -68.23388671875, 58.399218750000102 ], [ -68.314697265624943, 58.226904296874977 ], [ -68.35654296874992, 58.163232421875136 ], [ -68.468164062500023, 58.076318359375023 ], [ -68.596875, 58.036865234375 ], [ -68.825781249999977, 57.999853515625091 ], [ -68.9453125, 57.968798828124989 ], [ -69.035449218749932, 57.926025390624943 ], [ -69.040820312499989, 57.902490234375136 ], [ -68.780957031249955, 57.975830078125 ], [ -68.495068359375011, 58.011669921875011 ], [ -68.41357421875, 58.0517578125 ], [ -68.351855468749932, 58.090722656250136 ], [ -68.289111328124989, 58.177685546875068 ], [ -68.175537109375, 58.402587890625057 ], [ -68.111035156250011, 58.473339843750068 ], [ -68.021044921874989, 58.485302734375011 ], [ -67.981152343750011, 58.461230468750102 ], [ -67.88779296874992, 58.329394531250045 ], [ -67.88828124999992, 58.295751953124977 ], [ -67.911425781249932, 58.267236328125023 ], [ -68.063867187500023, 58.138964843749989 ], [ -68.008984375000011, 58.152050781250011 ], [ -67.855859374999966, 58.272607421875023 ], [ -67.82333984374992, 58.310253906250068 ], [ -67.805224609374989, 58.365478515624943 ], [ -67.755957031249977, 58.404589843750102 ], [ -67.737060546874943, 58.385449218750125 ], [ -67.689697265625, 58.243798828125023 ], [ -67.688183593750011, 58.140234375000091 ], [ -67.680566406249966, 58.107031250000091 ], [ -67.697656250000023, 58.008740234375125 ], [ -67.678271484374932, 57.99111328125008 ], [ -67.632226562499966, 58.076123046875011 ], [ -67.617187499999943, 58.140332031250125 ], [ -67.596337890624966, 58.186132812500034 ], [ -67.569628906249932, 58.213476562500091 ], [ -67.381982421874966, 58.300000000000125 ], [ -67.162841796875, 58.370361328125057 ], [ -67.019433593750023, 58.432910156250045 ], [ -66.900390625, 58.46279296875008 ], [ -66.722167968749943, 58.491015624999932 ], [ -66.607910156249943, 58.548925781250034 ], [ -66.55771484374992, 58.636621093750136 ], [ -66.515039062500023, 58.697314453125045 ], [ -66.47998046875, 58.730908203124955 ], [ -66.36240234374992, 58.791162109375023 ], [ -66.298535156249955, 58.794531249999977 ], [ -66.237402343749977, 58.772265625000045 ], [ -66.168212890625, 58.727099609375102 ], [ -66.090917968749977, 58.659033203125091 ], [ -66.044628906250011, 58.605615234375023 ], [ -66.029541015625, 58.566796875000136 ], [ -66.017041015625011, 58.430810546875136 ], [ -66.002392578124955, 58.431201171875045 ], [ -65.93125, 58.535058593750023 ], [ -65.922900390624989, 58.571972656250125 ], [ -65.927929687499955, 58.610937500000034 ], [ -65.949658203124955, 58.649853515625011 ], [ -66.021289062499989, 58.73476562500008 ], [ -66.049365234374932, 58.787890625000045 ], [ -66.043066406249977, 58.820654296874977 ], [ -65.967041015624943, 58.839208984375034 ], [ -65.854833984374977, 58.846630859375125 ], [ -65.835937499999943, 58.86049804687508 ], [ -65.918408203124955, 58.895605468749977 ], [ -65.920703124999989, 58.914648437500091 ], [ -65.84140624999992, 58.977050781250057 ], [ -65.794824218750023, 58.98046875 ], [ -65.703564453125011, 58.970605468750136 ], [ -65.721923828125, 59.00258789062508 ], [ -65.720996093749989, 59.023779296874977 ], [ -65.695263671875011, 59.032031250000045 ], [ -65.543994140624989, 59.011865234375023 ], [ -65.526318359374955, 59.036230468750034 ], [ -65.396240234375, 59.038427734375091 ], [ -65.383544921875, 59.06020507812508 ], [ -65.495996093749966, 59.091308593750057 ], [ -65.60625, 59.11074218750008 ], [ -65.639843750000011, 59.127734374999989 ], [ -65.665625, 59.152783203125125 ], [ -65.7, 59.213330078125011 ], [ -65.691699218749989, 59.22939453125008 ], [ -65.660742187499977, 59.229687500000011 ], [ -65.607128906249955, 59.213134765625 ], [ -65.578027343750023, 59.244970703125091 ], [ -65.545312500000023, 59.319726562500023 ], [ -65.51279296874992, 59.350390625000045 ], [ -65.411718749999977, 59.314990234374932 ], [ -65.407275390624932, 59.330224609375023 ], [ -65.489355468749977, 59.44775390625 ], [ -65.47509765625, 59.470312499999977 ], [ -65.34970703124992, 59.478808593750102 ], [ -65.27377929687492, 59.464160156249989 ], [ -65.074316406249977, 59.378027343750034 ], [ -65.038232421874966, 59.387890625000068 ], [ -65.06884765625, 59.411474609375091 ], [ -65.170947265624932, 59.46225585937492 ], [ -65.26318359375, 59.495458984374977 ], [ -65.345507812499989, 59.511035156250102 ], [ -65.407421874999955, 59.539355468749989 ], [ -65.47519531249992, 59.616796874999977 ], [ -65.486474609375023, 59.648681640625057 ], [ -65.480859375000023, 59.690234375000045 ], [ -65.433398437499932, 59.776513671875023 ], [ -65.406152343749966, 59.795214843750102 ], [ -65.35791015625, 59.809082031250057 ], [ -65.288769531249955, 59.818066406250125 ], [ -65.21225585937492, 59.809521484375011 ], [ -65.054492187499932, 59.752783203124977 ], [ -65.028173828124977, 59.770703125000068 ], [ -65.11328125, 59.801611328124977 ], [ -65.159228515624932, 59.830126953125102 ], [ -65.181396484374943, 59.866650390625068 ], [ -65.17172851562492, 59.908007812499989 ], [ -65.104882812499966, 59.993408203124943 ], [ -65.073388671874966, 60.062207031250125 ], [ -64.93125, 60.252001953125045 ], [ -64.889550781249966, 60.286523437500023 ], [ -64.845019531249989, 60.308300781250011 ], [ -64.817333984375011, 60.3310546875 ], [ -64.705859374999932, 60.336132812499955 ], [ -64.499414062500023, 60.268261718750011 ], [ -64.436328124999932, 60.228125 ], [ -64.419580078124966, 60.17138671875 ], [ -64.527734374999966, 60.094531249999989 ], [ -64.713281249999966, 60.037158203124989 ], [ -64.768457031250023, 60.012109375000023 ], [ -64.732568359374966, 59.997558593750114 ], [ -64.55917968749992, 60.043408203125011 ], [ -64.407714843749943, 60.06479492187492 ], [ -64.283496093749989, 60.064062499999977 ], [ -64.182861328125, 59.972949218750045 ], [ -64.168798828124977, 59.846533203125091 ], [ -64.226318359374943, 59.741210937500114 ], [ -64.150683593749989, 59.793603515625136 ], [ -64.056054687500023, 59.822558593749989 ], [ -63.978710937499955, 59.753710937499989 ], [ -63.969482421874943, 59.697607421875091 ], [ -63.92880859374992, 59.644921875000023 ], [ -63.841259765625011, 59.574414062500068 ], [ -63.750195312499955, 59.51259765625008 ], [ -63.850390624999932, 59.447802734374989 ], [ -63.970703125, 59.409082031250136 ], [ -63.945458984375023, 59.380175781250102 ], [ -63.780859374999977, 59.349267578125023 ], [ -63.758593749999989, 59.318652343749989 ], [ -63.775878906249943, 59.277148437500045 ], [ -63.752001953124989, 59.277343750000114 ], [ -63.6375, 59.341455078125023 ], [ -63.53989257812492, 59.332861328125034 ], [ -63.415136718749977, 59.194384765625102 ], [ -63.506201171874977, 59.115185546875125 ], [ -63.645507812499943, 59.078906249999989 ], [ -63.756396484374989, 59.063476562500057 ], [ -63.91049804687492, 59.065576171875136 ], [ -63.971142578125011, 59.053808593750034 ], [ -63.94101562499992, 59.027392578124989 ], [ -63.793652343750011, 59.02700195312508 ], [ -63.56787109375, 59.04702148437508 ], [ -63.398974609374989, 59.079638671874989 ], [ -63.32553710937492, 59.081591796874989 ], [ -63.248437499999966, 59.068310546874955 ], [ -63.22250976562492, 59.057177734374989 ], [ -63.303710937499943, 59.034423828125 ], [ -63.309863281249932, 59.026464843749977 ], [ -63.279443359374966, 59.003173828125 ], [ -63.21640624999992, 58.927978515625 ], [ -63.221923828125, 58.91103515625008 ], [ -63.282128906249966, 58.867382812500068 ], [ -63.185351562499989, 58.857763671875091 ], [ -63.05029296875, 58.878173828124943 ], [ -63.008349609374989, 58.855419921875125 ], [ -62.926074218749989, 58.765039062500023 ], [ -62.87387695312492, 58.672460937499977 ], [ -63.102343749999932, 58.545751953125091 ], [ -63.218652343750023, 58.519531250000057 ], [ -63.389941406249989, 58.452539062500136 ], [ -63.437939453125011, 58.398828125000023 ], [ -63.537060546874955, 58.329931640624977 ], [ -63.4736328125, 58.330664062499977 ], [ -63.296484374999977, 58.441210937500102 ], [ -63.209960937499943, 58.466943359375023 ], [ -63.145507812499943, 58.460449218750114 ], [ -63.119531249999966, 58.441748046875034 ], [ -63.132128906249989, 58.410839843750125 ], [ -63.075683593749943, 58.414794921875057 ], [ -62.83740234375, 58.47939453125008 ], [ -62.7373046875, 58.4921875 ], [ -62.607861328125011, 58.496386718749989 ], [ -62.59384765624992, 58.474023437500023 ], [ -62.674316406249943, 58.31918945312492 ], [ -62.812060546874989, 58.200390625000068 ], [ -63.062792968749989, 58.12709960937508 ], [ -63.151660156249932, 58.084179687500011 ], [ -63.261523437499932, 58.014697265625102 ], [ -63.220019531249932, 58.002148437500011 ], [ -62.980908203125011, 58.093310546875102 ], [ -62.817529296875023, 58.129248046874977 ], [ -62.588085937500011, 58.158105468749966 ], [ -62.486230468750023, 58.154052734375057 ], [ -62.3056640625, 57.972265624999977 ], [ -62.20151367187492, 57.954638671875102 ], [ -62.117431640624943, 57.964111328125057 ], [ -61.958642578125023, 57.91176757812508 ], [ -61.899072265625023, 57.861328125000114 ], [ -61.9140625, 57.825048828124977 ], [ -61.9677734375, 57.803320312500034 ], [ -61.994921874999932, 57.769433593750023 ], [ -61.93125, 57.668554687500091 ], [ -61.967968749999955, 57.611914062500091 ], [ -62.083984374999943, 57.561914062500023 ], [ -62.166894531249966, 57.536572265625011 ], [ -62.253613281249955, 57.528759765625011 ], [ -62.338574218749955, 57.48452148437508 ], [ -62.377148437500011, 57.477978515625011 ], [ -62.495556640624955, 57.489208984375125 ], [ -62.454980468749966, 57.461962890625102 ], [ -62.396484374999943, 57.448193359375125 ], [ -62.303222656249943, 57.440673828125 ], [ -62.194238281250023, 57.45458984375 ], [ -62.088085937500011, 57.452832031250011 ], [ -61.921142578125, 57.42080078125008 ], [ -61.851074218749943, 57.381298828125011 ], [ -61.849804687499955, 57.370410156250102 ], [ -61.88583984374992, 57.347851562500125 ], [ -61.938867187499966, 57.274365234375068 ], [ -61.977441406250023, 57.247949218750023 ], [ -61.944531249999955, 57.228125 ], [ -61.86083984375, 57.197558593750045 ], [ -61.798339843749943, 57.186230468750068 ], [ -61.71630859375, 57.196191406250136 ], [ -61.628515624999977, 57.183154296874989 ], [ -61.333740234374943, 57.010595703124977 ], [ -61.345751953124932, 56.921582031250125 ], [ -61.390478515624977, 56.852978515625011 ], [ -61.372802734374943, 56.775830078125125 ], [ -61.371630859374989, 56.680810546875136 ], [ -61.531689453124955, 56.654589843750102 ], [ -62.0625, 56.699072265625091 ], [ -62.366113281249966, 56.76699218750008 ], [ -62.381738281249966, 56.787695312500034 ], [ -62.295800781250023, 56.832812499999989 ], [ -62.372021484375011, 56.836181640625 ], [ -62.460205078124943, 56.818457031250091 ], [ -62.497265624999955, 56.801708984375068 ], [ -62.3955078125, 56.730029296875045 ], [ -62.116503906249932, 56.66684570312492 ], [ -61.991601562499966, 56.590820312500057 ], [ -61.854931640625011, 56.584277343749989 ], [ -61.813378906249966, 56.570507812500011 ], [ -61.737744140625011, 56.526025390625023 ], [ -61.760058593749932, 56.510742187500114 ], [ -61.8994140625, 56.505419921875102 ], [ -62.009667968750023, 56.453857421875057 ], [ -61.940429687499943, 56.423583984375114 ], [ -61.692480468749977, 56.397070312500034 ], [ -61.514599609374955, 56.390332031250068 ], [ -61.425292968749943, 56.360644531250102 ], [ -61.498681640625023, 56.327587890625125 ], [ -61.70712890624992, 56.288720703125023 ], [ -61.713085937499955, 56.230957031250114 ], [ -61.558593749999943, 56.207812500000045 ], [ -61.421093750000011, 56.221826171875023 ], [ -61.364697265624955, 56.216015625000125 ], [ -61.324414062500011, 56.076220703125045 ], [ -61.301123046874977, 56.047167968749989 ], [ -61.448925781250011, 56.02236328125008 ], [ -61.449511718749932, 55.995703124999977 ], [ -61.351269531250011, 55.973681640625102 ], [ -61.187890625000023, 55.955371093750102 ], [ -61.13388671874992, 55.930273437499977 ], [ -61.122998046875011, 55.888574218750023 ], [ -61.08935546875, 55.86635742187508 ], [ -60.995751953125023, 55.862353515624989 ], [ -60.892675781249977, 55.91420898437508 ], [ -60.831835937499932, 55.957861328125091 ], [ -60.74326171874992, 55.941455078124932 ], [ -60.736621093749989, 55.886962890625057 ], [ -60.630957031249977, 55.825 ], [ -60.592578124999989, 55.81484375000008 ], [ -60.562109374999977, 55.727001953125125 ], [ -60.475830078125, 55.805126953125068 ], [ -60.41259765625, 55.788574218750057 ], [ -60.341015624999955, 55.78466796875 ], [ -60.365429687499955, 55.709082031250034 ], [ -60.408300781249977, 55.649560546874966 ], [ -60.351953124999966, 55.612353515625045 ], [ -60.308300781249955, 55.556982421874977 ], [ -60.192382812499943, 55.480908203125068 ], [ -60.224023437500023, 55.444384765625102 ], [ -60.36093749999992, 55.366308593750034 ], [ -60.43310546875, 55.242773437500091 ], [ -60.450097656249966, 55.199951171875057 ], [ -60.520507812499943, 55.129003906249977 ], [ -60.617138671875011, 55.060205078125023 ], [ -60.556542968750023, 55.067480468750091 ], [ -60.340771484375011, 55.193945312500091 ], [ -60.212548828124966, 55.236425781250034 ], [ -59.930322265624966, 55.25942382812508 ], [ -59.862109374999989, 55.294873046875011 ], [ -59.7587890625, 55.3095703125 ], [ -59.695507812500011, 55.26914062499992 ], [ -59.68906249999992, 55.196337890625045 ], [ -59.605468749999943, 55.173339843749943 ], [ -59.51767578124992, 55.197363281250034 ], [ -59.437890625000023, 55.175927734375136 ], [ -59.48583984375, 55.130175781250045 ], [ -59.74169921875, 54.942578125000011 ], [ -59.816406249999943, 54.867236328124932 ], [ -59.837792968750023, 54.813964843750114 ], [ -59.749902343749966, 54.887011718750045 ], [ -59.428564453124977, 55.05551757812492 ], [ -59.394189453124966, 55.08071289062508 ], [ -59.324169921875011, 55.152832031250057 ], [ -59.259570312499989, 55.199951171875057 ], [ -59.086328124999966, 55.183251953125023 ], [ -58.997119140624989, 55.149462890625045 ], [ -58.955810546874943, 55.055078125000023 ], [ -58.885791015624989, 54.952246093750034 ], [ -58.780175781250023, 54.838378906250114 ], [ -58.499902343749966, 54.783105468750023 ], [ -58.398144531250011, 54.774121093750011 ], [ -58.222851562500011, 54.812695312500011 ], [ -58.195263671874955, 54.865917968750011 ], [ -58.058496093750023, 54.882226562499966 ], [ -57.962451171874989, 54.875732421875057 ], [ -57.929296874999977, 54.773144531250125 ], [ -57.826855468749955, 54.71865234375008 ], [ -57.724902343749989, 54.673730468750136 ], [ -57.626611328125023, 54.650341796875011 ], [ -57.48300781249992, 54.64028320312508 ], [ -57.404492187500011, 54.590869140624932 ], [ -57.404443359374966, 54.570410156250034 ], [ -57.485351562499943, 54.51748046875008 ], [ -57.563232421875, 54.440429687500057 ], [ -57.699267578124989, 54.386572265625091 ], [ -57.889111328124955, 54.384082031250102 ], [ -58.1513671875, 54.350439453124977 ], [ -58.161914062499932, 54.319970703125023 ], [ -58.2197265625, 54.28647460937492 ], [ -58.359130859374943, 54.253320312500136 ], [ -58.435205078125023, 54.228125 ], [ -58.558398437499989, 54.102978515625011 ], [ -58.633203125000023, 54.049560546875 ], [ -58.719433593750011, 54.039404296875034 ], [ -58.840820312499943, 54.044482421875045 ], [ -58.920214843749989, 54.033105468750023 ], [ -58.978466796875011, 54.01025390625 ], [ -59.012646484374955, 53.976269531249955 ], [ -59.038818359374943, 53.963623046875057 ], [ -59.201416015624943, 53.929101562500136 ], [ -59.496533203124955, 53.834179687500011 ], [ -59.652685546874977, 53.831250000000125 ], [ -59.749462890624955, 53.842285156250057 ], [ -59.823046874999932, 53.834423828125011 ], [ -59.873339843749989, 53.807763671875136 ], [ -60.01416015625, 53.76157226562492 ], [ -60.056542968750023, 53.733349609375068 ], [ -60.081347656249989, 53.701025390625034 ], [ -60.100488281249966, 53.634228515625125 ], [ -60.11728515624992, 53.610107421875 ], [ -60.144921874999966, 53.596142578125011 ], [ -60.263330078125023, 53.610058593749955 ], [ -60.395410156250023, 53.653320312500114 ], [ -60.369531250000023, 53.607470703124989 ], [ -60.160253906249977, 53.529980468750011 ], [ -60.100292968749955, 53.486962890625136 ], [ -60.157128906249966, 53.449804687500034 ], [ -60.290283203125, 53.391455078125034 ], [ -60.305761718749977, 53.360107421875057 ], [ -60.251171874999955, 53.343554687500045 ], [ -60.272705078125, 53.317089843749955 ], [ -60.345703124999943, 53.289013671875125 ], [ -60.3375, 53.277441406250091 ], [ -60.329492187500023, 53.266113281250057 ], [ -60.148339843749966, 53.306542968750136 ], [ -59.987109374999989, 53.392822265625114 ], [ -59.881738281250023, 53.480078124999977 ], [ -59.829052734375011, 53.504541015625136 ], [ -59.621093749999943, 53.536816406249955 ], [ -59.49814453124992, 53.574755859375045 ], [ -59.322265625, 53.64375 ], [ -59.129394531249943, 53.743945312500102 ], [ -58.919580078125023, 53.875292968749989 ], [ -58.652050781249955, 53.977880859374977 ], [ -58.326708984374932, 54.051806640625102 ], [ -58.088085937500011, 54.089501953125136 ], [ -57.935986328125011, 54.09116210937492 ], [ -57.928271484374932, 54.103564453124989 ], [ -58.064843749999966, 54.126757812500102 ], [ -58.177441406250011, 54.131298828125125 ], [ -58.31748046874992, 54.114453125000068 ], [ -58.360791015624955, 54.154492187500068 ], [ -58.356152343750011, 54.171923828125045 ], [ -58.309960937499966, 54.201660156250057 ], [ -58.192089843749955, 54.228173828125136 ], [ -57.614941406249955, 54.191113281250068 ], [ -57.416064453124932, 54.162744140625136 ], [ -57.198876953125023, 53.924365234375045 ], [ -57.148974609374989, 53.847705078125102 ], [ -57.134960937499955, 53.791845703125091 ], [ -57.156933593750011, 53.756884765625045 ], [ -57.243994140624977, 53.715478515625136 ], [ -57.489453125000011, 53.633105468750045 ], [ -57.524072265625023, 53.611425781250091 ], [ -57.52734375, 53.599902343750045 ], [ -57.420214843749989, 53.583251953125 ], [ -57.386132812499966, 53.560546875 ], [ -57.331738281250011, 53.469091796875034 ], [ -57.221386718750011, 53.528515625000068 ], [ -57.012158203125011, 53.672607421875114 ], [ -56.840869140624989, 53.739453125000068 ], [ -56.696582031249932, 53.757666015625034 ], [ -56.524316406250023, 53.766455078125034 ], [ -56.464990234375023, 53.765039062500136 ], [ -56.444335937499943, 53.718310546874989 ], [ -56.354003906249943, 53.624462890625068 ], [ -56.270214843750011, 53.600097656250057 ], [ -56.110156249999989, 53.587597656250011 ], [ -55.966113281249989, 53.471142578125125 ], [ -55.911230468749977, 53.390820312500068 ], [ -55.859375, 53.343896484375136 ], [ -55.863378906249977, 53.312255859375057 ], [ -55.854785156249932, 53.285839843750011 ], [ -55.816894531249943, 53.245751953125023 ], [ -55.797949218749977, 53.211962890625045 ], [ -55.808203124999977, 53.134667968750136 ], [ -55.892333984374943, 53.000439453125125 ], [ -55.829882812499932, 52.878417968749943 ], [ -55.857910156249943, 52.823388671875136 ], [ -55.872509765625011, 52.735693359375034 ], [ -55.818652343749932, 52.677148437499966 ], [ -55.80283203124992, 52.643164062499977 ], [ -55.848437499999989, 52.623339843750045 ], [ -56.166992187499943, 52.574755859375102 ], [ -56.292382812500023, 52.573779296875045 ], [ -56.324902343749955, 52.544531249999977 ], [ -56.228417968750023, 52.535986328125034 ], [ -56.052587890624977, 52.537402343750102 ], [ -55.840185546874977, 52.507617187500102 ], [ -55.746484374999966, 52.474560546875125 ], [ -55.705957031249966, 52.428271484375102 ], [ -55.716210937500023, 52.39150390625008 ], [ -55.777148437499932, 52.3642578125 ], [ -55.896679687500011, 52.369580078125011 ], [ -56.01171875, 52.394482421875125 ], [ -56.004638671875, 52.370410156250045 ], [ -55.833642578124966, 52.310400390625034 ], [ -55.783496093749989, 52.27993164062508 ], [ -55.691064453124966, 52.24160156250008 ], [ -55.672802734375011, 52.190136718750068 ], [ -55.695214843750023, 52.137792968750091 ], [ -56.017480468750023, 51.929296875000034 ], [ -56.282568359374977, 51.797070312500125 ], [ -56.548583984375, 51.681005859375091 ], [ -56.975976562500023, 51.45766601562508 ], [ -57.018261718750011, 51.44677734375 ], [ -57.095605468750023, 51.442529296875023 ], [ -57.299218750000023, 51.478271484375 ], [ -57.461669921875, 51.469091796875091 ], [ -57.769580078124932, 51.425927734374966 ], [ -57.853759765624943, 51.39951171874992 ], [ -58.022656250000011, 51.322070312499989 ], [ -58.089404296874989, 51.310986328125011 ], [ -58.270458984375011, 51.295214843749989 ], [ -58.442285156250023, 51.305908203125057 ], [ -58.510351562499977, 51.295068359375136 ], [ -58.59326171875, 51.257128906250045 ], [ -58.61474609375, 51.237060546875057 ], [ -58.637597656250023, 51.171679687500045 ], [ -59.054931640624943, 50.879101562500125 ], [ -59.165380859374977, 50.779882812499977 ], [ -59.378027343749977, 50.675439453125023 ], [ -59.61191406249992, 50.492089843749966 ], [ -59.815332031249966, 50.418261718750045 ], [ -59.886328124999977, 50.316406250000057 ], [ -60.08017578124992, 50.254589843750125 ], [ -60.43808593749992, 50.238867187500091 ], [ -60.608203124999932, 50.221142578125011 ], [ -60.807226562499977, 50.249804687499989 ], [ -60.956298828125, 50.205419921875034 ], [ -61.180712890624989, 50.191503906250034 ], [ -61.289746093749955, 50.201953125000045 ], [ -61.724853515625, 50.104052734374989 ], [ -61.835351562500023, 50.196972656250068 ], [ -61.91953124999992, 50.232861328125125 ], [ -62.165234375000011, 50.23891601562508 ], [ -62.361669921874977, 50.277294921875125 ], [ -62.540917968749966, 50.284521484374977 ], [ -62.715429687499977, 50.30166015625008 ], [ -62.830224609375023, 50.301464843750068 ], [ -62.949755859374932, 50.291357421874977 ], [ -63.135644531249966, 50.293798828125091 ], [ -63.23862304687492, 50.242578125000136 ], [ -63.586669921874943, 50.258203125000136 ], [ -63.733593750000011, 50.304638671875011 ], [ -63.853955078124955, 50.314355468750023 ], [ -64.015820312499955, 50.303955078125057 ], [ -64.170410156249943, 50.26943359375008 ], [ -64.508935546874966, 50.308935546874977 ], [ -64.867871093750011, 50.275488281250091 ], [ -65.180908203125, 50.297900390625045 ], [ -65.268603515624932, 50.320019531250125 ], [ -65.762451171875, 50.25927734375 ], [ -65.955371093749989, 50.294140625000011 ], [ -66.125537109374989, 50.201025390625034 ], [ -66.242187499999943, 50.22036132812508 ], [ -66.368847656250011, 50.206640625000091 ], [ -66.411083984375011, 50.224267578125136 ], [ -66.495507812499966, 50.211865234375125 ], [ -66.550048828124943, 50.161181640625102 ], [ -66.621728515625023, 50.155419921875136 ], [ -66.740869140625023, 50.065527343749977 ], [ -66.941162109375, 49.993701171875045 ], [ -67.234375, 49.601757812499955 ], [ -67.261914062499955, 49.451171875 ], [ -67.372021484375011, 49.348437500000045 ], [ -67.46923828125, 49.33461914062508 ], [ -67.549267578124955, 49.332275390624943 ], [ -68.05625, 49.256787109375011 ], [ -68.281933593750011, 49.197167968750136 ], [ -68.220605468750023, 49.149658203125057 ], [ -68.29453124999992, 49.114355468749977 ], [ -68.41440429687492, 49.099511718750136 ], [ -68.543847656249966, 49.05615234375 ], [ -68.627880859374955, 49.007177734374977 ], [ -68.66904296874992, 48.939501953125045 ], [ -68.929052734374977, 48.828955078125091 ], [ -69.230761718749932, 48.573632812500136 ], [ -69.374951171875011, 48.386425781250011 ], [ -69.550097656249989, 48.250781250000102 ], [ -69.673876953124989, 48.199169921875068 ], [ -69.761914062500011, 48.191162109375 ], [ -69.851708984374966, 48.20737304687492 ], [ -70.001025390624932, 48.270947265625125 ], [ -70.110644531249989, 48.277978515625136 ], [ -70.383691406250023, 48.366503906250045 ], [ -71.018261718749955, 48.455615234375045 ], [ -70.922607421875, 48.422314453125011 ], [ -70.838769531249966, 48.367382812500011 ], [ -70.671093750000011, 48.353222656250011 ], [ -70.500634765625023, 48.354345703125034 ], [ -70.145312499999932, 48.243554687500023 ], [ -69.97119140625, 48.205761718750125 ], [ -69.865527343749932, 48.17226562500008 ], [ -69.775, 48.098095703125068 ], [ -69.839843749999943, 47.952587890625068 ], [ -69.905566406249932, 47.832226562500068 ], [ -69.994433593749932, 47.73989257812508 ], [ -70.300097656249932, 47.503027343749977 ], [ -70.448046874999989, 47.423437500000091 ], [ -70.705859374999989, 47.139794921875023 ], [ -70.972705078124932, 47.006689453125091 ], [ -71.115625, 46.924951171875136 ], [ -71.267773437500011, 46.795947265624989 ], [ -71.624755859375, 46.698388671875023 ], [ -71.757275390624955, 46.673583984375114 ], [ -71.879589843750011, 46.686816406249932 ], [ -72.028466796874966, 46.607421875000114 ], [ -72.204638671874989, 46.558886718749989 ], [ -72.256640624999932, 46.485058593750068 ], [ -72.680126953124955, 46.287304687500125 ], [ -72.842675781250023, 46.262402343750011 ], [ -72.981005859374989, 46.209716796875114 ], [ -73.021923828124955, 46.120263671875023 ], [ -73.145410156249966, 46.066308593750023 ], [ -73.179687499999943, 46.025 ], [ -73.283544921874977, 45.899853515625011 ], [ -73.476611328124932, 45.738232421874955 ], [ -73.711865234375011, 45.711181640624943 ], [ -73.797851562499943, 45.65493164062508 ], [ -73.897412109374955, 45.564160156250011 ], [ -74.037841796875, 45.501855468750136 ], [ -74.315087890624966, 45.531054687500045 ], [ -74.24765624999992, 45.492871093750068 ], [ -73.99960937499992, 45.433349609375057 ], [ -73.973828125000011, 45.345117187500023 ], [ -74.098095703125011, 45.324023437499989 ], [ -74.358300781249966, 45.206396484374977 ], [ -74.708886718750023, 45.003857421875125 ], [ -74.762451171875, 44.999072265624996 ], [ -74.856640625000011, 45.003906250000114 ], [ -74.996142578124989, 44.970117187499966 ], [ -75.179394531250011, 44.899365234375125 ], [ -75.401269531250023, 44.772265624999989 ], [ -75.791943359375011, 44.497070312500057 ], [ -75.8193359375, 44.468017578125 ], [ -75.875927734375011, 44.416992187500114 ], [ -76.020214843750011, 44.362597656250045 ], [ -76.151171874999989, 44.303955078125 ], [ -76.185791015625, 44.242236328124996 ], [ -76.24853515625, 44.214111328125 ], [ -76.464599609375, 44.0576171875 ], [ -76.586132812500011, 43.924316406250114 ], [ -76.696484375000011, 43.78481445312508 ], [ -76.819970703125023, 43.62880859375008 ], [ -77.073339843749991, 43.626855468749994 ], [ -77.266699218749991, 43.627490234374996 ], [ -77.596533203124991, 43.628613281249997 ], [ -77.879248046874991, 43.629541015624994 ], [ -78.214794921874997, 43.630664062499996 ], [ -78.458251953125, 43.631494140624994 ], [ -78.720410156249997, 43.624951171874997 ], [ -78.845556640624991, 43.583349609374999 ], [ -79.002490234374989, 43.527148437499996 ], [ -79.171875, 43.466552734375114 ], [ -79.083056640624989, 43.331396484374999 ], [ -79.059228515624994, 43.278076171875 ], [ -79.066064453125023, 43.106103515625023 ], [ -79.047998046874994, 43.087304687499994 ], [ -79.029052734375, 43.061767578125 ], [ -79.026171874999989, 43.017333984375 ], [ -79.011669921874997, 42.997021484374997 ], [ -78.980761718749989, 42.980615234374994 ], [ -78.945996093750011, 42.961328125000023 ], [ -78.920849609375011, 42.935205078125023 ], [ -78.915087890624989, 42.909130859375011 ], [ -78.939257812499989, 42.863720703124997 ], [ -79.03671875, 42.80234375 ], [ -79.173730468750023, 42.74853515625 ], [ -79.446240234374997, 42.651464843749999 ], [ -79.762011718749989, 42.538964843750136 ], [ -80.035742187499991, 42.441455078124996 ], [ -80.24755859375, 42.366015625 ], [ -80.6826171875, 42.299755859374997 ], [ -81.028222656250023, 42.247167968749977 ], [ -81.277636718749989, 42.209179687499997 ], [ -81.50732421875, 42.103466796875011 ], [ -81.7609375, 41.98681640625 ], [ -81.974169921874989, 41.888720703124989 ], [ -82.213330078124997, 41.778710937499994 ], [ -82.4390625, 41.674853515624996 ], [ -82.690039062499991, 41.675195312499994 ], [ -82.8662109375, 41.753027343749999 ], [ -83.029980468749997, 41.832958984374997 ], [ -83.141943359374991, 41.975878906249996 ], [ -83.149658203125, 42.141943359374999 ], [ -83.109521484375023, 42.250683593750011 ], [ -83.073144531249994, 42.30029296875 ], [ -83.003710937499989, 42.331738281249997 ], [ -82.867773437499991, 42.385205078124997 ], [ -82.744189453124989, 42.493457031250102 ], [ -82.645117187499991, 42.558056640624997 ], [ -82.5453125, 42.624707031249997 ], [ -82.488330078124989, 42.739501953125 ], [ -82.417236328125, 43.017382812500045 ], [ -82.408203125, 43.07265625 ], [ -82.304785156249991, 43.263232421874996 ], [ -82.190380859374997, 43.474072265624997 ], [ -82.137841796875023, 43.570898437500034 ], [ -82.196582031249989, 43.822216796874997 ], [ -82.240771484374989, 44.015332031249997 ], [ -82.28125, 44.192236328124999 ], [ -82.326806640624994, 44.391552734374997 ], [ -82.368261718749991, 44.572998046875 ], [ -82.407373046874994, 44.743945312499996 ], [ -82.446582031249989, 44.91552734375 ], [ -82.485058593749997, 45.083740234375 ], [ -82.515234375, 45.204394531249996 ], [ -82.551074218749989, 45.347363281249997 ], [ -82.760400390625023, 45.447705078125125 ], [ -82.919335937499994, 45.51796875 ], [ -83.179296875, 45.632763671874997 ], [ -83.397314453124991, 45.729052734374996 ], [ -83.592675781250023, 45.817138671875057 ], [ -83.469482421875, 45.994677734374989 ], [ -83.480126953125023, 46.023730468750045 ], [ -83.524755859374991, 46.058691406249999 ], [ -83.615966796875, 46.116845703125023 ], [ -83.669287109374991, 46.122753906249997 ], [ -83.76318359375, 46.109082031249997 ], [ -83.913037109375011, 46.072900390625136 ], [ -83.977783203125, 46.084912109374997 ], [ -84.029199218749994, 46.147021484374996 ], [ -84.08837890625, 46.226513671874997 ], [ -84.107763671874991, 46.288623046874996 ], [ -84.115185546875011, 46.370800781250068 ], [ -84.150488281249991, 46.444775390624997 ], [ -84.128125, 46.48359375 ], [ -84.123193359375023, 46.5029296875 ], [ -84.125195312499997, 46.527246093749994 ], [ -84.149462890624989, 46.542773437499996 ], [ -84.192187499999989, 46.549560546875 ], [ -84.336718749999989, 46.518505859374997 ], [ -84.401708984374991, 46.515625 ], [ -84.440478515624989, 46.498144531249999 ], [ -84.5015625, 46.461865234374997 ], [ -84.561767578125, 46.457373046874999 ], [ -84.665771484375, 46.543261718750045 ], [ -84.779394531249991, 46.637304687499999 ], [ -84.827050781249994, 46.766845703125 ], [ -84.8759765625, 46.89990234375 ], [ -85.070068359375, 46.979931640624997 ], [ -85.264111328125011, 47.059960937500136 ], [ -85.458203125, 47.139941406249996 ], [ -85.652246093750023, 47.219970703125057 ], [ -85.846337890624994, 47.3 ], [ -86.040380859374991, 47.380029296874994 ], [ -86.234472656249991, 47.460058593749999 ], [ -86.428564453124991, 47.540087890624996 ], [ -86.495556640625011, 47.566601562500125 ], [ -86.672167968749989, 47.636425781249997 ], [ -86.921826171874997, 47.735205078124999 ], [ -87.2080078125, 47.848486328124999 ], [ -87.494238281249991, 47.961767578124999 ], [ -87.743896484375, 48.060546875 ], [ -87.920507812499991, 48.13037109375 ], [ -87.987451171874994, 48.156884765624994 ], [ -88.16064453125, 48.225390625000045 ], [ -88.378173828125, 48.303076171875091 ], [ -88.611767578125011, 48.264013671875091 ], [ -88.898681640625, 48.155712890624997 ], [ -89.062597656249991, 48.093798828124996 ], [ -89.185644531249991, 48.047412109374996 ], [ -89.273193359375, 48.019970703125125 ], [ -89.455664062499991, 47.996240234374994 ], [ -89.550585937499989, 47.999902343749994 ], [ -89.775390625, 48.015332031249997 ], [ -89.901025390625023, 47.995458984375091 ], [ -89.99365234375, 48.015332031249997 ], [ -90.039941406249994, 48.078173828124996 ], [ -90.091796875, 48.118115234375068 ], [ -90.320117187499989, 48.099169921874996 ], [ -90.607080078124994, 48.112597656249996 ], [ -90.744384765625, 48.104589843749999 ], [ -90.797314453125011, 48.131054687500011 ], [ -90.84033203125, 48.200537109374977 ], [ -90.916064453124989, 48.209130859374994 ], [ -91.04345703125, 48.193701171874999 ], [ -91.220654296875011, 48.104589843749977 ], [ -91.38720703125, 48.058544921874997 ], [ -91.518310546875, 48.058300781250125 ], [ -91.647314453124991, 48.104589843749999 ], [ -91.8583984375, 48.197558593750045 ], [ -92.005175781249989, 48.301855468749999 ], [ -92.171777343749994, 48.33837890625 ], [ -92.298681640624991, 48.32890625 ], [ -92.348437499999989, 48.276611328125 ], [ -92.414599609374989, 48.276611328125 ], [ -92.460888671875011, 48.36586914062508 ], [ -92.500585937499991, 48.435351562499996 ], [ -92.583251953125, 48.465087890625 ], [ -92.732666015625, 48.531835937499999 ], [ -92.836718749999989, 48.567773437499994 ], [ -92.996240234374994, 48.61181640625 ], [ -93.051708984375011, 48.619873046875114 ], [ -93.155224609374997, 48.625341796874999 ], [ -93.257958984375023, 48.628857421875011 ], [ -93.377880859375011, 48.616552734374977 ], [ -93.463623046875, 48.561279296875114 ], [ -93.564257812499989, 48.536914062499996 ], [ -93.707714843749997, 48.525439453124996 ], [ -93.803564453124991, 48.548925781249999 ], [ -93.851611328124989, 48.607275390625034 ], [ -94.05517578125, 48.659033203124999 ], [ -94.414160156249991, 48.7041015625 ], [ -94.620898437499989, 48.742626953124997 ], [ -94.675341796874989, 48.7744140625 ], [ -94.705078125, 48.808496093749994 ], [ -94.712548828124994, 48.862988281249997 ], [ -94.712792968750023, 48.863427734375023 ], [ -94.803466796875, 49.0029296875 ], [ -94.842578124999989, 49.119189453125045 ], [ -94.860400390624989, 49.25859375 ], [ -94.854345703124991, 49.304589843749994 ], [ -94.874804687499989, 49.319042968749997 ], [ -94.939355468749994, 49.349414062499996 ], [ -95.1552734375, 49.369677734375102 ], [ -95.158251953124989, 49.203076171874997 ], [ -95.162060546874997, 48.991748046874996 ], [ -95.397900390624997, 48.9931640625 ], [ -95.824316406249991, 48.9931640625 ], [ -96.250683593749997, 48.9931640625 ], [ -96.677050781249989, 48.9931640625 ], [ -97.103466796875011, 48.9931640625 ], [ -97.529833984374989, 48.9931640625 ], [ -97.956201171874994, 48.9931640625 ], [ -98.382617187499989, 48.9931640625 ], [ -98.808984375, 48.9931640625 ], [ -99.2353515625, 48.993115234374997 ], [ -99.66171875, 48.993115234374997 ], [ -100.088134765625, 48.993115234375125 ], [ -100.514501953124991, 48.993115234374997 ], [ -100.940869140625011, 48.993115234375125 ], [ -101.367285156249991, 48.993115234374997 ], [ -101.793652343750011, 48.993115234375125 ], [ -102.220019531249989, 48.993115234375125 ], [ -102.646435546875011, 48.993115234375125 ], [ -103.072802734374989, 48.993115234374997 ], [ -103.499169921875023, 48.993115234375125 ], [ -103.925585937500003, 48.993115234374997 ], [ -104.351953125000023, 48.993115234375125 ], [ -104.7783203125, 48.993115234375125 ], [ -105.2046875, 48.993115234374997 ], [ -105.631103515625, 48.993115234375125 ], [ -106.057470703124991, 48.993115234374997 ], [ -106.483837890625011, 48.993115234375125 ], [ -106.910253906249991, 48.993115234374997 ], [ -107.336621093750011, 48.993115234375125 ], [ -107.762988281250003, 48.993115234374997 ], [ -108.189404296875011, 48.993115234375125 ], [ -108.615771484375003, 48.993115234374997 ], [ -109.042138671875023, 48.993115234375125 ], [ -109.468554687500003, 48.993066406249994 ], [ -109.894921875000023, 48.993066406250136 ], [ -110.3212890625, 48.993066406249994 ], [ -110.74765625, 48.993066406249994 ], [ -111.174072265625, 48.993066406249994 ], [ -111.600439453124991, 48.993066406249994 ], [ -112.026806640624997, 48.993066406249994 ], [ -112.453222656249991, 48.993066406249994 ], [ -112.879589843749997, 48.993066406249994 ], [ -113.305957031250003, 48.993066406249994 ], [ -113.732373046874997, 48.993066406249994 ], [ -114.158740234375003, 48.993066406249994 ], [ -114.585107421874994, 48.993066406249994 ], [ -115.011523437500003, 48.993066406249994 ], [ -115.437890625, 48.993066406249994 ], [ -115.8642578125, 48.993066406249994 ], [ -116.290625, 48.993066406249994 ], [ -116.717041015625, 48.993066406249994 ], [ -117.143408203125006, 48.993066406249994 ], [ -117.569775390624997, 48.993066406249994 ], [ -117.996191406250006, 48.993066406249994 ], [ -118.422558593749997, 48.993066406249994 ], [ -118.848925781249989, 48.993066406249994 ], [ -119.275341796874997, 48.993066406249994 ], [ -119.701708984374989, 48.993017578124999 ], [ -120.128076171874994, 48.993017578124999 ], [ -120.554492187499989, 48.99301757812492 ], [ -120.980859375, 48.993017578124999 ], [ -121.4072265625, 48.99301757812492 ], [ -121.83359375, 48.993017578124999 ], [ -122.260009765625, 48.993017578124999 ], [ -122.686376953125006, 48.993017578124999 ], [ -122.788769531249997, 48.993017578124999 ], [ -122.826708984374989, 49.028417968750034 ], [ -122.92416992187492, 49.074658203125068 ], [ -122.962695312499989, 49.074609375000023 ], [ -123.002294921874977, 49.060888671875091 ], [ -123.027246093749966, 49.038525390624955 ], [ -123.049218750000023, 48.99301757812492 ], [ -123.063281249999989, 48.977734375 ], [ -123.077294921874994, 48.980224609375 ], [ -123.08642578125, 48.993017578124999 ], [ -123.117626953125011, 49.056347656250068 ], [ -123.109326171875011, 49.084619140625136 ], [ -123.077294921874966, 49.118359375000068 ], [ -123.079541015624955, 49.130615234375114 ], [ -123.150146484374943, 49.121044921875068 ], [ -123.181884765624943, 49.129492187500034 ], [ -123.196337890624989, 49.147705078125 ], [ -123.191064453124966, 49.219531250000102 ], [ -123.229443359374955, 49.260498046875057 ], [ -123.18393554687492, 49.277734375000023 ], [ -123.067285156249966, 49.291552734374989 ], [ -122.947656250000023, 49.293261718749989 ], [ -122.912988281249966, 49.323193359375068 ], [ -122.879101562500011, 49.398925781250057 ], [ -122.964453124999977, 49.329345703125057 ], [ -123.015527343749966, 49.322167968750023 ], [ -123.174267578125011, 49.348193359374989 ], [ -123.276757812500023, 49.343945312500011 ], [ -123.290527343749943, 49.359472656249977 ], [ -123.286279296874966, 49.374951171875125 ], [ -123.264062500000023, 49.390478515625091 ], [ -123.247705078125023, 49.443017578125136 ], [ -123.222998046874977, 49.590478515624966 ], [ -123.190673828124943, 49.644287109375114 ], [ -123.179589843750023, 49.673535156250011 ], [ -123.1875, 49.680322265624966 ], [ -123.325, 49.577685546875045 ], [ -123.336669921874943, 49.545117187499955 ], [ -123.322412109374966, 49.516992187500136 ], [ -123.335644531250011, 49.459179687500068 ], [ -123.398974609374932, 49.441894531250114 ], [ -123.436962890624955, 49.45131835937508 ], [ -123.508203125000023, 49.402441406250034 ], [ -123.530566406249932, 49.397314453125091 ], [ -123.858935546874932, 49.482861328125068 ], [ -123.891845703125, 49.494726562500034 ], [ -123.948388671874966, 49.534716796874989 ], [ -124.028613281249989, 49.602880859375034 ], [ -124.053808593749977, 49.661718750000091 ], [ -124.02402343749992, 49.71132812500008 ], [ -123.992626953125011, 49.736181640624977 ], [ -123.959521484374932, 49.736181640624977 ], [ -123.922753906249966, 49.717529296875114 ], [ -123.847119140625011, 49.636669921874955 ], [ -123.817187499999989, 49.58657226562508 ], [ -123.739062499999932, 49.593554687500102 ], [ -123.612744140624955, 49.657568359374977 ], [ -123.582470703125011, 49.68125 ], [ -123.708300781249989, 49.656933593750011 ], [ -123.7626953125, 49.658496093749989 ], [ -123.818017578124966, 49.685156250000091 ], [ -123.874414062500023, 49.736816406250114 ], [ -123.903808593749943, 49.795458984374989 ], [ -123.904248046874955, 49.981152343750011 ], [ -123.884960937500011, 50.017041015625011 ], [ -123.823828124999977, 50.043701171875114 ], [ -123.78466796875, 50.087988281250091 ], [ -123.78769531249992, 50.106738281249989 ], [ -123.825439453124943, 50.144238281250011 ], [ -123.880126953125, 50.173632812499932 ], [ -123.93359375, 50.188281250000102 ], [ -123.945898437499977, 50.183935546875091 ], [ -123.863037109375, 50.102587890625045 ], [ -123.86572265625, 50.072070312500045 ], [ -123.957421875000023, 49.992773437500034 ], [ -123.971386718749955, 49.969531250000102 ], [ -123.972119140625011, 49.892041015625125 ], [ -123.984912109374932, 49.875585937499977 ], [ -124.058789062500011, 49.853662109375136 ], [ -124.1416015625, 49.792675781250125 ], [ -124.28125, 49.772119140625023 ], [ -124.412597656249943, 49.778125 ], [ -124.483251953124977, 49.808203125000091 ], [ -124.702294921874966, 49.957666015625023 ], [ -124.782373046874966, 50.02011718749992 ], [ -124.784277343749977, 50.072802734374989 ], [ -124.934179687499977, 50.258056640625114 ], [ -124.933349609375, 50.297900390625045 ], [ -124.985595703125, 50.35561523437508 ], [ -125.043603515624966, 50.363769531249943 ], [ -125.056689453124989, 50.418652343750125 ], [ -124.936816406249989, 50.537402343749989 ], [ -124.862646484374977, 50.637304687500091 ], [ -124.854248046874943, 50.668652343750068 ], [ -124.857519531249977, 50.717333984375045 ], [ -124.875439453125011, 50.825634765625068 ], [ -124.859863281249943, 50.872412109375034 ], [ -124.933593749999943, 50.810595703125045 ], [ -124.949267578124932, 50.764697265625102 ], [ -124.931054687499966, 50.71840820312508 ], [ -124.942529296875023, 50.665673828125023 ], [ -124.985400390624932, 50.59194335937508 ], [ -125.058789062499955, 50.513867187500011 ], [ -125.209863281250023, 50.476318359375 ], [ -125.476318359374943, 50.497167968749977 ], [ -125.50717773437492, 50.507275390625068 ], [ -125.52597656249992, 50.534130859375011 ], [ -125.539355468749989, 50.649023437499977 ], [ -125.555566406250023, 50.63486328124992 ], [ -125.585839843749966, 50.57363281250008 ], [ -125.610156249999932, 50.486035156250011 ], [ -125.641308593749955, 50.466210937500023 ], [ -125.697558593749989, 50.464550781250068 ], [ -125.7412109375, 50.478564453125102 ], [ -125.772412109374955, 50.50820312500008 ], [ -125.839599609374943, 50.510644531250023 ], [ -125.965039062500011, 50.487353515625102 ], [ -126.024121093750011, 50.496728515625023 ], [ -126.094335937499977, 50.497607421875045 ], [ -126.236572265625, 50.523291015624977 ], [ -126.404492187500011, 50.529882812500034 ], [ -126.449951171874943, 50.549707031250023 ], [ -126.447460937500011, 50.58774414062492 ], [ -126.41611328124992, 50.606982421874932 ], [ -126.238916015624966, 50.623828124999989 ], [ -126.067236328124977, 50.664306640625057 ], [ -125.897607421874966, 50.684375000000102 ], [ -125.904101562499989, 50.704931640625034 ], [ -125.980712890624943, 50.711376953125068 ], [ -126.370312500000011, 50.666748046875057 ], [ -126.492968749999932, 50.672119140625057 ], [ -126.514355468750011, 50.679394531250125 ], [ -126.517333984375, 50.724462890625091 ], [ -126.472216796874989, 50.767285156250125 ], [ -126.397119140625023, 50.807080078125011 ], [ -126.374609374999977, 50.837353515625011 ], [ -126.418212890625, 50.85019531249992 ], [ -126.488183593750023, 50.841845703124989 ], [ -126.521777343749932, 50.866064453124977 ], [ -126.484619140625, 50.960498046875045 ], [ -126.517333984375, 51.056835937500125 ], [ -126.562890624999966, 50.965478515625136 ], [ -126.631787109374955, 50.915136718750034 ], [ -126.960400390624955, 50.89370117187508 ], [ -127.014062499999966, 50.86679687499992 ], [ -127.057568359375011, 50.867529296875091 ], [ -127.267480468749966, 50.916064453125045 ], [ -127.35693359375, 50.945556640625 ], [ -127.441210937499932, 50.98940429687508 ], [ -127.590869140624989, 51.087548828125136 ], [ -127.708105468749977, 51.151171874999989 ], [ -127.714306640624955, 51.268652343750091 ], [ -127.689160156250011, 51.343457031250068 ], [ -127.632714843749966, 51.427294921875102 ], [ -127.419677734375, 51.608056640625136 ], [ -127.346582031250023, 51.642382812500045 ], [ -127.280664062500023, 51.654101562500102 ], [ -126.96811523437492, 51.669921874999943 ], [ -126.735400390624932, 51.692626953124943 ], [ -126.691455078124989, 51.703417968750045 ], [ -127.034082031250023, 51.71669921875008 ], [ -127.33872070312492, 51.707373046874977 ], [ -127.442724609374977, 51.678955078125 ], [ -127.575732421874989, 51.562939453125011 ], [ -127.609570312499955, 51.514062500000023 ], [ -127.644873046874977, 51.478466796875011 ], [ -127.668701171875, 51.477587890625045 ], [ -127.714062500000011, 51.490185546875125 ], [ -127.728710937499955, 51.505517578125023 ], [ -127.747509765625011, 51.543554687499977 ], [ -127.818945312499977, 51.603906250000023 ], [ -127.850537109375011, 51.673193359375091 ], [ -127.869140625, 51.775244140625091 ], [ -127.863232421875011, 51.820800781249943 ], [ -127.829980468750023, 51.879003906250091 ], [ -127.72763671874992, 51.993212890625102 ], [ -127.858789062500023, 51.990283203125045 ], [ -127.843310546874989, 52.086474609375102 ], [ -127.795361328124955, 52.191015625000091 ], [ -127.67333984375, 52.252929687500057 ], [ -127.549707031250023, 52.297607421875114 ], [ -127.437939453125011, 52.356152343750125 ], [ -127.242236328124989, 52.395117187500091 ], [ -127.175732421874955, 52.31484375000008 ], [ -127.007958984374966, 52.290673828125136 ], [ -126.959472656249943, 52.254541015625023 ], [ -126.9, 52.188330078125034 ], [ -126.826318359374966, 52.125146484375136 ], [ -126.738574218749989, 52.064941406249943 ], [ -126.71396484374992, 52.060693359374966 ], [ -126.752636718750011, 52.112353515625045 ], [ -126.895214843750011, 52.225488281249966 ], [ -126.901416015624932, 52.265332031250125 ], [ -126.938183593749955, 52.308593750000057 ], [ -127.127050781249977, 52.370947265624977 ], [ -127.160595703124955, 52.394873046875034 ], [ -127.193994140625023, 52.457666015625023 ], [ -127.208251953125, 52.498242187500125 ], [ -127.187109374999977, 52.537695312499977 ], [ -126.99521484374992, 52.657910156249955 ], [ -126.951318359374966, 52.721240234375102 ], [ -126.951367187499955, 52.751025390625102 ], [ -126.96640624999992, 52.784667968750057 ], [ -127.008251953125011, 52.842578125000102 ], [ -127.019335937499989, 52.842480468750125 ], [ -127.006396484374989, 52.754589843750125 ], [ -127.013232421874989, 52.719970703125 ], [ -127.034863281250011, 52.681738281250034 ], [ -127.066210937499932, 52.652685546874977 ], [ -127.107080078124966, 52.6328125 ], [ -127.519238281250011, 52.35927734375008 ], [ -127.560302734374943, 52.343212890625011 ], [ -127.713378906249943, 52.318505859375136 ], [ -127.791894531249966, 52.289355468750045 ], [ -127.83432617187492, 52.250976562500057 ], [ -127.902197265624977, 52.150878906250057 ], [ -127.995410156249932, 51.950537109375091 ], [ -128.102246093749955, 51.78842773437492 ], [ -128.193554687500011, 51.998291015625057 ], [ -128.357617187500011, 52.158886718750125 ], [ -128.0375, 52.318164062500045 ], [ -128.029150390624977, 52.342480468750011 ], [ -128.060302734374943, 52.427539062500102 ], [ -128.051562499999932, 52.453320312500068 ], [ -128.021289062499989, 52.490673828125011 ], [ -127.940234374999989, 52.545166015625114 ], [ -127.943359375, 52.550732421875011 ], [ -128.038232421874966, 52.53115234375008 ], [ -128.183984375000023, 52.407910156250011 ], [ -128.240966796875, 52.36826171874992 ], [ -128.271533203124989, 52.362988281250125 ], [ -128.275146484375, 52.435498046875125 ], [ -128.196777343749943, 52.623291015625057 ], [ -128.132373046874989, 52.80581054687508 ], [ -128.108789062499966, 52.85805664062508 ], [ -128.053271484374932, 52.910693359374989 ], [ -128.10595703125, 52.90688476562508 ], [ -128.365039062499932, 52.825781250000091 ], [ -128.451953124999989, 52.876611328125136 ], [ -128.524707031249989, 53.140673828125102 ], [ -128.652343749999943, 53.243847656249955 ], [ -128.868554687500023, 53.328125000000114 ], [ -129.08090820312492, 53.367285156250091 ], [ -129.129541015625023, 53.44228515625008 ], [ -129.171582031249955, 53.533593750000023 ], [ -129.114453125000011, 53.641113281250114 ], [ -129.021435546875011, 53.692138671875 ], [ -128.935595703124989, 53.715185546875091 ], [ -128.85458984374992, 53.704541015625068 ], [ -128.850439453124977, 53.665185546875023 ], [ -128.90561523437492, 53.559326171875114 ], [ -128.833056640624989, 53.549414062500034 ], [ -128.542138671874966, 53.420654296875114 ], [ -128.478613281249977, 53.410302734375136 ], [ -128.358056640625023, 53.459814453125091 ], [ -128.291064453124989, 53.457861328125034 ], [ -128.132714843750023, 53.417773437500045 ], [ -128.079199218749977, 53.369433593749989 ], [ -127.927832031249977, 53.274707031250045 ], [ -127.950048828124977, 53.329833984375114 ], [ -128.115136718750023, 53.445947265625136 ], [ -128.207226562499955, 53.483203125000045 ], [ -128.369140625, 53.490380859375136 ], [ -128.469628906250023, 53.470898437500068 ], [ -128.511767578124989, 53.476562499999943 ], [ -128.600341796875, 53.506103515625114 ], [ -128.675537109374943, 53.554589843750023 ], [ -128.750781249999932, 53.660839843750011 ], [ -128.767871093749932, 53.710205078125114 ], [ -128.763671875, 53.746875 ], [ -128.74594726562492, 53.780175781250023 ], [ -128.714746093749966, 53.810009765625011 ], [ -128.652880859374989, 53.831640624999977 ], [ -128.560449218749966, 53.845068359375091 ], [ -128.532128906249966, 53.858105468750068 ], [ -128.65087890625, 53.918847656250023 ], [ -128.704785156249955, 53.918603515625136 ], [ -128.890185546874989, 53.829785156249955 ], [ -128.92783203124992, 53.822802734374989 ], [ -128.943994140625023, 53.840039062500125 ], [ -128.959375, 53.841455078125023 ], [ -129.013964843749989, 53.797460937499977 ], [ -129.056396484375, 53.777783203125068 ], [ -129.20810546874992, 53.6416015625 ], [ -129.231738281249932, 53.576416015625057 ], [ -129.24033203124992, 53.479052734375102 ], [ -129.257861328124932, 53.417968750000114 ], [ -129.284277343749977, 53.393164062500034 ], [ -129.462402343749943, 53.346582031250136 ], [ -129.563720703125, 53.251464843750114 ], [ -129.686718750000011, 53.333544921874932 ], [ -129.82177734375, 53.41274414062508 ], [ -129.911865234374943, 53.551367187500091 ], [ -130.074365234375023, 53.575634765625068 ], [ -130.263281249999977, 53.654150390625091 ], [ -130.335253906249989, 53.723925781250102 ], [ -130.232861328124955, 53.867431640625 ], [ -130.0859375, 53.975781250000068 ], [ -130.063525390624932, 54.105664062500068 ], [ -130.043310546874977, 54.133544921875057 ], [ -129.790771484374943, 54.165771484375057 ], [ -129.626025390624989, 54.230273437500045 ], [ -129.794970703124932, 54.236132812499989 ], [ -129.898437499999943, 54.226367187499932 ], [ -130.084228515625, 54.181396484375 ], [ -130.290332031249932, 54.270361328125034 ], [ -130.396777343749989, 54.351660156250091 ], [ -130.430273437499977, 54.420996093749977 ], [ -130.393457031250023, 54.479638671875023 ], [ -130.388623046875011, 54.539355468750102 ], [ -130.370019531250023, 54.620019531250023 ], [ -130.350488281249966, 54.655322265625102 ], [ -130.30722656249992, 54.700292968750034 ], [ -130.218945312499955, 54.730273437500102 ], [ -130.140869140625, 54.822753906250114 ], [ -130.108642578125, 54.887255859375102 ], [ -129.948535156249932, 55.0810546875 ], [ -129.890136718749943, 55.164648437499977 ], [ -129.78076171875, 55.280468750000125 ], [ -129.560644531249977, 55.46254882812508 ], [ -129.630126953125, 55.45224609374992 ], [ -129.666650390625023, 55.436669921875136 ], [ -129.701318359375023, 55.438574218749977 ], [ -129.734179687499989, 55.458007812500057 ], [ -129.765478515624977, 55.498242187500068 ], [ -129.795166015625, 55.559570312500114 ], [ -129.811914062500023, 55.532617187500136 ], [ -129.815625, 55.417578124999977 ], [ -129.83774414062492, 55.319091796875 ], [ -129.877148437499955, 55.25063476562508 ], [ -129.985205078124977, 55.111474609375136 ], [ -130.048486328124966, 55.057275390625136 ], [ -130.091796875, 55.107763671875091 ], [ -130.058398437499932, 55.194775390625068 ], [ -129.995849609375, 55.264062500000136 ], [ -129.985156249999932, 55.358837890625068 ], [ -130.044042968749977, 55.471923828125057 ], [ -130.079980468750023, 55.56289062500008 ], [ -130.092968750000011, 55.631835937500114 ], [ -130.094677734374955, 55.694775390625125 ], [ -130.085107421874966, 55.751708984375 ], [ -130.060351562499989, 55.813720703125057 ], [ -130.020312499999932, 55.880761718750023 ], [ -130.025097656250011, 55.888232421875102 ] ] ], [ [ [ -109.815966796875003, 78.650390625 ], [ -109.640966796874991, 78.592089843750003 ], [ -109.580859375, 78.59326171875 ], [ -109.504150390625, 78.582470703124997 ], [ -109.46728515625, 78.5671875 ], [ -109.362207031249994, 78.492871093749997 ], [ -109.342138671874991, 78.456005859374997 ], [ -109.336035156249991, 78.408447265625 ], [ -109.352099609375003, 78.36865234375 ], [ -109.390527343749994, 78.336669921875 ], [ -109.484472656249991, 78.31640625 ], [ -109.708789062500003, 78.303759765625003 ], [ -110.021875, 78.322802734375003 ], [ -110.29345703125, 78.298193359375006 ], [ -110.418359375, 78.294970703125003 ], [ -110.755078125, 78.310742187499997 ], [ -110.840039062499997, 78.322314453125003 ], [ -111.026757812499994, 78.367626953124997 ], [ -111.169189453125, 78.386279296875003 ], [ -111.22900390625, 78.376318359375006 ], [ -111.300488281249997, 78.336572265624994 ], [ -111.43505859375, 78.287353515625 ], [ -111.517480468749994, 78.274707031250003 ], [ -111.759716796874997, 78.282958984375 ], [ -112.13125, 78.366064453125006 ], [ -112.5578125, 78.341503906249997 ], [ -112.999902343749994, 78.292919921874997 ], [ -113.172509765624994, 78.283789062500006 ], [ -113.223046875, 78.297900390625003 ], [ -113.292578125, 78.334375 ], [ -113.281689453124997, 78.352783203125 ], [ -113.149951171875003, 78.408398437499997 ], [ -112.855859375, 78.466845703125003 ], [ -112.640820312499997, 78.499804687500003 ], [ -112.214013671874994, 78.547802734374997 ], [ -111.708789062500003, 78.57470703125 ], [ -111.519873046874991, 78.603222656249997 ], [ -111.400341796874997, 78.64404296875 ], [ -111.071484375, 78.708398437499994 ], [ -110.877587890624994, 78.735058593749997 ], [ -110.618066406249994, 78.7578125 ], [ -110.4078125, 78.756640625 ], [ -110.140478515624991, 78.704443359375006 ], [ -109.940869140624997, 78.678466796875 ], [ -109.815966796875003, 78.650390625 ] ] ], [ [ [ -110.458056640625003, 78.103222656249997 ], [ -109.656884765624994, 78.079248046874994 ], [ -109.622265625, 78.074755859375003 ], [ -109.619042968749994, 78.056835937499997 ], [ -109.679394531249997, 77.999316406250003 ], [ -109.771777343750003, 77.957421875 ], [ -110.199511718750003, 77.904833984375003 ], [ -110.751123046874994, 77.857226562500003 ], [ -110.865625, 77.834130859374994 ], [ -110.856542968749991, 77.820361328125003 ], [ -110.811621093749991, 77.803173828124997 ], [ -110.719384765624994, 77.781445312499997 ], [ -110.2921875, 77.786376953125 ], [ -110.189208984375, 77.777001953124994 ], [ -110.152734375, 77.762939453125 ], [ -110.130859375, 77.742382812499997 ], [ -110.117578125, 77.715576171875 ], [ -110.116894531249997, 77.624707031249997 ], [ -110.139453125, 77.572119140625006 ], [ -110.198486328125, 77.524511718750006 ], [ -110.371533203124997, 77.490625 ], [ -110.682861328125, 77.445898437500006 ], [ -110.893994140624997, 77.425976562499997 ], [ -111.060449218749994, 77.433154296875003 ], [ -111.226220703124994, 77.428515625 ], [ -111.951953125, 77.344189453124997 ], [ -112.176513671875, 77.34375 ], [ -112.37265625, 77.364111328125006 ], [ -112.643798828125, 77.443701171875006 ], [ -112.925634765624991, 77.474951171875006 ], [ -113.046044921874994, 77.5107421875 ], [ -113.164355468750003, 77.5302734375 ], [ -113.197119140624991, 77.558837890625 ], [ -113.208544921875003, 77.580175781250006 ], [ -113.188623046874994, 77.599755859374994 ], [ -113.137402343749997, 77.617529296875006 ], [ -113.120654296875003, 77.632617187500003 ], [ -113.167773437500003, 77.676464843749997 ], [ -113.189501953125003, 77.718310546875003 ], [ -113.271289062500003, 77.778417968750006 ], [ -113.283447265625, 77.813037109375003 ], [ -113.282958984375, 77.835644531249997 ], [ -113.269335937500003, 77.860058593749997 ], [ -113.215185546874991, 77.903515625 ], [ -113.187060546875003, 77.912353515625 ], [ -113.021630859374994, 77.919140625 ], [ -112.804541015624991, 77.941601562499997 ], [ -112.304589843749994, 78.006787109374997 ], [ -111.206591796875003, 78.088134765625 ], [ -110.873242187499997, 78.080615234375003 ], [ -110.72734375, 78.096582031249994 ], [ -110.458056640625003, 78.103222656249997 ] ] ], [ [ [ -115.55126953125, 77.36328125 ], [ -115.4755859375, 77.324316406250006 ], [ -115.47021484375, 77.308642578125003 ], [ -115.506640625, 77.292138671874994 ], [ -115.623925781249994, 77.265917968750003 ], [ -116.213720703125006, 77.17822265625 ], [ -116.329199218750006, 77.137060546875006 ], [ -116.285742187500006, 77.101660156250006 ], [ -116.073095703125006, 77.029980468749997 ], [ -115.856835937499994, 76.96923828125 ], [ -115.81005859375, 76.939111328124994 ], [ -115.912890625, 76.908447265625 ], [ -116.109765625, 76.918212890625 ], [ -116.183251953124994, 76.915576171875003 ], [ -116.252734374999989, 76.901416015625003 ], [ -116.233984375, 76.874316406250003 ], [ -116.016210937500006, 76.784521484375006 ], [ -115.944580078125, 76.736230468749994 ], [ -115.9462890625, 76.711279296875006 ], [ -115.984814453124997, 76.686914062499994 ], [ -116.076220703124989, 76.653515625 ], [ -116.220458984375, 76.611083984375 ], [ -116.467626953125006, 76.5771484375 ], [ -116.99921875, 76.531591796875006 ], [ -117.016796875, 76.49609375 ], [ -117.01328125, 76.469091796875006 ], [ -117.026171874999989, 76.403515625 ], [ -117.044482421874989, 76.373095703125003 ], [ -117.107763671875006, 76.321923828124994 ], [ -117.15390625, 76.297998046874994 ], [ -117.23359375, 76.281542968750003 ], [ -117.346923828125, 76.272558593750006 ], [ -117.492382812499997, 76.272705078125 ], [ -117.732421875, 76.316748046875006 ], [ -117.84140625, 76.344824218750006 ], [ -117.992968749999989, 76.405810546875003 ], [ -118.020214843749997, 76.446533203125 ], [ -118.005419921874989, 76.496679687500006 ], [ -117.965429687500006, 76.574023437500003 ], [ -117.899511718750006, 76.653076171875 ], [ -117.8076171875, 76.733935546875003 ], [ -117.78046875, 76.784277343750006 ], [ -117.817919921874989, 76.804101562499994 ], [ -117.880810546874997, 76.805078125 ], [ -118.076416015625, 76.772363281249994 ], [ -118.202783203124994, 76.760498046875 ], [ -118.300585937499989, 76.736669921875006 ], [ -118.369873046875, 76.700976562500003 ], [ -118.409130859374997, 76.662304687499997 ], [ -118.431005859375006, 76.587988281250006 ], [ -118.468164062499994, 76.54736328125 ], [ -118.573681640624997, 76.525195312500003 ], [ -118.731542968750006, 76.525585937499997 ], [ -118.79140625, 76.512988281250003 ], [ -118.820751953124997, 76.48583984375 ], [ -118.799560546875, 76.463769531249994 ], [ -118.643896484375006, 76.417529296875003 ], [ -118.62451171875, 76.365869140624994 ], [ -118.643408203125006, 76.334667968749997 ], [ -118.811572265624989, 76.277099609375 ], [ -118.851123046874989, 76.2578125 ], [ -118.95546875, 76.167675781249997 ], [ -118.993945312499989, 76.144873046875006 ], [ -119.080712890624994, 76.124072265625003 ], [ -119.168212890625, 76.126513671875003 ], [ -119.249267578125, 76.159472656250003 ], [ -119.367919921875, 76.221777343750006 ], [ -119.447802734374989, 76.275390625 ], [ -119.488818359374989, 76.3203125 ], [ -119.523730468749989, 76.340283203124997 ], [ -119.580371093749989, 76.326513671875006 ], [ -119.64892578125, 76.279882812500006 ], [ -119.65078125, 76.243701171875003 ], [ -119.635839843750006, 76.189892578124997 ], [ -119.6396484375, 76.156689453124997 ], [ -119.739648437499994, 76.117724609375003 ], [ -119.725195312500006, 76.099951171875006 ], [ -119.549707031249994, 76.052050781250003 ], [ -119.527148437499989, 76.030566406250003 ], [ -119.526123046875, 75.997216796874994 ], [ -119.537744140624994, 75.982177734375 ], [ -119.607958984374989, 75.984570312499997 ], [ -119.667138671874994, 75.945996093749997 ], [ -119.734814453124997, 75.915429687499994 ], [ -119.912890624999989, 75.858837890624997 ], [ -120.160546875, 75.851953125 ], [ -120.365380859374994, 75.824755859375003 ], [ -120.408886718749997, 75.825634765624997 ], [ -120.458300781249989, 75.870166015625003 ], [ -120.513818359374994, 75.958349609375006 ], [ -120.563281249999989, 76.008447265624994 ], [ -120.637158203124997, 76.034033203125006 ], [ -120.728662109374994, 76.134082031250003 ], [ -120.771582031250006, 76.166308593750003 ], [ -120.813378906249994, 76.179296875 ], [ -120.848388671875, 76.182666015625003 ], [ -120.900097656249997, 76.163427734375006 ], [ -121.019287109375, 76.020263671875 ], [ -121.213476562500006, 75.983691406250003 ], [ -121.320166015625006, 75.977001953124997 ], [ -121.427978515625, 75.981103515624994 ], [ -121.69453125, 76.0203125 ], [ -121.908203125, 76.034765625 ], [ -122.057421874999989, 76.018212890624994 ], [ -122.302734375, 75.959814453125006 ], [ -122.400488281250006, 75.944238281249994 ], [ -122.533056640625006, 75.950927734375 ], [ -122.591113281249989, 75.972998046875006 ], [ -122.640478515625006, 76.009082031250003 ], [ -122.645947265624997, 76.031005859375 ], [ -122.607373046874997, 76.038671875 ], [ -122.546240234375006, 76.080517578124997 ], [ -122.548193359375006, 76.097314453124994 ], [ -122.608642578125, 76.121435546875006 ], [ -122.609472656250006, 76.140283203124994 ], [ -122.587890625, 76.152978515624994 ], [ -122.592724609374997, 76.162060546874997 ], [ -122.623925781249994, 76.16748046875 ], [ -122.684667968750006, 76.162402343750003 ], [ -122.902783203124997, 76.134716796874997 ], [ -122.878271484375006, 76.164794921875 ], [ -122.774023437500006, 76.227685546874994 ], [ -122.519384765625006, 76.353173828124994 ], [ -122.423046875, 76.390087890624997 ], [ -122.365380859374994, 76.401220703125006 ], [ -121.61376953125, 76.441455078125003 ], [ -121.561132812500006, 76.453466796875006 ], [ -121.203906249999989, 76.622167968750006 ], [ -121.102001953124997, 76.660742187500006 ], [ -120.997607421874989, 76.691455078125003 ], [ -120.4853515625, 76.793212890625 ], [ -120.437597656250006, 76.816455078125003 ], [ -120.357666015625, 76.886914062499997 ], [ -120.3109375, 76.904589843750003 ], [ -120.200341796874994, 76.931347656249997 ], [ -119.831152343750006, 77.073876953124994 ], [ -119.494824218749997, 77.176904296874994 ], [ -119.323974609375, 77.240673828124997 ], [ -119.090185546875006, 77.305078125 ], [ -118.820019531249997, 77.332714843749997 ], [ -118.005175781249989, 77.381201171875006 ], [ -117.418603515624994, 77.3173828125 ], [ -117.279101562499989, 77.313378906249994 ], [ -117.210791015625006, 77.331445312499994 ], [ -117.148974609374989, 77.36083984375 ], [ -117.061376953125006, 77.348486328125006 ], [ -116.843554687499989, 77.339550781249997 ], [ -116.7953125, 77.346582031249994 ], [ -116.70361328125, 77.379931640625003 ], [ -116.766259765624994, 77.398242187500003 ], [ -117.02978515625, 77.431884765625 ], [ -117.045751953125006, 77.448974609375 ], [ -117.039746093749997, 77.465136718750003 ], [ -116.947167968749994, 77.503857421874997 ], [ -116.835302734375006, 77.528857421875003 ], [ -116.511328125, 77.547607421875 ], [ -116.362597656249989, 77.542822265625006 ], [ -116.208886718749994, 77.516015625 ], [ -116.008007812499997, 77.460644531249997 ], [ -115.55126953125, 77.36328125 ] ] ], [ [ [ -108.292382812499994, 76.05712890625 ], [ -108.166308593750003, 76.054296875 ], [ -108.01875, 76.065234375 ], [ -107.852294921875, 76.057714843750006 ], [ -107.77685546875, 76.035302734374994 ], [ -107.723486328124991, 75.995410156250003 ], [ -107.721289062499991, 75.974023437499994 ], [ -107.731835937499994, 75.955615234375003 ], [ -107.755175781250003, 75.940283203125006 ], [ -107.970410156249997, 75.839599609375 ], [ -108.020703125, 75.804785156250006 ], [ -107.951074218749994, 75.796289062499994 ], [ -107.917529296875003, 75.802148437499994 ], [ -107.702587890624997, 75.877587890624994 ], [ -107.540917968749994, 75.901171875 ], [ -107.418261718750003, 75.906591796875006 ], [ -107.216210937499994, 75.891552734374997 ], [ -107.135693359374997, 75.878564453124994 ], [ -107.080419921874991, 75.863183593749994 ], [ -107.050390625, 75.845410156249997 ], [ -106.970947265625, 75.773095703124994 ], [ -106.913525390624997, 75.679638671874997 ], [ -106.904199218749994, 75.689257812500003 ], [ -106.902783203124997, 75.741650390624997 ], [ -106.891699218749991, 75.782421875 ], [ -106.693115234375, 75.809960937499994 ], [ -106.688085937499991, 75.819042968749997 ], [ -106.759375, 75.841601562500003 ], [ -106.820068359375, 75.872412109375006 ], [ -106.862060546875, 75.930078125 ], [ -106.845654296874997, 75.9515625 ], [ -106.804101562499994, 75.974658203125003 ], [ -106.677001953125, 76.023730468750003 ], [ -106.528613281250003, 76.053027343750003 ], [ -106.396582031249991, 76.060107421875003 ], [ -105.904833984375003, 76.008984375 ], [ -105.711328125, 75.966992187499997 ], [ -105.632666015624991, 75.945361328125003 ], [ -105.604443359374997, 75.929931640625 ], [ -105.56328125, 75.880664062500003 ], [ -105.480908203124997, 75.745654296875003 ], [ -105.4814453125, 75.702246093750006 ], [ -105.519482421874997, 75.632373046875003 ], [ -105.678417968749997, 75.501367187499994 ], [ -105.70263671875, 75.4125 ], [ -105.862597656250003, 75.191552734374994 ], [ -105.971972656250003, 75.131494140624994 ], [ -106.092626953124991, 75.089453125 ], [ -106.588232421874991, 75.015429687500003 ], [ -106.961132812499997, 74.940087890624994 ], [ -107.055615234374997, 74.928173828124997 ], [ -107.153417968749991, 74.927148437499994 ], [ -107.4619140625, 74.9521484375 ], [ -107.820068359375, 75.000048828125003 ], [ -108.023632812499997, 74.986474609374994 ], [ -108.226611328125003, 74.951904296875 ], [ -108.354443359374997, 74.942626953125 ], [ -108.474755859374994, 74.947216796874997 ], [ -108.594189453124997, 74.959570312500006 ], [ -108.751318359374991, 74.991943359375 ], [ -108.670263671874991, 75.006738281249994 ], [ -108.63330078125, 75.023291015625006 ], [ -108.666015625, 75.040332031250003 ], [ -108.831298828125, 75.064892578124997 ], [ -109.002539062499991, 75.010302734375003 ], [ -109.503125, 74.882763671874997 ], [ -110.17578125, 74.839990234374994 ], [ -110.38671875, 74.81396484375 ], [ -110.543408203124997, 74.780371093750006 ], [ -110.624755859375, 74.752685546875 ], [ -110.749316406250003, 74.687695312499997 ], [ -110.940869140624997, 74.638720703125003 ], [ -111.287548828124997, 74.58515625 ], [ -111.728710937499997, 74.501953125 ], [ -112.519335937500003, 74.416845703125006 ], [ -113.016894531250003, 74.401904296875003 ], [ -113.5140625, 74.430078125 ], [ -113.671582031249997, 74.453027343749994 ], [ -113.836816406249994, 74.488964843749997 ], [ -114.174755859374997, 74.57373046875 ], [ -114.268261718749997, 74.604345703125006 ], [ -114.376953125, 74.670849609374997 ], [ -114.312695312499997, 74.715087890625 ], [ -114.132470703124994, 74.76611328125 ], [ -113.862890625, 74.812548828125003 ], [ -113.324316406249991, 74.875292968750003 ], [ -112.835986328125003, 74.9755859375 ], [ -112.663037109374997, 74.994433593750003 ], [ -112.192822265624997, 75.009765625 ], [ -111.955761718749997, 75.000390625 ], [ -111.784228515625003, 75.005664062500003 ], [ -111.67109375, 75.019433593749994 ], [ -111.503271484374991, 75.055615234374997 ], [ -111.257958984374994, 75.127734375 ], [ -111.07890625, 75.195214843749994 ], [ -111.033496093750003, 75.226757812499997 ], [ -111.093457031249997, 75.256298828124997 ], [ -111.181201171875003, 75.260449218749997 ], [ -111.473925781250003, 75.191113281249997 ], [ -111.620849609375, 75.167773437500003 ], [ -111.780859375, 75.166162109374994 ], [ -112.00048828125, 75.142431640625006 ], [ -112.214160156250003, 75.132910156250006 ], [ -112.255517578124994, 75.133691406249994 ], [ -112.478076171875003, 75.2 ], [ -112.597070312499994, 75.211669921875 ], [ -112.652392578125003, 75.2046875 ], [ -112.703125, 75.187158203124994 ], [ -112.799609375, 75.13818359375 ], [ -112.855322265624991, 75.12060546875 ], [ -112.951367187499997, 75.1078125 ], [ -113.339648437500003, 75.09326171875 ], [ -113.711767578124991, 75.068603515625 ], [ -113.794628906249997, 75.083837890625006 ], [ -113.844970703125, 75.112207031249994 ], [ -113.855371093749994, 75.129492187500006 ], [ -113.8609375, 75.187744140625 ], [ -113.886035156250003, 75.2109375 ], [ -113.853320312500003, 75.259375 ], [ -113.810888671874991, 75.296337890624997 ], [ -113.7587890625, 75.321728515624997 ], [ -113.503027343749991, 75.396679687499997 ], [ -113.467089843750003, 75.416113281250006 ], [ -113.588964843749991, 75.412109375 ], [ -113.878515625, 75.375439453124997 ], [ -113.916357421874991, 75.38818359375 ], [ -113.984130859375, 75.430078125 ], [ -114.016503906249994, 75.434277343749997 ], [ -114.053417968749997, 75.416894531249994 ], [ -114.074902343749997, 75.392382812500003 ], [ -114.124658203124994, 75.291210937499997 ], [ -114.16845703125, 75.239501953125 ], [ -114.284960937500003, 75.249951171874997 ], [ -114.429003906250003, 75.281152343749994 ], [ -114.4828125, 75.285400390625 ], [ -114.513818359374994, 75.275488281250006 ], [ -114.503955078125003, 75.258007812499997 ], [ -114.357763671874991, 75.171289062499994 ], [ -114.356103515624994, 75.140966796875006 ], [ -114.451757812499991, 75.087890625 ], [ -114.859179687500003, 74.999755859375 ], [ -115.020117187499991, 74.976171875 ], [ -115.077050781249994, 74.985302734374997 ], [ -115.128320312499994, 75.009472656249997 ], [ -115.173828125, 75.048828125 ], [ -115.279638671874991, 75.1015625 ], [ -115.342626953124991, 75.113378906250006 ], [ -115.413183593749991, 75.114990234375 ], [ -115.478076171875003, 75.104101562500006 ], [ -115.537304687499997, 75.080712890624994 ], [ -115.574072265624991, 75.055859375 ], [ -115.608984375, 75.009570312500003 ], [ -115.683154296875003, 74.974169921875003 ], [ -115.728857421874991, 74.968115234375006 ], [ -116.142626953124989, 75.041552734375003 ], [ -116.47607421875, 75.171777343749994 ], [ -116.841015625, 75.151513671874994 ], [ -117.004833984374997, 75.156103515625006 ], [ -117.501953125, 75.203857421875 ], [ -117.565234374999989, 75.233349609374997 ], [ -117.60009765625, 75.271679687499997 ], [ -117.596728515624989, 75.292529296875003 ], [ -117.576074218749994, 75.3140625 ], [ -117.513134765624997, 75.356787109375006 ], [ -117.387792968750006, 75.421484375 ], [ -117.335546875, 75.442333984374997 ], [ -117.257617187499989, 75.459521484375003 ], [ -117.154199218749994, 75.472998046875006 ], [ -116.890771484374994, 75.480517578125003 ], [ -116.212744140625006, 75.482958984375003 ], [ -116.0771484375, 75.49296875 ], [ -115.335351562499994, 75.618066406249994 ], [ -115.250683593749997, 75.638574218749994 ], [ -115.141845703125, 75.678515625 ], [ -115.117236328125003, 75.695019531249997 ], [ -115.121875, 75.705810546875 ], [ -116.034326171874994, 75.606689453125 ], [ -116.425634765625006, 75.585351562499994 ], [ -117.025195312499989, 75.601513671874997 ], [ -117.137939453125, 75.617138671874997 ], [ -117.163623046874989, 75.644873046875006 ], [ -117.03857421875, 75.718408203124994 ], [ -116.97265625, 75.745751953124994 ], [ -116.802148437499994, 75.771582031250006 ], [ -116.3896484375, 75.808203125 ], [ -115.838085937499997, 75.840576171875 ], [ -115.476855468750003, 75.84130859375 ], [ -115.173730468749994, 75.866992187500003 ], [ -114.991503906250003, 75.896337890625006 ], [ -115.602246093749997, 75.894824218750003 ], [ -116.337890625, 75.881054687499997 ], [ -116.444238281249994, 75.890625 ], [ -116.654296875, 75.929296875 ], [ -116.66455078125, 75.957568359375003 ], [ -116.58046875, 75.991552734375006 ], [ -116.549658203125006, 76.016845703125 ], [ -116.609765625, 76.07373046875 ], [ -116.59130859375, 76.095800781250006 ], [ -116.454248046874994, 76.143212890624994 ], [ -116.209863281249994, 76.194433593750006 ], [ -116.059130859374989, 76.201708984375003 ], [ -115.768261718749997, 76.184228515624994 ], [ -114.939404296874997, 76.166113281250006 ], [ -114.778613281250003, 76.172607421875 ], [ -114.880175781250003, 76.194873046875003 ], [ -115.024560546874994, 76.211474609375003 ], [ -115.664453125, 76.23984375 ], [ -115.796875, 76.252539062500006 ], [ -115.822167968749994, 76.27001953125 ], [ -115.831738281249997, 76.295800781249994 ], [ -115.825585937499994, 76.329833984375 ], [ -115.779296875, 76.364697265624997 ], [ -115.580664062499991, 76.4375 ], [ -114.998486328124997, 76.497460937499994 ], [ -114.766845703125, 76.505712890625006 ], [ -114.534765625, 76.501757812500003 ], [ -114.298974609374994, 76.474804687499997 ], [ -114.193945312499991, 76.451464843750003 ], [ -114.141259765624994, 76.42265625 ], [ -114.115771484375003, 76.395849609375006 ], [ -114.11279296875, 76.349462890625006 ], [ -114.101464843749994, 76.331201171874994 ], [ -114.058837890625, 76.300732421874997 ], [ -113.923291015624997, 76.229150390624994 ], [ -113.823486328125, 76.206835937500003 ], [ -113.362988281249997, 76.2484375 ], [ -113.171289062499994, 76.257763671874997 ], [ -112.978466796874997, 76.244677734375003 ], [ -112.697607421874991, 76.201708984375003 ], [ -112.333886718749994, 76.071875 ], [ -111.865234375, 75.939306640625006 ], [ -111.867626953124997, 75.910742187500006 ], [ -112.047167968750003, 75.86640625 ], [ -112.080908203124991, 75.847412109375 ], [ -112.056689453125003, 75.834228515625 ], [ -111.877392578124997, 75.825537109375006 ], [ -111.709375, 75.832080078125003 ], [ -111.549121093750003, 75.822119140625006 ], [ -111.513232421875003, 75.810693359374994 ], [ -111.454443359374991, 75.762158203124997 ], [ -111.372753906249997, 75.676464843749997 ], [ -111.275683593750003, 75.6125 ], [ -111.16328125, 75.570214843749994 ], [ -111.052685546874997, 75.548535156249997 ], [ -110.889599609374997, 75.546923828125003 ], [ -110.7255859375, 75.559521484374997 ], [ -110.459375, 75.555322265624994 ], [ -109.086376953124997, 75.506494140624994 ], [ -109.005029296874994, 75.514990234375006 ], [ -108.947167968749994, 75.541796875 ], [ -108.91259765625, 75.586962890625003 ], [ -108.899511718749991, 75.624072265625003 ], [ -108.918212890625, 75.674755859374997 ], [ -108.944775390624997, 75.698974609375 ], [ -109.796044921874994, 75.863037109375 ], [ -109.870507812499994, 75.929052734375006 ], [ -109.454638671875003, 76.021240234375 ], [ -109.424755859374997, 76.042529296875003 ], [ -109.416601562499991, 76.071826171875003 ], [ -109.430371093749997, 76.109130859375 ], [ -109.48681640625, 76.144677734374994 ], [ -109.71015625, 76.212451171875003 ], [ -109.9078125, 76.22265625 ], [ -110.20078125, 76.289453125 ], [ -110.247021484374997, 76.306347656249997 ], [ -110.284863281249997, 76.332958984374997 ], [ -110.314453125, 76.369384765625 ], [ -110.309472656249994, 76.397412109374997 ], [ -110.27001953125, 76.4169921875 ], [ -109.981591796874994, 76.484765625 ], [ -109.86484375, 76.522363281249994 ], [ -109.505029296874994, 76.691650390625 ], [ -109.338525390624994, 76.759960937499997 ], [ -109.21953125, 76.7919921875 ], [ -109.098242187499991, 76.811865234375006 ], [ -108.831640625, 76.821142578125006 ], [ -108.55390625, 76.758056640625 ], [ -108.492382812499997, 76.754199218750003 ], [ -108.466992187499997, 76.737597656250003 ], [ -108.477783203125, 76.708251953125 ], [ -108.512451171875, 76.680273437500006 ], [ -108.61181640625, 76.629736328125006 ], [ -108.63515625, 76.608544921874994 ], [ -108.627636718749997, 76.58671875 ], [ -108.559521484374997, 76.536328125 ], [ -108.538623046875003, 76.503125 ], [ -108.523535156249991, 76.447167968749994 ], [ -108.5125, 76.438916015624997 ], [ -108.345458984375, 76.391650390625003 ], [ -108.193554687499997, 76.330078125 ], [ -108.123193359374994, 76.233447265625003 ], [ -108.177929687499997, 76.200048828125006 ], [ -108.305810546874994, 76.154052734375 ], [ -108.381884765625003, 76.11572265625 ], [ -108.406152343749994, 76.085058593750006 ], [ -108.386816406249991, 76.066552734374994 ], [ -108.292382812499994, 76.05712890625 ] ] ], [ [ [ -114.521533203125003, 72.592919921874994 ], [ -114.458105468749991, 72.580371093750003 ], [ -114.342431640624994, 72.590771484374997 ], [ -114.174462890624994, 72.624072265625003 ], [ -113.9578125, 72.651464843750006 ], [ -113.692431640625003, 72.672802734374997 ], [ -113.622167968749991, 72.646826171875006 ], [ -113.578076171874997, 72.652099609375 ], [ -113.500048828125003, 72.694433593750006 ], [ -113.486132812500003, 72.722265625 ], [ -113.495898437500003, 72.753662109375 ], [ -113.49140625, 72.822070312500003 ], [ -113.449853515624994, 72.863232421874997 ], [ -113.292382812499994, 72.949804687500006 ], [ -113.2080078125, 72.981005859375003 ], [ -113.073535156250003, 72.995263671874994 ], [ -112.753613281249997, 72.986035156249997 ], [ -112.453759765624994, 72.936621093750006 ], [ -112.048095703125, 72.888037109375006 ], [ -111.455419921874991, 72.765917968750003 ], [ -111.269726562499997, 72.713720703125006 ], [ -111.250390625, 72.668554687500006 ], [ -111.355517578125003, 72.572119140625006 ], [ -111.610888671875003, 72.435595703125003 ], [ -111.816015625, 72.386328125 ], [ -111.895166015624994, 72.356103515624994 ], [ -111.761621093749994, 72.335253906250003 ], [ -111.675097656250003, 72.300146484375006 ], [ -111.543554687499991, 72.350927734375006 ], [ -111.447363281249991, 72.40771484375 ], [ -111.311181640624994, 72.454833984375 ], [ -111.264794921874994, 72.459033203125003 ], [ -111.25341796875, 72.449072265625006 ], [ -111.277148437500003, 72.424853515625003 ], [ -111.287255859374994, 72.401123046875 ], [ -111.283740234375003, 72.377978515625003 ], [ -111.26806640625, 72.363867187500006 ], [ -111.184619140625003, 72.356640625 ], [ -111.139892578125, 72.365332031250006 ], [ -110.958984375, 72.431982421875006 ], [ -110.781542968750003, 72.533886718749997 ], [ -110.512548828124991, 72.599707031250006 ], [ -110.439306640624991, 72.633349609375003 ], [ -110.205126953125003, 72.661279296874994 ], [ -110.207958984374997, 72.681054687499994 ], [ -110.197167968749994, 72.758886718750006 ], [ -110.279101562500003, 72.792041015625003 ], [ -110.553613281249994, 72.861425781250006 ], [ -110.689404296874997, 72.94453125 ], [ -110.660839843749997, 73.008203125 ], [ -110.50927734375, 72.998925781249994 ], [ -110.094628906249994, 72.992138671874997 ], [ -110.008447265624994, 72.983642578125 ], [ -109.609960937499991, 72.875683593749997 ], [ -109.469091796874991, 72.808447265625006 ], [ -109.357128906249997, 72.775048828124994 ], [ -109.121923828124991, 72.726416015625006 ], [ -109.043017578125003, 72.686865234375006 ], [ -108.987402343749991, 72.670800781249994 ], [ -108.968164062499994, 72.654101562500003 ], [ -108.985400390625003, 72.636816406250006 ], [ -108.994433593750003, 72.595996093750003 ], [ -108.95078125, 72.582861328125006 ], [ -108.7978515625, 72.567529296874994 ], [ -108.754980468749991, 72.551074218750003 ], [ -108.698291015625003, 72.499267578125 ], [ -108.627734375, 72.412011718749994 ], [ -108.566357421874997, 72.317333984374997 ], [ -108.469580078124991, 72.138769531250006 ], [ -108.276416015625003, 71.900390625 ], [ -108.210400390624997, 71.751171875 ], [ -108.188232421875, 71.723779296874994 ], [ -108.144677734374994, 71.704931640625006 ], [ -108.020800781250003, 71.677490234375 ], [ -107.925341796875003, 71.638671875 ], [ -107.812841796874991, 71.626171875 ], [ -107.785449218750003, 71.6296875 ], [ -107.757470703124994, 71.663037109374997 ], [ -107.687255859375, 71.716113281250003 ], [ -107.346923828125, 71.819238281249994 ], [ -107.329296875, 71.835253906250003 ], [ -107.369433593750003, 71.858984375 ], [ -107.381787109374997, 71.875146484374994 ], [ -107.376855468749994, 71.886083984375006 ], [ -107.306005859374991, 71.894677734374994 ], [ -107.542626953124994, 72.025341796874997 ], [ -107.695849609375003, 72.149316406249994 ], [ -107.794042968749991, 72.302636718749994 ], [ -107.809033203124997, 72.347460937500003 ], [ -107.82373046875, 72.442773437499994 ], [ -107.855615234374994, 72.467822265625003 ], [ -107.909814453124994, 72.490771484375003 ], [ -107.932519531249994, 72.520410156249994 ], [ -107.923681640624991, 72.556640625 ], [ -107.934375, 72.587744140625006 ], [ -107.997167968749991, 72.652685546875006 ], [ -108.238232421874997, 73.105810546875006 ], [ -108.237402343749991, 73.14990234375 ], [ -108.204150390625003, 73.183056640624997 ], [ -108.118310546874994, 73.202050781249994 ], [ -107.979931640624997, 73.206738281249997 ], [ -107.936181640624994, 73.217138671875006 ], [ -107.987060546875, 73.233105468749997 ], [ -108.077490234374991, 73.281396484374994 ], [ -108.089404296875003, 73.3037109375 ], [ -108.029052734375, 73.348730468750006 ], [ -107.720019531250003, 73.329052734374997 ], [ -107.496289062499997, 73.288378906250003 ], [ -107.113476562499997, 73.192138671875 ], [ -107.074414062499997, 73.197412109374994 ], [ -107.032519531250003, 73.2453125 ], [ -106.95078125, 73.276025390624994 ], [ -106.828369140625, 73.265917968750003 ], [ -106.482128906249997, 73.196191406249994 ], [ -106.081640625, 73.071923828124994 ], [ -105.812695312499997, 73.010644531249994 ], [ -105.624169921874994, 72.927490234375 ], [ -105.495947265624991, 72.848974609375006 ], [ -105.415136718749991, 72.788330078125 ], [ -105.411669921875003, 72.7646484375 ], [ -105.430078125, 72.740380859374994 ], [ -105.411083984374997, 72.708740234375 ], [ -105.354541015625003, 72.669726562500003 ], [ -105.323193359374997, 72.634814453125003 ], [ -105.297558593749997, 72.560449218749994 ], [ -105.246923828124991, 72.463574218749997 ], [ -105.234082031249997, 72.415087890625003 ], [ -104.878320312499994, 71.97998046875 ], [ -104.810302734375, 71.903173828125006 ], [ -104.766992187499994, 71.867578125 ], [ -104.518310546875, 71.69921875 ], [ -104.3859375, 71.576953125 ], [ -104.373144531249991, 71.4951171875 ], [ -104.355371093749994, 71.4716796875 ], [ -104.349560546874997, 71.433984375 ], [ -104.355810546874991, 71.382080078125 ], [ -104.384863281249991, 71.337548828124994 ], [ -104.436816406250003, 71.30029296875 ], [ -104.487060546875, 71.247900390625006 ], [ -104.563085937499991, 71.132421875 ], [ -104.569580078125, 71.104052734375003 ], [ -104.514794921874994, 71.064257812500003 ], [ -104.166845703124991, 70.927197265624997 ], [ -103.953466796874991, 70.762646484374997 ], [ -103.853466796874997, 70.733789062499994 ], [ -103.584570312499991, 70.630859375 ], [ -103.294677734375, 70.572460937499997 ], [ -103.197167968749994, 70.547314453124997 ], [ -103.10498046875, 70.51025390625 ], [ -103.077197265624989, 70.508837890625003 ], [ -103.021191406249997, 70.515820312499997 ], [ -103.005175781249989, 70.525927734375003 ], [ -103.001220703125, 70.540966796874997 ], [ -103.082812499999989, 70.619091796874997 ], [ -103.088574218749997, 70.649707031250003 ], [ -103.049560546875, 70.655078125 ], [ -102.75048828125, 70.521875 ], [ -102.589160156249989, 70.468847656250006 ], [ -102.36875, 70.413232421874994 ], [ -101.98984375, 70.285058593749994 ], [ -101.937207031249997, 70.274560546874994 ], [ -101.732226562499989, 70.286376953125 ], [ -101.676318359374989, 70.278271484374997 ], [ -101.641162109374989, 70.265576171874997 ], [ -101.626806640624991, 70.248339843750003 ], [ -101.618457031249989, 70.172412109375003 ], [ -101.562402343749994, 70.135009765625 ], [ -101.239160156249994, 70.150976562500006 ], [ -101.148535156249991, 70.147607421874994 ], [ -101.090771484374997, 70.135693359374997 ], [ -101.042675781249997, 70.110791015624997 ], [ -100.973339843749997, 70.029492187499997 ], [ -100.909082031249994, 69.869189453125003 ], [ -100.905712890624997, 69.81171875 ], [ -100.935107421874989, 69.71533203125 ], [ -100.982373046874997, 69.679882812499997 ], [ -101.043701171875, 69.668701171875 ], [ -101.216210937499994, 69.679638671874997 ], [ -101.337255859374991, 69.710253906250003 ], [ -101.400097656249997, 69.749267578125 ], [ -101.456738281249997, 69.833886718749994 ], [ -101.483837890624997, 69.850195312500006 ], [ -101.508398437499991, 69.833154296874994 ], [ -101.565087890624994, 69.755664062500003 ], [ -101.602490234374997, 69.721289062500006 ], [ -101.64765625, 69.698535156250003 ], [ -101.73359375, 69.704150390625003 ], [ -101.860253906249994, 69.738085937500003 ], [ -102.097949218749989, 69.824609375 ], [ -102.18212890625, 69.845947265625 ], [ -102.234326171874997, 69.842236328124997 ], [ -102.348095703124997, 69.81298828125 ], [ -102.523486328124989, 69.758203125 ], [ -102.595898437499997, 69.717919921874994 ], [ -102.565234374999989, 69.6921875 ], [ -102.544921875, 69.659814453124994 ], [ -102.534863281249997, 69.620800781249997 ], [ -102.540917968749994, 69.592089843750003 ], [ -102.563134765624994, 69.573583984375006 ], [ -102.62109375, 69.551513671875 ], [ -102.743603515624997, 69.547753906249994 ], [ -102.919775390624991, 69.564648437499997 ], [ -103.059179687499991, 69.594677734374997 ], [ -103.30322265625, 69.67431640625 ], [ -103.359277343749994, 69.685351562500003 ], [ -103.434765625, 69.667675781249997 ], [ -103.464892578125003, 69.644482421874997 ], [ -103.418017578125003, 69.611425781250006 ], [ -103.294042968749991, 69.568457031250006 ], [ -103.142431640624991, 69.497265625 ], [ -103.101855468749989, 69.483349609374997 ], [ -103.062744140625, 69.484912109375003 ], [ -103.048925781249991, 69.471777343750006 ], [ -103.031835937499991, 69.433496093749994 ], [ -103.039794921875, 69.367578125 ], [ -103.112695312499994, 69.235986328124994 ], [ -103.120214843749991, 69.20458984375 ], [ -103.09033203125, 69.212011718750006 ], [ -102.884082031249989, 69.34130859375 ], [ -102.777441406249991, 69.377587890624994 ], [ -102.546484375, 69.434472656249994 ], [ -102.44677734375, 69.476318359375 ], [ -102.151416015624989, 69.487695312499994 ], [ -102.045947265624989, 69.46484375 ], [ -101.978222656249997, 69.425097656250003 ], [ -101.975537109374997, 69.40703125 ], [ -102.052880859374994, 69.360449218750006 ], [ -102.06689453125, 69.337109375 ], [ -102.070898437499991, 69.3076171875 ], [ -102.064013671874989, 69.281152343749994 ], [ -102.04609375, 69.257666015625006 ], [ -101.992968749999989, 69.236035156249997 ], [ -101.899121093749997, 69.245507812499994 ], [ -101.872851562499989, 69.239941406249997 ], [ -101.822509765625, 69.217089843750003 ], [ -101.789257812499997, 69.181640625 ], [ -101.787792968749997, 69.132275390624997 ], [ -101.857128906249997, 69.023974609375003 ], [ -101.980566406249991, 68.988525390625 ], [ -102.358789062499994, 68.9228515625 ], [ -102.488427734374994, 68.888916015625 ], [ -102.738330078124989, 68.864990234375 ], [ -102.834863281249994, 68.833251953125 ], [ -102.895068359374989, 68.823632812499994 ], [ -103.162255859374994, 68.828710937500006 ], [ -103.468212890624997, 68.808544921874997 ], [ -103.820361328125003, 68.847998046875006 ], [ -104.067333984374997, 68.865576171875006 ], [ -104.352685546874994, 68.928173828124997 ], [ -104.46015625, 68.912402343750003 ], [ -104.571435546874994, 68.872119140625003 ], [ -105.105859375, 68.92041015625 ], [ -105.169287109374991, 68.955371093750003 ], [ -105.148339843749994, 68.978125 ], [ -105.021630859374994, 69.052490234375 ], [ -105.013574218749994, 69.068066406249997 ], [ -105.019580078125003, 69.08125 ], [ -105.262353515624994, 69.093994140625 ], [ -105.533007812500003, 69.133544921875 ], [ -105.804980468750003, 69.153173828125006 ], [ -106.008398437499991, 69.147607421874994 ], [ -106.140869140625, 69.162011718749994 ], [ -106.270166015624994, 69.194580078125 ], [ -106.341162109374991, 69.224365234375 ], [ -106.353955078124997, 69.251220703125 ], [ -106.355712890625, 69.280615234375006 ], [ -106.34423828125, 69.339648437500003 ], [ -106.361376953125003, 69.381054687499997 ], [ -106.419970703125003, 69.413769531249997 ], [ -106.539794921875, 69.443066406249997 ], [ -106.659082031249994, 69.439599609374994 ], [ -106.759960937499997, 69.407128906249994 ], [ -106.855810546874991, 69.347314453124994 ], [ -107.033447265625, 69.180761718750006 ], [ -107.122509765624997, 69.152294921874997 ], [ -107.353369140624991, 69.031689453124997 ], [ -107.439892578124997, 69.002148437499997 ], [ -107.863378906249991, 68.954345703125 ], [ -108.364990234375, 68.934765625 ], [ -108.552539062500003, 68.897412109374997 ], [ -108.730419921874997, 68.827441406250003 ], [ -108.945898437499991, 68.759814453125003 ], [ -109.472119140624997, 68.676708984374997 ], [ -109.958544921875003, 68.630273437499994 ], [ -110.467626953124991, 68.610009765624994 ], [ -110.848095703124997, 68.578417968750003 ], [ -110.957226562499997, 68.594189453124997 ], [ -111.127587890624994, 68.588330078124997 ], [ -111.3109375, 68.542041015625003 ], [ -111.51806640625, 68.533056640625006 ], [ -112.304931640625, 68.516210937500006 ], [ -112.666210937499997, 68.485253906249994 ], [ -112.8642578125, 68.477099609375003 ], [ -113.01953125, 68.481347656249994 ], [ -113.127734375, 68.494140625 ], [ -113.231396484374997, 68.535400390625 ], [ -113.338085937499997, 68.598779296874994 ], [ -113.554833984374994, 68.767578125 ], [ -113.616845703124994, 68.838476562500006 ], [ -113.592529296875, 68.959863281249994 ], [ -113.608544921874994, 69.030175781249994 ], [ -113.6806640625, 69.181982421875006 ], [ -113.694140625, 69.195019531249997 ], [ -114.0734375, 69.251318359375006 ], [ -114.322949218749997, 69.269140625 ], [ -114.699072265624991, 69.272753906250003 ], [ -115.159033203124991, 69.264746093750006 ], [ -115.618115234374997, 69.282958984375 ], [ -115.860742187499994, 69.303564453125006 ], [ -116.1015625, 69.337158203125 ], [ -116.513476562499989, 69.424609375 ], [ -116.536816406249997, 69.433544921874997 ], [ -116.568798828124997, 69.462695312500003 ], [ -116.609472656250006, 69.512011718750003 ], [ -116.712011718750006, 69.576220703125003 ], [ -116.992773437500006, 69.719384765624994 ], [ -117.10400390625, 69.804248046875003 ], [ -117.121972656249994, 69.825878906249997 ], [ -117.148632812499997, 69.888134765624997 ], [ -117.184033203124997, 69.991064453125006 ], [ -117.195410156250006, 70.054052734375006 ], [ -117.162744140624994, 70.092480468749997 ], [ -117.135449218749997, 70.100146484375003 ], [ -116.553808593750006, 70.175048828125 ], [ -115.529101562500003, 70.257128906250003 ], [ -114.592333984375003, 70.312451171874997 ], [ -114.1669921875, 70.307470703125006 ], [ -113.916601562499991, 70.281542968750003 ], [ -113.66552734375, 70.269677734374994 ], [ -113.210742187500003, 70.263818359374994 ], [ -112.637890625, 70.225244140624994 ], [ -112.522753906250003, 70.228564453125003 ], [ -112.265966796874991, 70.2546875 ], [ -112.189648437499997, 70.275585937499997 ], [ -111.78369140625, 70.272900390624997 ], [ -111.704882812500003, 70.285742187500006 ], [ -111.632568359375, 70.308837890625 ], [ -111.725830078125, 70.35205078125 ], [ -112.114160156249994, 70.446875 ], [ -113.1455078125, 70.616357421874994 ], [ -113.397021484375003, 70.652392578125003 ], [ -113.757275390624997, 70.690722656250003 ], [ -113.966064453125, 70.696191406249994 ], [ -114.232177734375, 70.674267578124997 ], [ -114.331396484374991, 70.675244140624997 ], [ -114.592626953124991, 70.642236328124994 ], [ -114.840722656249994, 70.621386718750003 ], [ -115.311230468749997, 70.601171875 ], [ -115.990917968749997, 70.586279296875006 ], [ -116.086083984374994, 70.590673828125006 ], [ -116.225878906249989, 70.61640625 ], [ -116.327294921874994, 70.623730468749997 ], [ -116.992529296875006, 70.603662109374994 ], [ -117.587060546874994, 70.629541015624994 ], [ -118.2640625, 70.888330078124994 ], [ -118.376513671874989, 70.967724609374997 ], [ -118.3525390625, 71.000048828125003 ], [ -118.269091796874989, 71.034716796875003 ], [ -117.933837890625, 71.134667968749994 ], [ -117.8140625, 71.158447265625 ], [ -117.31396484375, 71.212109375 ], [ -116.815283203125006, 71.276953125 ], [ -116.421533203124994, 71.337988281250006 ], [ -116.228222656249997, 71.359179687500003 ], [ -116.042089843750006, 71.361669921875006 ], [ -115.891650390625003, 71.381787109374997 ], [ -115.922265625, 71.401074218749997 ], [ -116.0453125, 71.423095703125 ], [ -116.0439453125, 71.454296875 ], [ -115.980273437500003, 71.469287109375003 ], [ -115.733740234374991, 71.485107421875 ], [ -115.471875, 71.4658203125 ], [ -115.341015625, 71.472412109375 ], [ -115.303417968749997, 71.493701171875003 ], [ -115.338134765625, 71.510888671874994 ], [ -115.586669921875, 71.54638671875 ], [ -116.7802734375, 71.444189453125006 ], [ -117.337109375, 71.434619140625003 ], [ -117.723339843749997, 71.390673828125003 ], [ -117.935644531250006, 71.39208984375 ], [ -118.188183593749997, 71.4359375 ], [ -118.221875, 71.449072265625006 ], [ -118.226464843749994, 71.467089843750003 ], [ -118.148339843749994, 71.525732421875006 ], [ -117.87841796875, 71.560839843750003 ], [ -117.742333984374994, 71.659326171874994 ], [ -117.887597656249994, 71.661035156249994 ], [ -118.371533203124997, 71.639941406250003 ], [ -118.5830078125, 71.649023437500006 ], [ -118.868408203125, 71.686767578125 ], [ -118.952099609374997, 71.731738281250003 ], [ -118.987695312499994, 71.764257812500006 ], [ -118.99375, 71.803027343750003 ], [ -118.984179687499989, 71.9130859375 ], [ -118.959814453125006, 71.972216796875003 ], [ -118.944628906249989, 71.985546875 ], [ -118.58984375, 72.16748046875 ], [ -118.36865234375, 72.20546875 ], [ -118.213476562500006, 72.262890625 ], [ -118.207470703124997, 72.286914062500003 ], [ -118.245898437499989, 72.31103515625 ], [ -118.390478515625006, 72.36953125 ], [ -118.448632812499994, 72.39921875 ], [ -118.481298828125006, 72.427685546874997 ], [ -118.456591796874989, 72.472509765625006 ], [ -118.37451171875, 72.533886718749997 ], [ -118.133105468749989, 72.6328125 ], [ -117.551708984374997, 72.831103515625003 ], [ -117.256445312500006, 72.914404296875006 ], [ -116.9716796875, 72.959326171875006 ], [ -116.5732421875, 73.054931640625 ], [ -115.552197265624997, 73.213476562500006 ], [ -114.638232421875003, 73.37265625 ], [ -114.301904296874994, 73.330712890624994 ], [ -114.206396484374991, 73.297802734374997 ], [ -114.163964843749994, 73.269824218750003 ], [ -114.127050781249991, 73.230712890625 ], [ -114.095458984375, 73.180273437500006 ], [ -114.051708984374997, 73.070996093749997 ], [ -114.046142578125, 73.014599609374997 ], [ -114.053759765625003, 72.958056640625003 ], [ -114.074755859375003, 72.906835937500006 ], [ -114.109179687500003, 72.860986328124994 ], [ -114.177685546874997, 72.805078125 ], [ -114.280322265625003, 72.7390625 ], [ -114.497851562500003, 72.625878906249994 ], [ -114.521533203125003, 72.592919921874994 ] ] ], [ [ [ -119.736328125, 74.112646484375006 ], [ -119.728564453124989, 74.108447265625003 ], [ -119.47109375, 74.201220703125003 ], [ -119.31484375, 74.20625 ], [ -119.205957031249994, 74.197998046875 ], [ -119.171435546874989, 74.186181640624994 ], [ -119.149609375, 74.167871093749994 ], [ -119.138769531250006, 74.127587890624994 ], [ -119.131884765624989, 74.027880859375003 ], [ -119.117968749999989, 74.015527343749994 ], [ -119.08251953125, 74.021191406249997 ], [ -119.025683593749989, 74.044726562500003 ], [ -118.744140625, 74.192089843749997 ], [ -118.625292968749989, 74.232519531250006 ], [ -118.543994140624989, 74.24462890625 ], [ -118.199658203124997, 74.266748046874994 ], [ -117.965869140624989, 74.266064453124997 ], [ -117.707470703124997, 74.25234375 ], [ -117.51484375, 74.231738281250003 ], [ -117.198828125, 74.171142578125 ], [ -116.950390625, 74.101416015625006 ], [ -116.722363281249997, 74.027148437500003 ], [ -115.957714843749997, 73.747949218749994 ], [ -115.634326171875003, 73.66552734375 ], [ -115.510693359374997, 73.61875 ], [ -115.455664062499991, 73.584667968749997 ], [ -115.407519531250003, 73.541894531249994 ], [ -115.392822265625, 73.501953125 ], [ -115.411572265624997, 73.464794921874997 ], [ -115.446875, 73.438867187499994 ], [ -115.524462890625003, 73.416748046875 ], [ -115.992285156249991, 73.3232421875 ], [ -116.238623046875006, 73.294580078124994 ], [ -116.482519531250006, 73.253222656250003 ], [ -117.0654296875, 73.107275390625006 ], [ -117.464453125, 73.037744140624994 ], [ -117.983203124999989, 72.902197265625006 ], [ -118.961572265624994, 72.684130859375003 ], [ -119.077978515625006, 72.640332031249997 ], [ -119.131542968749997, 72.608837890624997 ], [ -119.407763671874989, 72.360400390625003 ], [ -119.512841796874994, 72.302685546874997 ], [ -119.767480468749994, 72.243847656249997 ], [ -120.089746093749994, 72.229150390624994 ], [ -120.179882812499997, 72.212646484375 ], [ -120.194433593750006, 72.126757812500003 ], [ -120.310009765624997, 71.984082031249997 ], [ -120.366259765624989, 71.888037109375006 ], [ -120.443164062499989, 71.630810546874997 ], [ -120.4609375, 71.605078125 ], [ -120.519677734374994, 71.557421875 ], [ -120.619335937499997, 71.505761718749994 ], [ -120.930322265624994, 71.446240234374997 ], [ -121.159814453124994, 71.414990234374997 ], [ -121.47216796875, 71.389013671875006 ], [ -121.546826171874997, 71.406787109375003 ], [ -121.622167968750006, 71.447607421875006 ], [ -121.70068359375, 71.451171875 ], [ -121.749365234375006, 71.444775390624997 ], [ -122.156640625, 71.265917968750003 ], [ -122.549511718749997, 71.193554687499997 ], [ -122.719775390624989, 71.128173828125 ], [ -122.839941406250006, 71.097460937500003 ], [ -122.9365234375, 71.087988281250006 ], [ -123.095654296874997, 71.093798828125003 ], [ -123.210595703124994, 71.1234375 ], [ -123.314746093749989, 71.169189453125 ], [ -123.393359374999989, 71.218847656250006 ], [ -123.595166015624997, 71.423193359375006 ], [ -123.681835937499997, 71.493115234374997 ], [ -123.755566406249997, 71.528027343749997 ], [ -123.953271484374994, 71.652490234374994 ], [ -124.007763671874997, 71.677441406249997 ], [ -124.759960937499997, 71.83515625 ], [ -125.126123046874994, 71.923632812500003 ], [ -125.214648437499989, 71.954785156249997 ], [ -125.296679687499989, 71.973046875 ], [ -125.766894531249989, 71.960839843749994 ], [ -125.8291015625, 71.965625 ], [ -125.8453125, 71.978662109374994 ], [ -125.789648437500006, 72.025 ], [ -125.767724609374994, 72.054248046875003 ], [ -125.760498046875, 72.082910156249994 ], [ -125.768603515624989, 72.129150390625 ], [ -125.762597656249994, 72.1375 ], [ -125.583789062499989, 72.183056640624997 ], [ -125.61279296875, 72.192529296874994 ], [ -125.6337890625, 72.210302734375006 ], [ -125.646777343749989, 72.236523437499997 ], [ -125.627294921875006, 72.254833984374997 ], [ -125.575488281249989, 72.265283203124994 ], [ -125.512402343749997, 72.307714843750006 ], [ -125.438085937500006, 72.382080078125 ], [ -125.382763671874997, 72.423828125 ], [ -125.306005859375006, 72.450732421875003 ], [ -125.168310546875006, 72.522607421874994 ], [ -125.070214843749994, 72.551611328125006 ], [ -124.987109374999989, 72.587988281250006 ], [ -124.984667968749989, 72.604394531249994 ], [ -125.0185546875, 72.616992187500003 ], [ -125.030224609374997, 72.644775390625 ], [ -125.014746093750006, 72.7314453125 ], [ -125.015429687499989, 72.776074218749997 ], [ -125.000390625, 72.813330078125006 ], [ -124.969677734374997, 72.843310546875003 ], [ -124.930859375, 72.863183593749994 ], [ -124.582568359374989, 72.925927734374994 ], [ -124.56494140625, 72.944140625 ], [ -124.560839843749989, 72.965039062499997 ], [ -124.570214843749994, 72.988720703124997 ], [ -124.58828125, 73.005322265624997 ], [ -124.643310546875, 73.018945312499994 ], [ -124.736425781250006, 73.022705078125 ], [ -124.817089843749997, 73.058789062499997 ], [ -124.83642578125, 73.076269531250006 ], [ -124.804052734375006, 73.125683593749997 ], [ -124.646923828124997, 73.204443359375006 ], [ -124.593994140625, 73.243310546874994 ], [ -124.42421875, 73.418701171875 ], [ -124.114160156249994, 73.527392578125003 ], [ -124.030175781249994, 73.644238281249997 ], [ -123.797265625, 73.768164062500006 ], [ -123.797802734374997, 73.785302734374994 ], [ -123.873046875, 73.827587890624997 ], [ -124.088037109374994, 73.856884765624997 ], [ -124.191503906250006, 73.902001953124994 ], [ -124.2607421875, 73.953271484374994 ], [ -124.575341796874994, 74.248144531250006 ], [ -124.629101562499997, 74.27001953125 ], [ -124.64501953125, 74.304345703124994 ], [ -124.709326171875006, 74.327001953125006 ], [ -124.696240234374997, 74.348193359375003 ], [ -123.468310546874989, 74.436132812500006 ], [ -122.623144531250006, 74.464160156250003 ], [ -121.747900390625006, 74.540625 ], [ -121.504150390625, 74.545117187499997 ], [ -121.315234374999989, 74.529980468749997 ], [ -121.128710937499989, 74.490234375 ], [ -120.881640624999989, 74.420751953125006 ], [ -120.554492187499989, 74.352929687499994 ], [ -119.943603515625, 74.253710937500003 ], [ -119.562646484374994, 74.2328125 ], [ -119.715380859374989, 74.153662109375006 ], [ -119.736914062500006, 74.129931640625003 ], [ -119.736328125, 74.112646484375006 ] ] ], [ [ [ -69.488867187499991, 83.016796875 ], [ -68.673242187499994, 82.998779296875 ], [ -68.409033203124991, 83.005273437499994 ], [ -68.106884765624997, 82.961181640625 ], [ -67.924609374999989, 82.956005859374997 ], [ -67.624462890624997, 82.964404296875003 ], [ -67.405664062499994, 82.95390625 ], [ -66.591650390624991, 82.944042968749997 ], [ -66.422558593749997, 82.926855468750006 ], [ -66.4248046875, 82.906152343749994 ], [ -66.600390624999989, 82.861230468749994 ], [ -66.836328125, 82.817919921875003 ], [ -68.357568359374994, 82.676806640625003 ], [ -68.469335937499991, 82.653369140625003 ], [ -68.1728515625, 82.645947265624997 ], [ -67.735888671874989, 82.652441406250006 ], [ -67.397070312499991, 82.668115234374994 ], [ -66.997705078124994, 82.716064453125 ], [ -66.86572265625, 82.718847656250006 ], [ -66.611865234374989, 82.742089843749994 ], [ -66.120458984374991, 82.80712890625 ], [ -65.727441406249994, 82.842431640624994 ], [ -65.549609374999989, 82.826953125 ], [ -65.4, 82.802392578124994 ], [ -65.299023437499997, 82.799609375 ], [ -65.24658203125, 82.818505859374994 ], [ -65.162402343749989, 82.8701171875 ], [ -65.113183593749994, 82.888916015625 ], [ -64.98388671875, 82.902294921874997 ], [ -64.904882812499991, 82.900830078124997 ], [ -64.776757812499994, 82.87646484375 ], [ -64.634765625, 82.818603515625 ], [ -64.504003906249991, 82.778417968750006 ], [ -64.433398437499989, 82.777734375 ], [ -64.134228515624997, 82.823193359374997 ], [ -63.98359375, 82.8291015625 ], [ -63.641015625, 82.812597656250006 ], [ -63.498730468749997, 82.792578125 ], [ -63.473046875, 82.771240234375 ], [ -63.5640625, 82.748730468749997 ], [ -63.62060546875, 82.729296875 ], [ -63.642529296874997, 82.712988281250006 ], [ -63.592675781249994, 82.694042968749997 ], [ -63.385400390624994, 82.653466796874994 ], [ -63.085351562499994, 82.565234375 ], [ -63.087060546874994, 82.5328125 ], [ -63.250830078124991, 82.466845703125003 ], [ -63.246777343749997, 82.4501953125 ], [ -62.475195312499991, 82.519580078125003 ], [ -61.697167968749994, 82.488623046875006 ], [ -61.47705078125, 82.467431640624994 ], [ -61.392480468749994, 82.44189453125 ], [ -61.302490234375, 82.399755859375006 ], [ -61.207226562499997, 82.341064453125 ], [ -61.273535156249991, 82.279833984375003 ], [ -61.615380859374994, 82.184423828125006 ], [ -61.968652343749994, 82.110253906249994 ], [ -62.176708984374997, 82.043408203124997 ], [ -62.496484375, 82.006787109374997 ], [ -63.59228515625, 81.845507812500003 ], [ -64.1279296875, 81.793652343749997 ], [ -64.435791015625, 81.742626953124997 ], [ -64.574023437499989, 81.733740234375006 ], [ -65.226171875, 81.743505859375006 ], [ -65.399169921875, 81.715380859375003 ], [ -65.495410156249989, 81.668066406250006 ], [ -65.701074218749994, 81.645556640625003 ], [ -66.004736328124991, 81.629443359375003 ], [ -66.625732421875, 81.61640625 ], [ -66.765039062499994, 81.563037109375003 ], [ -66.800585937499989, 81.526806640624997 ], [ -66.861132812499989, 81.498681640624994 ], [ -66.9140625, 81.485107421875 ], [ -68.688525390624989, 81.293310546875006 ], [ -68.72119140625, 81.26123046875 ], [ -68.542578125, 81.247998046874997 ], [ -68.317675781249989, 81.26123046875 ], [ -65.735693359374991, 81.494238281250006 ], [ -65.239990234375, 81.509667968749994 ], [ -64.780078124999989, 81.492871093749997 ], [ -64.832763671875, 81.438623046874994 ], [ -65.483984375, 81.284765625 ], [ -66.312841796874991, 81.146142578124994 ], [ -66.726855468749989, 81.040917968749994 ], [ -67.774365234374997, 80.859423828125003 ], [ -68.63046875, 80.6787109375 ], [ -68.959375, 80.586865234374997 ], [ -69.400097656249997, 80.4228515625 ], [ -69.550683593749994, 80.383251953124997 ], [ -69.733789062499994, 80.366943359375 ], [ -69.949316406249991, 80.373779296875 ], [ -70.143505859374997, 80.39765625 ], [ -70.402636718749989, 80.458984375 ], [ -70.638671875, 80.527539062499997 ], [ -70.712597656249997, 80.539599609375003 ], [ -70.667822265624991, 80.505566406249997 ], [ -70.212792968749994, 80.277734375 ], [ -70.264892578125, 80.23359375 ], [ -71.100292968749997, 80.187060546875003 ], [ -71.470068359374991, 80.145898437499994 ], [ -71.660839843749997, 80.1359375 ], [ -71.7958984375, 80.143359375 ], [ -71.927636718749994, 80.13916015625 ], [ -72.055957031249989, 80.123242187499997 ], [ -72.06298828125, 80.105566406250006 ], [ -71.948681640624997, 80.086181640625 ], [ -71.616113281249994, 80.071044921875 ], [ -70.877050781249991, 80.122314453125 ], [ -70.758496093749997, 80.11865234375 ], [ -70.568408203124989, 80.093701171874997 ], [ -70.55908203125, 80.070996093749997 ], [ -70.757519531249997, 79.998242187499997 ], [ -71.355810546874991, 79.911279296874994 ], [ -71.277636718749989, 79.906347656250006 ], [ -71.106347656249994, 79.875537109375003 ], [ -71.110156249999989, 79.847802734374994 ], [ -71.298583984375, 79.782568359375006 ], [ -71.387841796874994, 79.761767578125003 ], [ -71.964550781249997, 79.701074218749994 ], [ -72.215527343749997, 79.686816406250003 ], [ -72.4365234375, 79.694384765625003 ], [ -73.448144531249994, 79.827099609374997 ], [ -73.805078125, 79.846289062500006 ], [ -74.144238281249997, 79.879785156249994 ], [ -74.394482421874997, 79.874072265625003 ], [ -74.660205078124989, 79.83515625 ], [ -74.540722656249997, 79.815576171874994 ], [ -74.051025390625, 79.778222656249994 ], [ -73.64208984375, 79.77099609375 ], [ -73.472460937499989, 79.756445312500006 ], [ -73.405908203124994, 79.732177734375 ], [ -73.229394531249994, 79.643994140624997 ], [ -73.201123046874997, 79.596582031249994 ], [ -73.240136718749994, 79.552490234375 ], [ -73.293554687499991, 79.521582031250006 ], [ -73.361523437499997, 79.504003906250006 ], [ -73.466064453125, 79.495166015625003 ], [ -73.865966796875, 79.501416015624997 ], [ -74.015380859375, 79.490527343750003 ], [ -74.188671875, 79.464746093749994 ], [ -74.406005859375, 79.453564453124997 ], [ -74.797949218749991, 79.458691406249997 ], [ -75.259472656249997, 79.421044921874994 ], [ -75.50341796875, 79.414160156250006 ], [ -75.773828125, 79.43115234375 ], [ -76.06689453125, 79.473193359375003 ], [ -76.376074218749991, 79.494433593750003 ], [ -76.898828125, 79.512304687500006 ], [ -76.855078125, 79.488232421874997 ], [ -76.6708984375, 79.478076171875003 ], [ -76.295703124999989, 79.413623046875003 ], [ -76.116357421874994, 79.326123046874997 ], [ -75.947509765625, 79.311328125 ], [ -75.602734375, 79.239550781250003 ], [ -75.353662109374994, 79.228320312500003 ], [ -75.093603515624991, 79.20390625 ], [ -74.727246093749997, 79.2353515625 ], [ -74.481201171875, 79.2294921875 ], [ -74.532324218749991, 79.052734375 ], [ -74.640917968749989, 79.035546875 ], [ -75.233154296875, 79.035546875 ], [ -75.5146484375, 79.061230468749997 ], [ -75.638964843749989, 79.087744140625006 ], [ -75.911816406249997, 79.117773437500006 ], [ -76.157568359374991, 79.100390625 ], [ -76.38037109375, 79.104150390624994 ], [ -76.531445312499997, 79.086523437500006 ], [ -76.771142578124994, 79.087158203125 ], [ -77.398046875, 79.057275390624994 ], [ -77.729248046875, 79.056933593750003 ], [ -77.973779296874994, 79.076220703125003 ], [ -78.257910156249991, 79.082177734374994 ], [ -78.581640625, 79.075 ], [ -78.558984375, 79.054589843749994 ], [ -78.421777343749994, 79.048388671875003 ], [ -78.221972656249989, 79.01513671875 ], [ -78.036816406249997, 78.963916015625003 ], [ -77.882763671874997, 78.9423828125 ], [ -77.6982421875, 78.954541015624997 ], [ -77.510400390624994, 78.978466796874997 ], [ -76.824804687499991, 79.017871093750003 ], [ -76.524121093749997, 79.02421875 ], [ -76.255859375, 79.0068359375 ], [ -76.07734375, 78.98515625 ], [ -75.952685546874989, 78.959033203125003 ], [ -75.795068359374994, 78.889746093750006 ], [ -75.399853515624997, 78.881298828124997 ], [ -75.098535156249994, 78.858300781249994 ], [ -74.618408203125, 78.757714843749994 ], [ -74.486328125, 78.750097656250006 ], [ -74.43310546875, 78.72412109375 ], [ -74.535058593749994, 78.659277343750006 ], [ -74.546582031249997, 78.6203125 ], [ -74.878613281249997, 78.544824218749994 ], [ -75.396582031249991, 78.522851562499994 ], [ -75.9658203125, 78.529833984375003 ], [ -76.373486328124997, 78.52109375 ], [ -76.416113281249991, 78.511523437500003 ], [ -76.136523437499989, 78.49169921875 ], [ -75.488378906249991, 78.403515625 ], [ -75.237207031249994, 78.355712890625 ], [ -75.193457031249991, 78.327734375 ], [ -75.550683593749994, 78.22109375 ], [ -75.865966796875, 78.009814453125003 ], [ -75.969628906249994, 77.993115234374997 ], [ -76.077539062499994, 77.9873046875 ], [ -76.355566406249991, 77.991015625 ], [ -76.708105468749991, 77.937890625 ], [ -76.974023437499994, 77.92724609375 ], [ -77.455957031249994, 77.947167968749994 ], [ -78.012597656249994, 77.946044921875 ], [ -78.056396484375, 77.91171875 ], [ -78.084130859374994, 77.84609375 ], [ -78.0810546875, 77.747363281250003 ], [ -78.047167968749989, 77.615478515625 ], [ -78.076171875, 77.51904296875 ], [ -78.16796875, 77.458105468750006 ], [ -78.283740234374989, 77.4130859375 ], [ -78.493212890624989, 77.369384765625 ], [ -78.70849609375, 77.342138671875006 ], [ -78.86953125, 77.33251953125 ], [ -79.137597656249994, 77.331005859374997 ], [ -79.906396484374994, 77.299560546875 ], [ -80.281689453124997, 77.301464843749997 ], [ -80.573046874999989, 77.314794921875006 ], [ -80.874609375, 77.35859375 ], [ -81.376855468749994, 77.482128906249997 ], [ -81.519287109375, 77.509570312500003 ], [ -81.659082031249994, 77.525439453125003 ], [ -81.65380859375, 77.498828125 ], [ -81.503564453124994, 77.429785156250006 ], [ -81.378173828125, 77.385205078124997 ], [ -81.277734375, 77.365185546874997 ], [ -81.301367187499991, 77.344042968750003 ], [ -81.52294921875, 77.310839843750003 ], [ -81.767333984375, 77.295947265625003 ], [ -82.056787109374994, 77.296533203124994 ], [ -82.066015625, 77.283642578124997 ], [ -81.967822265624989, 77.247851562500003 ], [ -81.840234375, 77.214111328125 ], [ -81.75634765625, 77.204003906249994 ], [ -81.534472656249989, 77.214453125 ], [ -81.277441406249991, 77.257080078125 ], [ -81.1171875, 77.269628906250006 ], [ -80.798193359374991, 77.259472656249997 ], [ -80.672558593749997, 77.244287109374994 ], [ -80.274218749999989, 77.150927734375003 ], [ -80.218701171874997, 77.146582031250006 ], [ -79.923730468749994, 77.193603515625 ], [ -79.497265625, 77.19609375 ], [ -79.340869140624989, 77.158398437499997 ], [ -79.281103515624991, 77.08515625 ], [ -79.273828125, 77.02578125 ], [ -79.318945312499991, 76.980371093749994 ], [ -79.220751953124989, 76.93603515625 ], [ -78.979199218749997, 76.892871093750003 ], [ -78.791796874999989, 76.88359375 ], [ -78.658544921874991, 76.908007812500003 ], [ -78.455957031249994, 76.967236328124997 ], [ -78.370019531249994, 76.98125 ], [ -78.288867187499989, 76.977978515624997 ], [ -78.165087890624989, 76.934912109375006 ], [ -77.998730468749997, 76.851953125 ], [ -77.983300781249994, 76.754980468750006 ], [ -78.118701171874989, 76.64404296875 ], [ -78.284326171874994, 76.571240234374997 ], [ -78.934277343749997, 76.451171875 ], [ -79.130712890624991, 76.403955078124994 ], [ -79.285888671875, 76.354785156250003 ], [ -79.511035156249989, 76.310498046874997 ], [ -79.953564453124997, 76.251269531250003 ], [ -80.186816406249989, 76.240185546874997 ], [ -80.690283203124991, 76.176464843749997 ], [ -80.799707031249994, 76.173583984375 ], [ -80.962939453124989, 76.183935546875006 ], [ -80.996679687499991, 76.214990234374994 ], [ -80.955175781249991, 76.270166015624994 ], [ -80.901220703124991, 76.321533203125 ], [ -80.834814453124991, 76.369140625 ], [ -80.832373046874991, 76.408642578124997 ], [ -80.974511718749994, 76.470068359375006 ], [ -81.074365234374994, 76.498486328124997 ], [ -81.170703124999989, 76.512744140625003 ], [ -81.364794921874989, 76.504492187500006 ], [ -81.474462890624991, 76.487646484375006 ], [ -81.591992187499997, 76.484423828125003 ], [ -81.717382812499991, 76.494970703125006 ], [ -81.822949218749997, 76.520849609375006 ], [ -82.0341796875, 76.62939453125 ], [ -82.113720703124997, 76.643212890624994 ], [ -82.217919921874994, 76.639794921874994 ], [ -82.311132812499991, 76.655371093750006 ], [ -82.393457031249994, 76.689892578124997 ], [ -82.529833984374989, 76.723291015624994 ], [ -82.493408203125, 76.697802734375003 ], [ -82.356982421874989, 76.636035156250003 ], [ -82.261962890625, 76.57470703125 ], [ -82.208349609374991, 76.513769531250006 ], [ -82.233154296875, 76.4658203125 ], [ -83.388964843749989, 76.439257812500003 ], [ -83.885693359374997, 76.453125 ], [ -83.986328125, 76.495019531249994 ], [ -84.223779296874994, 76.675341796875003 ], [ -84.275341796874997, 76.356542968750006 ], [ -85.141259765624994, 76.304589843749994 ], [ -85.343603515624991, 76.313378906249994 ], [ -85.680566406249994, 76.349023437499994 ], [ -86.115820312499991, 76.434912109375006 ], [ -86.296191406249989, 76.491845703124994 ], [ -86.366845703124994, 76.548632812500003 ], [ -86.41943359375, 76.579638671875003 ], [ -86.453710937499991, 76.584863281249994 ], [ -86.561914062499994, 76.516503906249994 ], [ -86.680224609374989, 76.376611328124994 ], [ -86.977685546874994, 76.412744140624994 ], [ -87.354199218749997, 76.448046875 ], [ -87.489794921874989, 76.585839843749994 ], [ -87.49755859375, 76.386279296875003 ], [ -88.104345703124991, 76.412744140624994 ], [ -88.39599609375, 76.4052734375 ], [ -88.481640625, 76.580078125 ], [ -88.495849609375, 76.772851562499994 ], [ -88.614111328124991, 76.65087890625 ], [ -88.562548828124989, 76.547216796875006 ], [ -88.545800781249994, 76.4208984375 ], [ -88.8037109375, 76.456835937500003 ], [ -89.36962890625, 76.474462890625006 ], [ -89.570068359375, 76.491943359375 ], [ -89.544335937499994, 76.65966796875 ], [ -89.499755859375, 76.826806640624994 ], [ -88.770898437499994, 76.993359375 ], [ -88.556201171874989, 77.072216796874997 ], [ -88.398144531249997, 77.103955078124997 ], [ -88.14794921875, 77.1240234375 ], [ -87.828417968749989, 77.136474609375 ], [ -87.610498046874994, 77.126855468749994 ], [ -87.36171875, 77.13623046875 ], [ -87.064453125, 77.165869140625006 ], [ -86.852197265624994, 77.174414062500006 ], [ -86.812255859375, 77.184912109375006 ], [ -86.873779296875, 77.200292968750006 ], [ -87.100878906249989, 77.307714843750006 ], [ -87.182421874999989, 77.332128906250006 ], [ -87.265380859375, 77.343017578125 ], [ -87.4296875, 77.347802734374994 ], [ -87.589160156249989, 77.394824218750003 ], [ -87.681445312499989, 77.436376953125006 ], [ -87.780175781249994, 77.492822265624994 ], [ -87.937939453124997, 77.599804687499997 ], [ -88.094677734374997, 77.719189453124997 ], [ -88.016992187499994, 77.784716796875003 ], [ -87.757128906249989, 77.836230468750003 ], [ -87.496777343749997, 77.871923828125006 ], [ -87.236035156249997, 77.891796875 ], [ -87.01796875, 77.892236328124994 ], [ -86.755078125, 77.863720703124997 ], [ -86.385107421874991, 77.80859375 ], [ -86.172998046874994, 77.746142578125003 ], [ -85.906640625, 77.613916015624994 ], [ -85.731201171875, 77.508642578125006 ], [ -85.588476562499991, 77.461132812499997 ], [ -84.950878906249997, 77.374951171874997 ], [ -84.738671875, 77.361035156249997 ], [ -84.487011718749997, 77.36796875 ], [ -83.973583984374997, 77.390527343749994 ], [ -83.721289062499991, 77.414208984374994 ], [ -83.608056640624994, 77.442236328125006 ], [ -83.5498046875, 77.482568359374994 ], [ -83.477343749999989, 77.513623046874997 ], [ -83.250292968749989, 77.584814453125006 ], [ -82.902734375, 77.732714843750003 ], [ -82.710351562499994, 77.849511718749994 ], [ -82.664697265624994, 77.888818359374994 ], [ -82.626318359374991, 77.936328125 ], [ -82.5953125, 77.992138671874997 ], [ -82.703564453124997, 77.96240234375 ], [ -83.303759765624989, 77.673730468749994 ], [ -83.42822265625, 77.621289062499997 ], [ -83.779394531249991, 77.532617187499994 ], [ -83.928173828124997, 77.518310546875 ], [ -84.167822265624991, 77.522705078125 ], [ -84.48583984375, 77.561962890624997 ], [ -84.860546875, 77.49951171875 ], [ -85.087890625, 77.515380859375 ], [ -85.289355468749989, 77.559033203124997 ], [ -85.292041015624989, 77.763867187499997 ], [ -85.547558593749997, 77.927685546874997 ], [ -85.265332031249997, 78.010595703125006 ], [ -85.031494140625, 78.06201171875 ], [ -84.615429687499997, 78.195703125 ], [ -84.524169921875, 78.197070312500003 ], [ -84.222705078124989, 78.176025390625 ], [ -84.388134765624997, 78.206347656250003 ], [ -84.55, 78.251367187499994 ], [ -84.910351562499997, 78.239697265624997 ], [ -84.783203125, 78.527587890625 ], [ -85.024316406249994, 78.312402343749994 ], [ -85.270166015624994, 78.199511718750003 ], [ -85.418994140624989, 78.142431640625006 ], [ -85.5859375, 78.109570312499997 ], [ -86.2177734375, 78.081201171874994 ], [ -86.062597656249991, 78.186962890624997 ], [ -85.920068359374994, 78.342871093750006 ], [ -86.070947265624994, 78.284619140624997 ], [ -86.427050781249989, 78.197021484375 ], [ -86.693603515625, 78.151025390624994 ], [ -86.913232421874994, 78.126806640625006 ], [ -87.33935546875, 78.132666015625006 ], [ -87.5517578125, 78.176611328125006 ], [ -87.491113281249994, 78.284423828125 ], [ -87.491308593749991, 78.4171875 ], [ -87.361279296874997, 78.478710937499997 ], [ -87.164306640625, 78.5576171875 ], [ -86.952929687499989, 78.663916015625006 ], [ -86.807910156249989, 78.774365234374997 ], [ -86.241894531249997, 78.823632812499994 ], [ -85.691015625, 78.843701171874997 ], [ -85.2296875, 78.902001953124994 ], [ -85.003759765624991, 78.912255859374994 ], [ -84.787255859374994, 78.884570312500003 ], [ -83.907910156249997, 78.839160156250003 ], [ -83.547021484374994, 78.804492187500003 ], [ -83.388720703124989, 78.779345703125003 ], [ -83.271435546874997, 78.7703125 ], [ -83.147412109374997, 78.807861328125 ], [ -82.989794921874989, 78.844140625 ], [ -82.441796875, 78.840429687500006 ], [ -82.290673828124994, 78.847070312499994 ], [ -82.151074218749997, 78.864111328125006 ], [ -81.981103515624994, 78.898486328125003 ], [ -81.780810546874989, 78.950341796874994 ], [ -81.750097656249991, 78.97578125 ], [ -81.889111328124997, 78.974853515625 ], [ -82.0283203125, 78.961865234374997 ], [ -82.237402343749991, 78.924072265625 ], [ -82.438769531249989, 78.903662109375006 ], [ -82.644091796874989, 78.907519531250003 ], [ -83.058544921874997, 78.939501953125003 ], [ -83.778613281249989, 78.945263671874997 ], [ -84.145800781249989, 78.959814453125006 ], [ -84.316113281249997, 78.975292968749997 ], [ -84.412011718749994, 78.99658203125 ], [ -84.495849609375, 79.028564453125 ], [ -84.567773437499994, 79.0712890625 ], [ -84.5302734375, 79.101269531249997 ], [ -84.383593749999989, 79.118554687499994 ], [ -84.256640624999989, 79.122167968750006 ], [ -84.053027343749989, 79.098681640625003 ], [ -83.824609375, 79.058837890625 ], [ -83.575878906249997, 79.053662109374997 ], [ -83.662011718749994, 79.090039062499997 ], [ -83.978125, 79.163134765625003 ], [ -84.197363281249991, 79.22509765625 ], [ -84.381054687499997, 79.30126953125 ], [ -84.522412109374997, 79.376611328124994 ], [ -84.83642578125, 79.494726562500006 ], [ -85.089794921874997, 79.612158203125006 ], [ -85.268505859374997, 79.664111328125003 ], [ -85.456933593749994, 79.68984375 ], [ -86.031494140625, 79.721923828125 ], [ -86.146630859374994, 79.742822265624994 ], [ -86.420751953124991, 79.84521484375 ], [ -86.494335937499997, 80.018164062500006 ], [ -86.614501953125, 80.12353515625 ], [ -86.49853515625, 80.258251953124997 ], [ -86.307177734374989, 80.3193359375 ], [ -85.159619140624997, 80.271777343750003 ], [ -84.675439453124994, 80.27890625 ], [ -84.056542968749994, 80.261962890625 ], [ -83.7236328125, 80.228955078124997 ], [ -83.34375, 80.14697265625 ], [ -83.004296875, 80.054589843749994 ], [ -82.677490234375, 79.992773437500006 ], [ -82.377001953124989, 79.908251953125003 ], [ -82.048779296874997, 79.782763671875003 ], [ -81.855712890625, 79.722558593749994 ], [ -81.688378906249994, 79.685791015625 ], [ -81.463037109374994, 79.654150390625006 ], [ -81.0380859375, 79.614208984374997 ], [ -80.667822265624991, 79.601025390624997 ], [ -80.475927734374991, 79.60625 ], [ -80.270605468749991, 79.635205078124997 ], [ -80.124462890624997, 79.669482421875003 ], [ -80.287451171874991, 79.678955078125 ], [ -80.714013671874994, 79.674951171874994 ], [ -81.01015625, 79.693115234375 ], [ -81.179052734374991, 79.733447265625003 ], [ -81.358691406249989, 79.787792968749997 ], [ -81.644238281249997, 79.890234375 ], [ -81.860253906249994, 79.957177734374994 ], [ -82.332373046874991, 80.066357421874997 ], [ -82.681298828124994, 80.174902343750006 ], [ -82.961132812499997, 80.277880859375003 ], [ -82.987011718749997, 80.322607421875006 ], [ -82.784814453124994, 80.353759765625 ], [ -82.5361328125, 80.375537109375003 ], [ -80.979638671874994, 80.445263671874997 ], [ -80.051074218749989, 80.528564453125 ], [ -79.674365234374989, 80.625244140625 ], [ -79.629345703124997, 80.647851562499994 ], [ -78.386181640624997, 80.784375 ], [ -77.507128906249989, 80.834765625 ], [ -77.169140625, 80.842919921874994 ], [ -76.862988281249997, 80.864794921875003 ], [ -76.850341796875, 80.878173828125 ], [ -77.118554687499994, 80.896435546874997 ], [ -77.389453124999989, 80.905419921874994 ], [ -78.003808593749994, 80.904833984375003 ], [ -78.550976562499997, 80.921435546875003 ], [ -78.716210937499994, 80.95166015625 ], [ -78.681933593749989, 81.001074218750006 ], [ -78.629296875, 81.04345703125 ], [ -78.463964843749991, 81.114355468750006 ], [ -78.286816406249997, 81.167626953124994 ], [ -77.536035156249994, 81.32109375 ], [ -77.030712890624997, 81.385693359374997 ], [ -76.885107421874991, 81.430273437500006 ], [ -77.972363281249997, 81.330810546875 ], [ -78.352148437499991, 81.258935546874994 ], [ -78.73388671875, 81.151025390624994 ], [ -78.931542968749994, 81.119238281250006 ], [ -79.072460937499997, 81.127636718749997 ], [ -79.198339843749991, 81.117578125 ], [ -79.309179687499991, 81.0890625 ], [ -79.402148437499989, 81.036865234375 ], [ -79.477246093749997, 80.960986328125003 ], [ -79.54541015625, 80.909326171874994 ], [ -79.606640625, 80.881787109374997 ], [ -79.761328125, 80.841943359374994 ], [ -80.133544921875, 80.763916015625 ], [ -81.00703125, 80.654882812500006 ], [ -81.300976562499997, 80.627197265625 ], [ -81.552685546874997, 80.622802734375 ], [ -82.368212890624989, 80.561328125 ], [ -82.613037109375, 80.558886718750003 ], [ -82.884326171874989, 80.577539062499994 ], [ -82.768310546875, 80.630664062500003 ], [ -82.336767578124991, 80.728662109374994 ], [ -82.222363281249997, 80.772314453125006 ], [ -82.4984375, 80.762792968750006 ], [ -82.779980468749997, 80.736035156249997 ], [ -83.401416015624989, 80.713964843750006 ], [ -83.647119140624994, 80.674072265625 ], [ -83.885351562499991, 80.601757812499997 ], [ -84.076269531249991, 80.55625 ], [ -84.219775390624989, 80.537792968749997 ], [ -84.417822265624991, 80.526757812499994 ], [ -85.145849609374991, 80.521142578124994 ], [ -85.307421874999989, 80.525976562500006 ], [ -85.726220703124994, 80.581152343750006 ], [ -86.09716796875, 80.562109375 ], [ -86.250341796874991, 80.565771484375006 ], [ -86.531591796874991, 80.604736328125 ], [ -86.615429687499997, 80.630029296874994 ], [ -86.603076171874989, 80.664013671874997 ], [ -86.440478515624989, 80.72802734375 ], [ -86.252099609374994, 80.78955078125 ], [ -85.639306640624994, 80.924609375 ], [ -85.246289062499997, 80.987890625 ], [ -84.679931640625, 81.042382812499994 ], [ -83.34921875, 81.103320312500003 ], [ -83.288818359375, 81.14794921875 ], [ -84.635449218749997, 81.098095703124997 ], [ -85.780859375, 81.035058593749994 ], [ -85.966796875, 81.011914062499997 ], [ -86.233447265624989, 80.950097656249994 ], [ -87.080273437499997, 80.726269531249997 ], [ -87.329882812499989, 80.669775390625006 ], [ -87.711669921875, 80.65625 ], [ -88.003662109375, 80.675390625 ], [ -88.231982421874989, 80.703808593749997 ], [ -88.625097656249991, 80.770068359375003 ], [ -88.921435546874989, 80.805615234374997 ], [ -89.061669921874994, 80.829541015624997 ], [ -89.144580078124989, 80.853662109374994 ], [ -89.211767578124991, 80.881933593750006 ], [ -89.26328125, 80.914306640625 ], [ -89.166894531249994, 80.941308593749994 ], [ -88.4130859375, 80.999755859375 ], [ -87.388671875, 80.988378906250006 ], [ -86.929003906249989, 81.000439453124997 ], [ -86.476757812499997, 81.035742187500006 ], [ -85.8095703125, 81.123583984375003 ], [ -85.083300781249989, 81.246875 ], [ -84.941210937499989, 81.286230468750006 ], [ -85.206298828125, 81.294873046874997 ], [ -85.402490234374994, 81.285302734374994 ], [ -85.875048828124989, 81.2412109375 ], [ -86.622753906249997, 81.12265625 ], [ -87.275097656249997, 81.080810546875 ], [ -88.886816406249991, 81.058496093749994 ], [ -89.398388671874997, 81.025341796874997 ], [ -89.623046875, 81.032470703125 ], [ -89.792285156249989, 81.06484375 ], [ -89.98095703125, 81.124707031249997 ], [ -89.947314453124989, 81.17265625 ], [ -89.563378906249994, 81.226464843749994 ], [ -89.262548828124991, 81.2390625 ], [ -89.208691406249997, 81.250097656250006 ], [ -89.635693359374997, 81.302050781250003 ], [ -89.673681640624991, 81.32861328125 ], [ -89.427001953125, 81.387451171875 ], [ -88.892285156249997, 81.47412109375 ], [ -88.621923828124991, 81.501416015624997 ], [ -88.126513671874989, 81.518798828125 ], [ -87.61669921875, 81.509326171875003 ], [ -87.597021484374991, 81.525830078124997 ], [ -88.101367187499989, 81.558642578125003 ], [ -88.479052734374989, 81.564648437499997 ], [ -88.978369140624991, 81.54150390625 ], [ -90.303515624999989, 81.401123046875 ], [ -90.416308593749989, 81.405371093750006 ], [ -90.609033203124994, 81.429541015625006 ], [ -90.553759765624989, 81.464208984375006 ], [ -89.84521484375, 81.611669921875006 ], [ -89.821679687499994, 81.634863281250006 ], [ -90.330859374999989, 81.631542968749997 ], [ -90.480371093749994, 81.638525390625006 ], [ -90.626318359374991, 81.656005859375 ], [ -90.833740234375, 81.640478515625006 ], [ -91.102734375, 81.591992187499997 ], [ -91.292382812499994, 81.571240234374997 ], [ -91.402783203124997, 81.578222656250006 ], [ -91.68408203125, 81.635693359374997 ], [ -91.647558593749991, 81.683837890625 ], [ -91.423828125, 81.744238281250006 ], [ -91.219482421875, 81.787744140624994 ], [ -90.941943359374989, 81.827441406250003 ], [ -90.490185546874997, 81.877246093750003 ], [ -90.163037109374997, 81.89404296875 ], [ -89.633349609374989, 81.89453125 ], [ -89.381005859374994, 81.916748046875 ], [ -89.156347656249991, 81.955419921875006 ], [ -88.875244140625, 82.018017578124997 ], [ -88.566845703124997, 82.061083984375003 ], [ -88.063183593749997, 82.096484375 ], [ -87.638916015625, 82.085058593750006 ], [ -87.404394531249991, 82.05419921875 ], [ -87.218164062499994, 82.000097656250006 ], [ -87.018212890624994, 81.958740234375 ], [ -86.99921875, 81.992138671874997 ], [ -86.834033203124989, 82.033349609374994 ], [ -86.626806640624991, 82.051025390625 ], [ -86.377539062499991, 82.045117187499997 ], [ -86.158349609374994, 82.025537109374994 ], [ -85.874804687499989, 81.975683593750006 ], [ -85.645654296874994, 81.953271484374994 ], [ -85.537988281249994, 81.954638671875003 ], [ -85.403173828124991, 81.982226562500003 ], [ -85.044824218749994, 81.9828125 ], [ -85.05224609375, 81.99453125 ], [ -85.169238281249989, 82.023388671874997 ], [ -85.310595703124989, 82.043994140625003 ], [ -86.580615234374989, 82.187207031249997 ], [ -86.615625, 82.218554687500003 ], [ -86.187597656249991, 82.247949218749994 ], [ -85.920019531249991, 82.283056640625006 ], [ -85.79443359375, 82.291601562500006 ], [ -85.480859375, 82.366308593750006 ], [ -85.275976562499991, 82.405224609374997 ], [ -84.896826171874991, 82.449414062499997 ], [ -84.744726562499991, 82.437353515625006 ], [ -84.553369140624994, 82.398339843749994 ], [ -84.368115234374997, 82.373925781249994 ], [ -83.823632812499994, 82.350683593750006 ], [ -83.590673828124991, 82.326464843750003 ], [ -83.175683593749994, 82.187207031249997 ], [ -83.01015625, 82.141699218750006 ], [ -82.774218749999989, 82.094921875 ], [ -82.633691406249994, 82.077294921874994 ], [ -82.356005859374989, 82.066015625 ], [ -82.327441406249989, 82.092480468749997 ], [ -82.657080078124991, 82.158300781250006 ], [ -82.747460937499994, 82.196435546874994 ], [ -82.70859375, 82.228710937499997 ], [ -82.638378906249997, 82.245751953124994 ], [ -82.536914062499989, 82.247265625 ], [ -82.2765625, 82.218457031249997 ], [ -81.58447265625, 82.120556640624997 ], [ -80.549902343749991, 82.004589843749997 ], [ -80.153369140624989, 81.977636718750006 ], [ -79.908642578124997, 81.936230468749997 ], [ -79.685546875, 81.885888671874994 ], [ -79.465625, 81.851123046875003 ], [ -79.424853515624989, 81.854443359374997 ], [ -79.629492187499991, 81.932324218749997 ], [ -80.129833984374997, 82.028369140625003 ], [ -81.46826171875, 82.1923828125 ], [ -81.997607421874989, 82.278271484374997 ], [ -82.253662109375, 82.336328125 ], [ -82.447558593749989, 82.39501953125 ], [ -82.451367187499997, 82.427099609375006 ], [ -82.268896484374991, 82.464648437500003 ], [ -82.023242187499989, 82.494384765625 ], [ -81.7177734375, 82.50625 ], [ -81.68115234375, 82.518652343750006 ], [ -81.95859375, 82.563232421875 ], [ -82.122509765624997, 82.601757812499997 ], [ -82.116845703124994, 82.628662109375 ], [ -81.785351562499997, 82.64921875 ], [ -81.5796875, 82.643017578124997 ], [ -81.188867187499994, 82.594482421875 ], [ -80.8625, 82.571533203125 ], [ -80.809667968749991, 82.586376953124997 ], [ -81.146630859374994, 82.715576171875 ], [ -81.178076171874991, 82.744677734375003 ], [ -81.128173828125, 82.76171875 ], [ -81.01015625, 82.779052734375 ], [ -80.657128906249994, 82.769091796875003 ], [ -80.07578125, 82.706201171874994 ], [ -79.035058593749994, 82.674658203125006 ], [ -78.748779296875, 82.679394531249997 ], [ -78.791796874999989, 82.693896484375003 ], [ -79.207226562499997, 82.732763671875006 ], [ -79.641992187499994, 82.784960937500003 ], [ -79.833789062499989, 82.816503906250006 ], [ -79.974316406249997, 82.858984375 ], [ -80.141162109374989, 82.894238281249997 ], [ -80.154931640624994, 82.9111328125 ], [ -79.886328125, 82.938525390625003 ], [ -79.180566406249994, 82.933203125 ], [ -78.524951171874989, 82.89111328125 ], [ -77.968652343749994, 82.906347656250006 ], [ -77.618066406249994, 82.895849609375006 ], [ -77.479589843749991, 82.883154296875006 ], [ -77.225878906249989, 82.837207031250003 ], [ -76.420996093749991, 82.6708984375 ], [ -76.335546875, 82.644433593749994 ], [ -76.244042968749994, 82.604101562500006 ], [ -76.146484375, 82.549853515625003 ], [ -76.009375, 82.53515625 ], [ -75.744335937499997, 82.572412109374994 ], [ -75.565625, 82.608544921874994 ], [ -75.642871093749989, 82.643505859374997 ], [ -76.086962890624989, 82.7236328125 ], [ -76.187792968749989, 82.757910156250006 ], [ -76.409960937499989, 82.815820312499994 ], [ -76.908447265625, 82.91943359375 ], [ -77.041210937499997, 82.967529296875 ], [ -77.124902343749994, 83.008544921875 ], [ -75.744921874999989, 83.047167968750003 ], [ -74.414160156249991, 83.013134765624997 ], [ -74.19775390625, 82.989013671875 ], [ -74.055859375, 82.955371093750003 ], [ -73.91650390625, 82.904199218749994 ], [ -73.703125, 82.851855468750003 ], [ -73.272021484374989, 82.771582031250006 ], [ -72.65869140625, 82.721630859374997 ], [ -72.775927734374989, 82.755664062500003 ], [ -73.234667968749989, 82.84423828125 ], [ -73.44189453125, 82.904833984375003 ], [ -73.440722656249989, 82.945849609375003 ], [ -73.40380859375, 82.977148437500006 ], [ -73.331152343749991, 82.998779296875 ], [ -72.811669921874994, 83.081201171874994 ], [ -72.069238281249994, 83.106054687500006 ], [ -71.983203124999989, 83.101416015625006 ], [ -71.405957031249997, 82.974853515625 ], [ -71.13203125, 82.923046875 ], [ -70.940380859374997, 82.902246093749994 ], [ -70.933007812499994, 82.911279296874994 ], [ -71.198339843749991, 82.969580078125006 ], [ -71.402392578124989, 83.001269531250003 ], [ -71.423535156249997, 83.021142578124994 ], [ -71.084814453124991, 83.082666015624994 ], [ -70.870556640624997, 83.09814453125 ], [ -69.969921875, 83.116113281249994 ], [ -69.86767578125, 83.109619140625 ], [ -69.782128906249994, 83.092529296875 ], [ -69.569384765624989, 83.02490234375 ], [ -69.488867187499991, 83.016796875 ] ] ], [ [ [ -95.484375, 77.7919921875 ], [ -95.233056640624994, 77.753808593749994 ], [ -94.959912109374997, 77.774072265624994 ], [ -94.666796874999989, 77.776220703125006 ], [ -94.014746093749991, 77.759912109374994 ], [ -93.582861328124991, 77.770751953125 ], [ -93.47109375, 77.764306640624994 ], [ -93.300976562499997, 77.739794921875003 ], [ -93.210742187499989, 77.710205078125 ], [ -93.128710937499989, 77.66015625 ], [ -93.339160156249989, 77.6296875 ], [ -93.519580078124989, 77.474414062500003 ], [ -93.5439453125, 77.466650390625006 ], [ -93.740185546874997, 77.464550781249997 ], [ -93.836181640625, 77.452246093750006 ], [ -94.408984374999989, 77.47421875 ], [ -95.987060546875, 77.484130859375 ], [ -96.056103515624997, 77.503466796875003 ], [ -96.263867187499997, 77.59453125 ], [ -96.276611328125, 77.630566406249997 ], [ -96.239160156249994, 77.672558593749997 ], [ -96.194580078125, 77.700537109375006 ], [ -96.14296875, 77.71435546875 ], [ -95.683935546874991, 77.782275390625003 ], [ -95.484375, 77.7919921875 ] ] ], [ [ [ -93.542578125, 75.027929687500006 ], [ -93.478271484375, 74.951953125 ], [ -93.466601562499989, 74.921337890624997 ], [ -93.463476562499991, 74.856494140625003 ], [ -93.490869140624994, 74.77197265625 ], [ -93.509179687499994, 74.756494140624994 ], [ -93.53564453125, 74.749316406250003 ], [ -93.548291015624997, 74.7275390625 ], [ -93.547167968749989, 74.691064453124994 ], [ -93.573095703124991, 74.668847656249994 ], [ -93.626171875, 74.660888671875 ], [ -93.984570312499997, 74.644189453124994 ], [ -94.2060546875, 74.647412109374997 ], [ -94.534521484374991, 74.63671875 ], [ -94.697265625, 74.6421875 ], [ -94.803857421874994, 74.660107421874997 ], [ -94.958740234375, 74.699951171875 ], [ -95.286083984374997, 74.794091796874994 ], [ -95.451220703124989, 74.79736328125 ], [ -95.865429687499997, 74.830419921875006 ], [ -96.09423828125, 74.932519531249994 ], [ -96.181738281249991, 74.95078125 ], [ -96.270117187499991, 74.9203125 ], [ -96.294189453125, 74.927197265624997 ], [ -96.318554687499997, 74.947705078124997 ], [ -96.343164062499994, 74.98193359375 ], [ -96.386328125, 74.999462890624997 ], [ -96.559863281249989, 74.990380859374994 ], [ -96.591162109374991, 75.001855468749994 ], [ -96.599609375, 75.031787109375003 ], [ -96.596923828125, 75.057861328125 ], [ -96.565771484374991, 75.098730468750006 ], [ -96.382861328124989, 75.211376953124997 ], [ -96.292382812499994, 75.219287109375003 ], [ -96.180371093749997, 75.240087890625006 ], [ -96.118408203125, 75.300927734374994 ], [ -96.124902343749994, 75.358300781249994 ], [ -95.954638671874989, 75.443798828124997 ], [ -95.853173828124994, 75.469042968750003 ], [ -95.670800781249994, 75.528662109375006 ], [ -95.049511718749997, 75.621826171875 ], [ -94.878173828125, 75.630029296874994 ], [ -94.648632812499997, 75.623046875 ], [ -94.42724609375, 75.593359375 ], [ -94.256689453124991, 75.544091796874994 ], [ -93.909082031249994, 75.422509765624994 ], [ -93.750830078124991, 75.349023437499994 ], [ -93.666845703124991, 75.273535156250006 ], [ -93.591210937499994, 75.230224609375 ], [ -93.49755859375, 75.136865234374994 ], [ -93.53173828125, 75.100341796875 ], [ -93.551806640624989, 75.051171875 ], [ -93.542578125, 75.027929687500006 ] ] ], [ [ [ -100.001904296874997, 73.945898437500006 ], [ -99.157958984375, 73.731591796874994 ], [ -99.039648437499991, 73.749267578125 ], [ -98.784521484374991, 73.760546875 ], [ -98.519335937499989, 73.792089843750006 ], [ -98.15185546875, 73.818212890625006 ], [ -97.927734375, 73.865771484375003 ], [ -97.832177734374994, 73.879345703124997 ], [ -97.669970703124989, 73.887744140625003 ], [ -97.581835937499989, 73.887548828125006 ], [ -97.327050781249994, 73.861865234375003 ], [ -97.224755859374994, 73.843798828125003 ], [ -97.170507812499991, 73.824853515624994 ], [ -97.11171875, 73.790332031250003 ], [ -97.011279296874989, 73.706152343750006 ], [ -96.99658203125, 73.674902343750006 ], [ -97.001708984375, 73.66650390625 ], [ -97.094580078124991, 73.61474609375 ], [ -97.156396484374994, 73.5921875 ], [ -97.2841796875, 73.570751953124997 ], [ -97.394775390625, 73.564208984375 ], [ -97.489794921874989, 73.526611328125 ], [ -97.596972656249989, 73.53662109375 ], [ -97.625878906249994, 73.502294921875006 ], [ -97.614599609374991, 73.481347656249994 ], [ -97.585839843749994, 73.471142578124997 ], [ -97.531835937499991, 73.473583984374997 ], [ -97.470117187499994, 73.488232421874997 ], [ -97.350292968749997, 73.48095703125 ], [ -97.287109375, 73.458447265624997 ], [ -97.230371093749994, 73.421289062499994 ], [ -97.272509765624989, 73.386816406250006 ], [ -97.484082031249997, 73.339208984375006 ], [ -97.7958984375, 73.285302734374994 ], [ -98.175830078124989, 73.115771484375003 ], [ -98.375585937499991, 73.044677734375 ], [ -98.416845703124991, 73.022509765625003 ], [ -98.436962890624997, 73.000244140625 ], [ -98.430908203125, 72.958056640625003 ], [ -98.421777343749994, 72.941015625 ], [ -98.366650390624997, 72.934130859375003 ], [ -98.180810546874994, 72.993066406249994 ], [ -98.06103515625, 73.0205078125 ], [ -97.939404296874997, 73.035595703124997 ], [ -97.724804687499997, 73.036669921875003 ], [ -97.636328125, 73.027636718750003 ], [ -97.475683593749991, 72.992285156250006 ], [ -97.328759765624994, 72.937841796875006 ], [ -97.295849609374997, 72.918017578125003 ], [ -97.309912109374991, 72.898144531249997 ], [ -97.370996093749994, 72.878125 ], [ -97.377685546875, 72.864941406249997 ], [ -97.237597656249989, 72.837451171875003 ], [ -97.0830078125, 72.762841796874994 ], [ -97.072900390624994, 72.717578125 ], [ -97.140478515624991, 72.672753906249994 ], [ -97.158935546875, 72.642773437499997 ], [ -97.128125, 72.627587890624994 ], [ -97.051806640624989, 72.636816406250006 ], [ -96.869042968749994, 72.68701171875 ], [ -96.671289062499994, 72.713183593750003 ], [ -96.592089843749989, 72.710253906250003 ], [ -96.542089843749991, 72.69873046875 ], [ -96.489208984374997, 72.6298828125 ], [ -96.445605468749989, 72.552441406249997 ], [ -96.440136718749997, 72.4873046875 ], [ -96.472851562499997, 72.434375 ], [ -96.519873046874991, 72.393115234375003 ], [ -96.63828125, 72.342041015625 ], [ -96.745507812499994, 72.322607421875006 ], [ -96.801464843749997, 72.322412109374994 ], [ -96.7958984375, 72.313769531250003 ], [ -96.66875, 72.271240234375 ], [ -96.615576171874991, 72.237255859374997 ], [ -96.592871093749991, 72.204492187499994 ], [ -96.6005859375, 72.1728515625 ], [ -96.618115234374997, 72.145898437499994 ], [ -96.766308593749997, 72.045947265625003 ], [ -96.75830078125, 72.031689453124997 ], [ -96.71728515625, 72.025146484375 ], [ -96.624365234374991, 71.967578125 ], [ -96.613427734374994, 71.833837890625006 ], [ -96.946484375, 71.791894531249994 ], [ -97.024658203125, 71.7607421875 ], [ -97.11669921875, 71.710839843749994 ], [ -97.222216796874989, 71.673486328124994 ], [ -97.461230468749989, 71.634228515624997 ], [ -97.582275390625, 71.6296875 ], [ -98.181347656249997, 71.662451171875006 ], [ -98.241943359375, 71.681494140625006 ], [ -98.283886718749997, 71.715527343749997 ], [ -98.307080078124997, 71.764501953125006 ], [ -98.313378906249994, 71.803076171875006 ], [ -98.302685546874997, 71.831103515625003 ], [ -98.305810546874994, 71.847558593749994 ], [ -98.322705078124997, 71.85234375 ], [ -98.389306640624994, 71.824267578125003 ], [ -98.458837890624991, 71.773193359375 ], [ -98.420800781249994, 71.716503906249997 ], [ -98.2314453125, 71.558935546875006 ], [ -98.1953125, 71.4912109375 ], [ -98.190136718749997, 71.462451171875003 ], [ -98.198632812499994, 71.440869140624997 ], [ -98.412304687499997, 71.348828125 ], [ -98.535937499999989, 71.317626953125 ], [ -98.662890624999989, 71.302099609375006 ], [ -98.783837890624994, 71.313671875 ], [ -98.898779296874991, 71.35234375 ], [ -98.986230468749994, 71.369482421875006 ], [ -99.167138671874994, 71.3671875 ], [ -99.2236328125, 71.387109375 ], [ -99.276171874999989, 71.42421875 ], [ -99.403662109374991, 71.557177734375003 ], [ -99.581445312499994, 71.6515625 ], [ -99.734716796874991, 71.757226562499994 ], [ -100.124121093749991, 71.911523437499994 ], [ -100.32568359375, 72.003857421874997 ], [ -100.594482421875, 72.15234375 ], [ -100.706835937499989, 72.1859375 ], [ -100.800195312499994, 72.199414062499997 ], [ -100.983642578125, 72.210058593750006 ], [ -101.026220703124991, 72.228564453125003 ], [ -101.093115234374991, 72.279052734375 ], [ -101.208544921874989, 72.316992187500006 ], [ -101.250683593749997, 72.32177734375 ], [ -101.318701171874991, 72.312841796875006 ], [ -101.498339843749989, 72.277880859375003 ], [ -101.723925781249989, 72.314892578124997 ], [ -101.774511718749991, 72.340917968750006 ], [ -101.804443359375, 72.385058593750003 ], [ -101.832910156249994, 72.409277343750006 ], [ -101.909326171874994, 72.431054687499994 ], [ -101.973681640624989, 72.486132812500003 ], [ -102.402246093749994, 72.5947265625 ], [ -102.657080078124991, 72.719433593749997 ], [ -102.708740234375, 72.764501953125006 ], [ -102.713671874999989, 72.782910156249997 ], [ -102.6875, 72.842822265625003 ], [ -102.628466796874989, 72.910791015624994 ], [ -102.551074218749989, 72.978271484375 ], [ -102.503808593749994, 73.005908203125003 ], [ -102.336132812499997, 73.064111328124994 ], [ -102.204003906249994, 73.077294921874994 ], [ -102.019628906249991, 73.069921875 ], [ -101.922460937499991, 73.056982421875006 ], [ -101.835400390624997, 73.018017578124997 ], [ -101.798046875, 72.973095703124997 ], [ -101.754541015624994, 72.942822265624997 ], [ -101.617773437499991, 72.909716796875003 ], [ -101.543603515624994, 72.883056640625 ], [ -101.434619140624989, 72.821044921875 ], [ -101.3505859375, 72.746289062499997 ], [ -101.273193359375, 72.7216796875 ], [ -101.087597656249997, 72.71328125 ], [ -100.896044921874989, 72.725927734375006 ], [ -100.484765625, 72.77294921875 ], [ -100.468017578125, 72.77880859375 ], [ -100.442578125, 72.806835937499997 ], [ -100.395703125, 72.977001953124997 ], [ -100.367529296874991, 72.977734375 ], [ -100.227929687499994, 72.89892578125 ], [ -100.188330078124991, 72.890283203124994 ], [ -100.128125, 72.906689453124997 ], [ -100.092382812499991, 72.944970703124994 ], [ -100.096728515624989, 72.963134765625 ], [ -100.184472656249994, 73.055322265624994 ], [ -100.236181640624991, 73.095410156249997 ], [ -100.282666015624997, 73.1203125 ], [ -100.334375, 73.128466796875003 ], [ -100.446191406249994, 73.120556640624997 ], [ -100.531396484374994, 73.13828125 ], [ -100.550195312499994, 73.163720703124994 ], [ -100.536376953125, 73.197851562500006 ], [ -100.489306640624989, 73.233935546875003 ], [ -100.438818359374991, 73.254589843749997 ], [ -100.340722656249994, 73.265185546875003 ], [ -100.225878906249989, 73.2546875 ], [ -100.066992187499991, 73.211083984374994 ], [ -99.96640625, 73.201416015625 ], [ -99.825146484374997, 73.2138671875 ], [ -100.005908203124989, 73.239501953125 ], [ -100.257958984374994, 73.340234375 ], [ -100.366113281249994, 73.359033203124994 ], [ -100.497998046874997, 73.315820312499994 ], [ -100.587011718749991, 73.299560546875 ], [ -100.755322265624997, 73.278466796874994 ], [ -100.889355468749997, 73.275341796874997 ], [ -101.450878906249997, 73.430957031250003 ], [ -101.482080078124994, 73.445849609375003 ], [ -101.523193359375, 73.486376953125003 ], [ -101.518457031249994, 73.505029296874994 ], [ -101.463037109374994, 73.533837890624994 ], [ -101.323144531249994, 73.571972656249997 ], [ -101.114941406249997, 73.595849609374994 ], [ -100.97578125, 73.599755859374994 ], [ -100.854101562499991, 73.5712890625 ], [ -100.676806640624989, 73.494287109374994 ], [ -100.521679687499997, 73.449316406250006 ], [ -100.508935546874994, 73.465478515624994 ], [ -100.536328125, 73.509716796874997 ], [ -100.607128906249997, 73.575390625 ], [ -100.657910156249997, 73.593359375 ], [ -100.78271484375, 73.612939453124994 ], [ -100.898242187499989, 73.658056640625006 ], [ -100.952587890624997, 73.69140625 ], [ -100.981542968749991, 73.727197265624994 ], [ -100.985107421875, 73.765332031249997 ], [ -100.962988281249991, 73.79140625 ], [ -100.915136718749991, 73.805371093749997 ], [ -100.483642578125, 73.843505859375 ], [ -100.182324218749997, 73.80126953125 ], [ -99.991113281249994, 73.795166015625 ], [ -99.911865234375, 73.847021484375006 ], [ -99.939501953124989, 73.857128906249997 ], [ -100.040087890624989, 73.843798828125003 ], [ -100.15380859375, 73.844091796875006 ], [ -100.224804687499997, 73.872509765624997 ], [ -100.22705078125, 73.889111328124997 ], [ -100.138476562499989, 73.928857421874994 ], [ -100.001904296874997, 73.945898437500006 ] ] ], [ [ [ -84.919628906249997, 65.261083984375006 ], [ -84.885107421874991, 65.248974609374997 ], [ -84.842089843749989, 65.255908203125003 ], [ -84.771289062499989, 65.305273437500006 ], [ -84.6125, 65.447314453125003 ], [ -84.567919921874989, 65.460644531249997 ], [ -84.501123046874994, 65.458447265624997 ], [ -84.266406249999989, 65.367236328125003 ], [ -84.179980468749989, 65.316308593749994 ], [ -84.133496093749997, 65.245458984375006 ], [ -84.084863281249994, 65.217822265625003 ], [ -83.900097656249997, 65.18125 ], [ -83.722558593749994, 65.168994140625003 ], [ -83.490771484374989, 65.131787109374997 ], [ -83.407128906249994, 65.10390625 ], [ -83.222265625, 64.96796875 ], [ -83.200976562499989, 64.959667968749997 ], [ -82.990576171874991, 64.904101562500003 ], [ -82.667626953124994, 64.780322265625003 ], [ -82.585791015624991, 64.761914062499997 ], [ -82.271679687499997, 64.721142578124997 ], [ -82.158886718749997, 64.690673828125 ], [ -82.05, 64.644287109375 ], [ -81.92890625, 64.559423828125006 ], [ -81.787207031249991, 64.425976562499997 ], [ -81.676123046874991, 64.212646484375 ], [ -81.667382812499994, 64.170507812500006 ], [ -81.680908203125, 64.145556640625003 ], [ -81.720947265625, 64.118896484375 ], [ -81.902636718749989, 64.03125 ], [ -81.887109375, 64.01640625 ], [ -81.716113281249989, 64.021875 ], [ -81.335644531249997, 64.07578125 ], [ -81.104052734374989, 64.037109375 ], [ -81.023583984374994, 64.031054687500003 ], [ -81.005029296874994, 64.033300781250006 ], [ -80.921142578125, 64.100488281249994 ], [ -80.828955078124991, 64.089941406250006 ], [ -80.694287109374997, 64.024755859375006 ], [ -80.607568359374994, 63.972070312499994 ], [ -80.56884765625, 63.931933593750003 ], [ -80.579199218749991, 63.909228515625003 ], [ -80.668261718749989, 63.901464843749999 ], [ -80.450585937499994, 63.862939453124994 ], [ -80.261328125, 63.801953125 ], [ -80.302050781249989, 63.76220703125 ], [ -80.504052734374994, 63.673779296874997 ], [ -80.711767578124991, 63.596386718749997 ], [ -80.953515625, 63.480273437500003 ], [ -81.013867187499997, 63.462548828124994 ], [ -81.04638671875, 63.461572265624994 ], [ -81.1796875, 63.483203125 ], [ -81.371728515624994, 63.5380859375 ], [ -81.963330078124997, 63.664453125 ], [ -82.14599609375, 63.691162109375 ], [ -82.378125, 63.706787109375 ], [ -82.41171875, 63.736523437499997 ], [ -82.467089843749989, 63.926953125 ], [ -82.571484375, 63.960693359375 ], [ -82.9296875, 64.000439453124997 ], [ -83.033886718749997, 64.023242187500003 ], [ -83.038671875, 64.061425781249994 ], [ -83.016162109374989, 64.127001953125003 ], [ -83.065136718749997, 64.159033203125006 ], [ -83.185546875, 64.157519531250003 ], [ -83.303955078125, 64.143798828125 ], [ -83.494335937499997, 64.09921875 ], [ -83.58359375, 64.05810546875 ], [ -83.617089843749994, 64.013427734375 ], [ -83.637988281249989, 63.917822265624999 ], [ -83.66162109375, 63.872607421875003 ], [ -83.728271484375, 63.813378906249994 ], [ -84.022119140624994, 63.659863281249997 ], [ -84.1416015625, 63.613720703124997 ], [ -84.260449218749997, 63.600488281249994 ], [ -84.3076171875, 63.585791015624999 ], [ -84.3875, 63.529101562500003 ], [ -84.506201171874991, 63.390039062499994 ], [ -84.554589843749994, 63.35 ], [ -84.632910156249991, 63.309228515624994 ], [ -84.795556640624994, 63.246923828124999 ], [ -84.961523437499991, 63.197216796874997 ], [ -85.238134765624991, 63.139306640624994 ], [ -85.392626953124989, 63.119677734375003 ], [ -85.495507812499994, 63.139111328124997 ], [ -85.566113281249997, 63.270898437499994 ], [ -85.714160156249989, 63.657958984375 ], [ -85.738720703124997, 63.684130859375003 ], [ -85.768945312499994, 63.700341796874994 ], [ -85.8046875, 63.70654296875 ], [ -86.301562499999989, 63.656787109375003 ], [ -86.57568359375, 63.662304687499997 ], [ -86.846875, 63.575292968749999 ], [ -86.915234375, 63.568994140624994 ], [ -87.052929687499997, 63.57177734375 ], [ -87.151904296874989, 63.585644531249997 ], [ -87.177148437499994, 63.595117187499994 ], [ -87.19384765625, 63.6328125 ], [ -87.188916015624997, 63.672265625 ], [ -87.154394531249991, 63.714892578125003 ], [ -87.031933593749997, 63.830419921874999 ], [ -86.93203125, 63.901660156250003 ], [ -86.886035156249989, 63.923730468749994 ], [ -86.421728515624991, 64.0515625 ], [ -86.30859375, 64.093652343749994 ], [ -86.252099609374994, 64.136865234374994 ], [ -86.252197265625, 64.18125 ], [ -86.274169921875, 64.238037109375 ], [ -86.3544921875, 64.376513671875003 ], [ -86.374902343749994, 64.502978515625003 ], [ -86.374267578125, 64.565820312499994 ], [ -86.343847656249991, 64.662353515625 ], [ -86.227636718749991, 64.896337890625006 ], [ -86.188281249999989, 65.010302734375003 ], [ -86.114208984374997, 65.417285156250003 ], [ -86.074609375, 65.533837890624994 ], [ -86.01708984375, 65.640283203124994 ], [ -85.961669921875, 65.704248046874994 ], [ -85.81396484375, 65.831933593749994 ], [ -85.699072265624991, 65.883154296875006 ], [ -85.5546875, 65.918652343749997 ], [ -85.523046875, 65.91455078125 ], [ -85.495507812499994, 65.899707031250003 ], [ -85.442431640624989, 65.845556640625006 ], [ -85.241113281249994, 65.795507812500006 ], [ -85.176220703124997, 65.746875 ], [ -85.13037109375, 65.692919921875003 ], [ -85.105371093749994, 65.622705078124994 ], [ -85.130322265624997, 65.592089843750003 ], [ -85.226318359375, 65.545751953125006 ], [ -85.242773437499991, 65.526220703125006 ], [ -85.239941406249997, 65.510302734375003 ], [ -85.056054687499994, 65.437402343749994 ], [ -84.919628906249997, 65.261083984375006 ] ] ], [ [ [ -97.700927734375, 76.466503906249997 ], [ -97.689746093749989, 76.421826171874997 ], [ -97.701855468749997, 76.387402343749997 ], [ -97.737109374999989, 76.363134765625006 ], [ -97.73876953125, 76.335253906250003 ], [ -97.706835937499989, 76.3037109375 ], [ -97.573144531249994, 76.22421875 ], [ -97.530664062499994, 76.181542968749994 ], [ -97.524267578124991, 76.138720703125003 ], [ -97.531054687499989, 76.109423828125003 ], [ -97.613476562499997, 76.052636718749994 ], [ -97.65, 75.979150390624994 ], [ -97.652148437499989, 75.940185546875 ], [ -97.60302734375, 75.879345703124997 ], [ -97.601660156249991, 75.85107421875 ], [ -97.694238281249994, 75.802587890625006 ], [ -97.890527343749994, 75.760351562500006 ], [ -97.86279296875, 75.738085937500003 ], [ -97.439550781249991, 75.6845703125 ], [ -97.407519531249989, 75.672509765624994 ], [ -97.409619140624997, 75.552099609375006 ], [ -97.336035156249991, 75.419824218749994 ], [ -97.363476562499997, 75.417236328125 ], [ -97.465234375, 75.458642578124994 ], [ -97.6533203125, 75.507763671874997 ], [ -97.878222656249989, 75.416113281250006 ], [ -97.852734375, 75.260302734375003 ], [ -97.704882812499989, 75.190820312499994 ], [ -97.659912109375, 75.151171875 ], [ -97.67431640625, 75.127294921875006 ], [ -97.799365234374989, 75.116650390624997 ], [ -97.842724609374997, 75.121826171875 ], [ -97.970849609374994, 75.153271484374997 ], [ -98.0453125, 75.200830078124994 ], [ -98.06875, 75.199169921874997 ], [ -98.091699218749994, 75.176220703124997 ], [ -98.076757812499991, 75.152978515624994 ], [ -97.989990234375, 75.110693359375006 ], [ -97.953320312499997, 75.06015625 ], [ -97.991796875, 75.045800781249994 ], [ -98.120947265624991, 75.03271484375 ], [ -98.295166015625, 75.032177734374997 ], [ -98.568652343749989, 75.009326171875003 ], [ -98.703515625, 75.005810546874997 ], [ -98.834814453124991, 75.018164062500006 ], [ -99.010058593749989, 75.02109375 ], [ -99.155810546874989, 75.015722656250006 ], [ -99.244921874999989, 75.02578125 ], [ -99.326123046874997, 75.049414062500006 ], [ -99.420605468749997, 75.04375 ], [ -99.626904296874997, 74.983740234375006 ], [ -99.946630859374991, 75.002832031249994 ], [ -100.234375, 75.007714843749994 ], [ -100.292285156249989, 75.027734375 ], [ -100.356640625, 75.066748046875006 ], [ -100.483496093749991, 75.188427734374997 ], [ -100.45947265625, 75.219091796875006 ], [ -100.152050781249997, 75.235644531250003 ], [ -100.145703125, 75.246142578125003 ], [ -100.364111328124991, 75.28955078125 ], [ -100.614892578124994, 75.321435546874994 ], [ -100.731152343749997, 75.346533203125006 ], [ -100.704248046874994, 75.394335937500003 ], [ -100.7119140625, 75.406347656250006 ], [ -100.279638671874991, 75.460986328125003 ], [ -99.965283203124997, 75.568505859374994 ], [ -99.770214843749997, 75.612255859374997 ], [ -99.756005859374994, 75.633398437500006 ], [ -99.591162109374991, 75.655371093750006 ], [ -99.209423828124997, 75.668603515624994 ], [ -99.194580078125, 75.698388671874994 ], [ -99.915136718749991, 75.68125 ], [ -100.901757812499994, 75.620410156250003 ], [ -101.206835937499989, 75.590429687500006 ], [ -101.461328125, 75.60791015625 ], [ -102.54140625, 75.513623046874997 ], [ -102.58740234375, 75.513671875 ], [ -102.700390625, 75.543603515624994 ], [ -102.797509765624994, 75.599658203125003 ], [ -102.727832031249989, 75.638720703125003 ], [ -102.410693359374989, 75.712841796874997 ], [ -102.252050781249991, 75.777734375 ], [ -102.270654296874994, 75.812792968750003 ], [ -102.144726562499997, 75.875048828125003 ], [ -101.942822265624997, 75.883837890625003 ], [ -101.599658203124989, 75.832666015624994 ], [ -101.421240234374991, 75.781933593749997 ], [ -101.261425781249997, 75.758203125 ], [ -101.119384765625, 75.762890625 ], [ -100.972802734374994, 75.7984375 ], [ -101.009912109374994, 75.802392578124994 ], [ -101.258837890624989, 75.783642578124997 ], [ -101.288037109374997, 75.789111328125003 ], [ -101.414990234374997, 75.845849609374994 ], [ -101.4703125, 75.881933593750006 ], [ -101.505908203124989, 75.918066406250006 ], [ -101.507861328124989, 75.943603515625 ], [ -101.431347656249997, 75.991992187500003 ], [ -101.716796875, 76.007910156250006 ], [ -101.823388671874994, 76.041357421875006 ], [ -101.872119140624989, 76.083105468750006 ], [ -101.861376953124989, 76.101269531249997 ], [ -101.771386718749994, 76.150097656249997 ], [ -101.528955078124994, 76.21728515625 ], [ -101.55703125, 76.23583984375 ], [ -101.909814453124994, 76.234375 ], [ -101.987451171874994, 76.243115234374997 ], [ -102.137744140624989, 76.284863281249997 ], [ -102.1046875, 76.331201171874994 ], [ -101.964208984374991, 76.399023437500006 ], [ -101.858496093749991, 76.439013671875003 ], [ -101.787548828124997, 76.451269531250006 ], [ -101.67724609375, 76.451025390625006 ], [ -101.415185546874994, 76.424902343750006 ], [ -101.339746093749994, 76.410498046875006 ], [ -101.1390625, 76.345166015624997 ], [ -101.087890625, 76.307861328125 ], [ -101.094189453124997, 76.271923828124997 ], [ -101.055810546874994, 76.245556640624997 ], [ -100.900097656249997, 76.207080078125003 ], [ -100.230664062499997, 76.007666015625006 ], [ -100.105712890625, 75.96044921875 ], [ -100.020117187499991, 75.939550781250006 ], [ -99.865478515625, 75.92421875 ], [ -99.774853515624997, 75.927392578124994 ], [ -99.701269531249991, 75.941455078125003 ], [ -99.688916015624997, 75.959716796875 ], [ -99.978320312499989, 76.029492187499997 ], [ -100.050976562499997, 76.066601562499997 ], [ -100.112841796874989, 76.117236328125003 ], [ -100.085791015624991, 76.133544921875 ], [ -100.001757812499989, 76.139208984375003 ], [ -99.790185546874994, 76.132617187500003 ], [ -99.541064453124989, 76.146289062500003 ], [ -99.817236328124991, 76.167578125 ], [ -99.997607421874989, 76.195849609375003 ], [ -100.182763671874994, 76.197216796874997 ], [ -100.414208984374994, 76.242529296875006 ], [ -100.414355468749989, 76.256689453125006 ], [ -100.357617187499997, 76.271142578124994 ], [ -100.042724609375, 76.291259765625 ], [ -99.983105468749997, 76.299902343750006 ], [ -99.977734375, 76.312451171874997 ], [ -100.081884765624991, 76.3427734375 ], [ -100.174658203124991, 76.359277343749994 ], [ -100.650683593749989, 76.395947265624997 ], [ -100.819873046874989, 76.43701171875 ], [ -100.873632812499991, 76.456591796875003 ], [ -100.890771484374994, 76.475488281249994 ], [ -100.829736328124994, 76.523876953124997 ], [ -100.57373046875, 76.584619140624994 ], [ -100.387939453125, 76.613574218750003 ], [ -100.068701171874991, 76.634765625 ], [ -99.8140625, 76.632226562499994 ], [ -99.669042968749991, 76.624121093750006 ], [ -99.329492187499994, 76.521289062500003 ], [ -99.169628906249997, 76.453662109375003 ], [ -98.890332031249997, 76.465576171875 ], [ -98.970996093749989, 76.536572265624997 ], [ -99.023632812499997, 76.614550781250003 ], [ -98.940869140624997, 76.643164062500006 ], [ -98.710839843749994, 76.69384765625 ], [ -98.527587890625, 76.667382812499994 ], [ -98.288671875, 76.598730468750006 ], [ -98.236181640624991, 76.575341796874994 ], [ -97.967333984374989, 76.532910156249997 ], [ -97.808398437499989, 76.518798828125 ], [ -97.725878906249989, 76.49609375 ], [ -97.700927734375, 76.466503906249997 ] ] ], [ [ [ -103.426025390625, 79.315625 ], [ -103.191650390625, 79.2953125 ], [ -102.914355468749989, 79.231103515624994 ], [ -102.652294921874997, 79.095019531250003 ], [ -102.638964843749989, 79.077587890624997 ], [ -102.637597656249994, 79.054980468750003 ], [ -102.648193359375, 79.027148437500003 ], [ -102.682861328125, 78.991015625 ], [ -102.730517578124989, 78.969335937500006 ], [ -102.595605468749994, 78.94296875 ], [ -102.580761718749997, 78.930126953124997 ], [ -102.5927734375, 78.900927734375003 ], [ -102.576171875, 78.87939453125 ], [ -102.494580078124997, 78.900683593750003 ], [ -102.4248046875, 78.933203125 ], [ -102.407324218749991, 78.9541015625 ], [ -102.393164062499991, 79.010302734375003 ], [ -102.188574218749991, 79.038378906250003 ], [ -101.9736328125, 79.079199218750006 ], [ -101.872607421874989, 79.08837890625 ], [ -101.703662109374989, 79.07890625 ], [ -101.299023437499997, 78.982177734375 ], [ -101.144580078124989, 78.972900390625 ], [ -101.088476562499991, 78.961523437500006 ], [ -101.037158203124989, 78.939013671875003 ], [ -101.03369140625, 78.914697265624994 ], [ -101.115917968749997, 78.858300781249994 ], [ -101.1474609375, 78.823974609375 ], [ -101.128125, 78.801660156249994 ], [ -100.9169921875, 78.782910156249997 ], [ -100.435498046874997, 78.8203125 ], [ -100.014746093749991, 78.728613281250006 ], [ -99.781835937499991, 78.61962890625 ], [ -99.609423828124989, 78.583056640625003 ], [ -99.582128906249991, 78.56328125 ], [ -99.631103515625, 78.544677734375 ], [ -99.68017578125, 78.493505859375006 ], [ -99.818310546874997, 78.455371093750003 ], [ -99.847802734374994, 78.438232421875 ], [ -99.774121093749997, 78.39296875 ], [ -99.768652343749991, 78.364550781250003 ], [ -99.778222656249994, 78.325097656249994 ], [ -99.751367187499994, 78.302978515625 ], [ -99.562451171874997, 78.279345703125003 ], [ -99.131542968749997, 78.117529296875006 ], [ -99.053125, 78.072363281250006 ], [ -99.004589843749997, 78.015966796875006 ], [ -98.999609375, 77.996875 ], [ -99.061181640624994, 77.965625 ], [ -99.128369140624997, 77.877148437499997 ], [ -99.16640625, 77.85693359375 ], [ -99.34130859375, 77.839648437500003 ], [ -99.659130859374997, 77.824072265625006 ], [ -99.955908203124991, 77.793798828125006 ], [ -100.274658203125, 77.832714843749997 ], [ -100.586035156249991, 77.891796875 ], [ -100.680273437499991, 77.9306640625 ], [ -100.757910156249991, 77.977685546874994 ], [ -100.778222656249994, 77.996044921874997 ], [ -100.8095703125, 78.071630859375006 ], [ -100.826171875, 78.087744140625006 ], [ -100.957617187499991, 78.130224609375006 ], [ -101.074121093749994, 78.19384765625 ], [ -101.297998046874994, 78.199365234374994 ], [ -101.829492187499994, 78.264111328124997 ], [ -102.056982421874991, 78.279541015625 ], [ -102.284472656249989, 78.275 ], [ -102.606982421874989, 78.248925781249994 ], [ -102.667675781249997, 78.255908203125003 ], [ -102.722705078124989, 78.275244140625006 ], [ -102.772070312499991, 78.306884765625 ], [ -102.784326171874994, 78.330175781250006 ], [ -102.731347656249994, 78.371044921874997 ], [ -103.67724609375, 78.319580078125 ], [ -103.946582031250003, 78.260009765625 ], [ -104.32421875, 78.269482421874997 ], [ -104.512646484374997, 78.294628906249997 ], [ -104.763574218749994, 78.351660156250006 ], [ -104.879345703124997, 78.401269531249994 ], [ -104.985400390625003, 78.468017578125 ], [ -104.995556640624997, 78.518505859374997 ], [ -104.909619140624997, 78.552636718749994 ], [ -104.820117187500003, 78.572900390624994 ], [ -104.72705078125, 78.579394531250003 ], [ -104.213964843749991, 78.539746093749997 ], [ -103.764355468749997, 78.51953125 ], [ -103.570507812499997, 78.53984375 ], [ -103.482568359374994, 78.593945312499997 ], [ -103.587988281249991, 78.622998046874997 ], [ -104.020849609374991, 78.634912109374994 ], [ -103.928515625, 78.663378906250003 ], [ -103.562695312499997, 78.692675781250003 ], [ -103.37158203125, 78.736328125 ], [ -103.408398437499997, 78.751611328124994 ], [ -103.518359375, 78.769140625 ], [ -104.008740234374997, 78.764013671875006 ], [ -104.185009765624997, 78.781298828125003 ], [ -104.194580078125, 78.795605468749997 ], [ -104.154980468749997, 78.81396484375 ], [ -103.875634765624994, 78.902685546875006 ], [ -103.887158203124997, 78.918798828125006 ], [ -104.007226562499994, 78.947851562500006 ], [ -104.112744140624997, 78.985595703125 ], [ -104.151953125, 78.989892578124994 ], [ -104.394824218750003, 78.956152343750006 ], [ -104.736035156249997, 78.825927734375 ], [ -104.817431640625003, 78.807080078124997 ], [ -104.8955078125, 78.808154296875003 ], [ -104.97021484375, 78.829150390625003 ], [ -104.96953125, 78.856494140625003 ], [ -104.893408203124991, 78.890185546875003 ], [ -104.735253906249994, 78.991113281249994 ], [ -104.746777343749997, 79.027099609375 ], [ -104.9013671875, 79.051123046875006 ], [ -105.308789062499997, 79.033203125 ], [ -105.53564453125, 79.032519531250003 ], [ -105.570751953124997, 79.060986328124997 ], [ -105.580175781249991, 79.114208984374997 ], [ -105.571044921875, 79.164208984374994 ], [ -105.514550781249994, 79.242480468750003 ], [ -105.435693359374994, 79.30224609375 ], [ -105.3876953125, 79.323583984375006 ], [ -104.847363281249997, 79.310986328124997 ], [ -103.964599609375, 79.34814453125 ], [ -103.706396484374991, 79.35205078125 ], [ -103.426025390625, 79.315625 ] ] ], [ [ [ -91.885546874999989, 81.132861328125003 ], [ -91.754980468749991, 81.04931640625 ], [ -91.2724609375, 80.85009765625 ], [ -91.05390625, 80.777685546875006 ], [ -90.682910156249989, 80.687695312499997 ], [ -90.63671875, 80.655322265625003 ], [ -90.632470703124994, 80.641699218750006 ], [ -90.643017578124997, 80.593701171874997 ], [ -90.537255859374994, 80.575927734375 ], [ -90.217626953124991, 80.548242187499994 ], [ -89.861865234374989, 80.4984375 ], [ -89.7978515625, 80.501269531250003 ], [ -89.673828125, 80.53076171875 ], [ -89.524804687499994, 80.538818359375 ], [ -89.329052734374997, 80.53173828125 ], [ -89.235595703125, 80.510644531249994 ], [ -89.166894531249994, 80.479638671874994 ], [ -89.13828125, 80.457421875 ], [ -89.134179687499994, 80.440234375 ], [ -89.204394531249989, 80.406933593749997 ], [ -89.196582031249989, 80.39404296875 ], [ -89.1546875, 80.378515625 ], [ -89.147265624999989, 80.3603515625 ], [ -89.217675781249994, 80.289257812499997 ], [ -89.198339843749991, 80.26318359375 ], [ -89.019238281249997, 80.198486328125 ], [ -88.857324218749994, 80.166210937499997 ], [ -88.537548828124997, 80.131152343750003 ], [ -88.329248046874994, 80.133691406249994 ], [ -88.199902343749997, 80.111474609374994 ], [ -88.196826171874989, 80.125195312499997 ], [ -88.25537109375, 80.16650390625 ], [ -88.380761718749994, 80.225195312500006 ], [ -88.6125, 80.25537109375 ], [ -88.646240234375, 80.289746093749997 ], [ -88.663427734374991, 80.348291015624994 ], [ -88.643652343749991, 80.386865234374994 ], [ -88.524804687499994, 80.418017578125003 ], [ -88.424365234374989, 80.428076171875006 ], [ -88.125244140625, 80.429492187500003 ], [ -87.960009765624989, 80.415625 ], [ -87.675, 80.372119140625003 ], [ -87.6455078125, 80.3484375 ], [ -87.630273437499994, 80.301611328125006 ], [ -87.618359375, 80.207470703124997 ], [ -87.62548828125, 80.187207031249997 ], [ -87.869140625, 80.133886718750006 ], [ -87.922314453124997, 80.097705078125003 ], [ -87.860693359374991, 80.0875 ], [ -87.6513671875, 80.079443359375006 ], [ -87.328515625, 80.046533203124994 ], [ -87.202050781249994, 80.043212890625 ], [ -87.076171875, 79.966943359374994 ], [ -86.977197265624994, 79.894238281249997 ], [ -87.049511718749997, 79.805419921875 ], [ -87.144238281249997, 79.662646484375003 ], [ -87.220263671874989, 79.629931640625003 ], [ -87.295166015625, 79.580175781250006 ], [ -87.242871093749997, 79.571142578125006 ], [ -86.925244140624997, 79.590966796874994 ], [ -86.861035156249997, 79.597705078125003 ], [ -86.648828125, 79.646240234375 ], [ -86.336962890624989, 79.634960937499997 ], [ -86.232226562499989, 79.622412109375006 ], [ -86.180468749999989, 79.605419921874997 ], [ -86.085546875, 79.551220703124997 ], [ -86.00703125, 79.479443359374997 ], [ -85.948974609375, 79.485986328124994 ], [ -85.803857421874994, 79.573046875 ], [ -85.750927734374997, 79.59453125 ], [ -85.678613281249994, 79.615283203125003 ], [ -85.647851562499994, 79.611425781250006 ], [ -85.501367187499994, 79.530322265625003 ], [ -85.175585937499989, 79.387255859375003 ], [ -85.063769531249989, 79.328173828125003 ], [ -85.042138671874994, 79.284570312499994 ], [ -85.181347656249997, 79.233740234375006 ], [ -85.289843749999989, 79.208349609375006 ], [ -86.091650390624991, 79.1 ], [ -86.450537109374991, 79.038671875 ], [ -86.629443359374989, 78.991308593750006 ], [ -86.720800781249991, 78.975488281249994 ], [ -86.913476562499994, 78.9828125 ], [ -86.957177734374994, 78.974902343750003 ], [ -87.016455078124991, 78.898681640625 ], [ -87.080371093749989, 78.866113281249994 ], [ -87.246386718749989, 78.8134765625 ], [ -87.478759765625, 78.718164062499994 ], [ -87.617382812499997, 78.676318359375003 ], [ -87.861474609374994, 78.706835937500003 ], [ -87.922314453124997, 78.751367187499994 ], [ -87.95625, 78.851611328125003 ], [ -87.960742187499989, 78.893115234375003 ], [ -87.953173828124989, 78.9150390625 ], [ -87.922607421875, 78.950585937499994 ], [ -87.816748046874991, 79.036328125 ], [ -87.829394531249989, 79.0453125 ], [ -87.878369140624997, 79.038183593750006 ], [ -88.040185546874994, 78.9953125 ], [ -88.104052734374989, 78.972802734374994 ], [ -88.163818359375, 78.933496093749994 ], [ -88.190234374999989, 78.867431640625 ], [ -88.166601562499991, 78.745507812499994 ], [ -88.189697265625, 78.696386718750006 ], [ -88.253759765624991, 78.671972656250006 ], [ -88.227880859374991, 78.653027343749997 ], [ -88.037011718749994, 78.626953125 ], [ -88.003125, 78.615527343750003 ], [ -87.981982421874989, 78.5947265625 ], [ -87.9736328125, 78.564746093750003 ], [ -87.982861328124997, 78.537060546874997 ], [ -88.040234375, 78.494433593750003 ], [ -88.147558593749991, 78.477099609375003 ], [ -88.284570312499994, 78.496533203124997 ], [ -88.580664062499991, 78.601904296875006 ], [ -88.709277343749989, 78.59609375 ], [ -88.741601562499994, 78.584033203125003 ], [ -88.713964843749991, 78.546435546875003 ], [ -88.623046875, 78.462109375 ], [ -88.6064453125, 78.391992187499994 ], [ -88.648388671874997, 78.333740234375 ], [ -88.732958984374989, 78.24169921875 ], [ -88.791015625, 78.192431640625003 ], [ -88.822412109374994, 78.185888671875006 ], [ -88.969628906249994, 78.184423828125006 ], [ -89.095703125, 78.209228515625 ], [ -89.470019531249989, 78.370214843750006 ], [ -89.6552734375, 78.438867187499994 ], [ -89.926220703124997, 78.573046875 ], [ -89.995361328125, 78.600683593750006 ], [ -90.037109375, 78.606835937499994 ], [ -90.076318359374994, 78.549169921875006 ], [ -90.001025390624989, 78.495800781249997 ], [ -89.757275390624997, 78.370214843750006 ], [ -89.611669921874991, 78.27890625 ], [ -89.5068359375, 78.203271484374994 ], [ -89.48984375, 78.171923828125003 ], [ -89.525683593749989, 78.159619140624997 ], [ -89.579492187499994, 78.166601562500006 ], [ -89.651123046875, 78.193017578124994 ], [ -89.873046875, 78.237597656250003 ], [ -89.965185546874991, 78.262451171875 ], [ -90.025439453124989, 78.291259765625 ], [ -90.136083984374991, 78.313085937500006 ], [ -90.297216796874991, 78.328027343749994 ], [ -90.459033203124989, 78.330908203125006 ], [ -90.62158203125, 78.321728515624997 ], [ -90.652392578124989, 78.307714843750006 ], [ -90.469189453124997, 78.2685546875 ], [ -90.405419921874994, 78.246679687500006 ], [ -90.357958984374989, 78.21875 ], [ -90.326757812499991, 78.184765625 ], [ -90.386962890625, 78.16328125 ], [ -90.614404296874994, 78.149853515624997 ], [ -90.918115234374994, 78.158398437499997 ], [ -91.409619140624997, 78.18798828125 ], [ -91.899169921875, 78.236865234375003 ], [ -92.351269531249997, 78.312890625 ], [ -92.678271484374989, 78.389111328124997 ], [ -92.8076171875, 78.429736328125003 ], [ -92.848242187499991, 78.460107421874994 ], [ -92.7255859375, 78.486669921875006 ], [ -92.296728515624991, 78.520800781250003 ], [ -91.866894531249997, 78.542675781249997 ], [ -91.934960937499994, 78.56171875 ], [ -92.715527343749997, 78.605029296875003 ], [ -92.972509765624991, 78.612939453124994 ], [ -93.109375, 78.6015625 ], [ -93.2666015625, 78.608300781249994 ], [ -93.389453124999989, 78.642675781250006 ], [ -93.552050781249989, 78.7078125 ], [ -93.634423828124994, 78.750927734374997 ], [ -93.623339843749989, 78.767773437499997 ], [ -93.561425781249994, 78.77734375 ], [ -93.208349609374991, 78.769189453124994 ], [ -93.159863281249997, 78.775634765625 ], [ -93.336474609374989, 78.808056640624997 ], [ -93.902246093749994, 78.872216796874994 ], [ -94.114599609374991, 78.92890625 ], [ -94.153613281249989, 78.951025390625006 ], [ -94.169677734375, 78.972802734374994 ], [ -94.162792968749997, 78.994189453125003 ], [ -93.9501953125, 79.037402343750003 ], [ -93.293896484374997, 79.139501953125006 ], [ -93.068457031249991, 79.155371093750006 ], [ -92.841601562499989, 79.156396484374994 ], [ -92.683642578124989, 79.185791015625 ], [ -92.547216796874991, 79.282617187499994 ], [ -91.867578125, 79.317431640625003 ], [ -91.343652343749994, 79.360888671875003 ], [ -91.299902343749991, 79.372705078124994 ], [ -91.692626953125, 79.36474609375 ], [ -92.247949218749994, 79.3734375 ], [ -92.484570312499997, 79.439257812500003 ], [ -92.644726562499997, 79.450439453125 ], [ -92.821923828124994, 79.449902343749997 ], [ -93.028125, 79.429248046875003 ], [ -93.380859375, 79.3681640625 ], [ -93.550439453124994, 79.353955078124997 ], [ -93.933154296874989, 79.290722656249997 ], [ -94.039843749999989, 79.295214843750003 ], [ -94.093359375, 79.302734375 ], [ -94.109375, 79.315087890624994 ], [ -94.040283203125, 79.35703125 ], [ -93.939697265625, 79.385693359374997 ], [ -93.960253906249989, 79.3955078125 ], [ -94.110302734374997, 79.4015625 ], [ -94.284130859374997, 79.400439453125003 ], [ -94.404882812499991, 79.390527343749994 ], [ -94.846044921874991, 79.335058593750006 ], [ -95.043701171875, 79.293554687500006 ], [ -95.103173828124994, 79.289892578125006 ], [ -95.316601562499997, 79.354736328125 ], [ -95.657031249999989, 79.390380859375 ], [ -95.733007812499991, 79.418212890625 ], [ -95.662890624999989, 79.52734375 ], [ -95.5634765625, 79.549755859374997 ], [ -95.30234375, 79.568066406249997 ], [ -94.519677734374994, 79.667138671874994 ], [ -94.475537109374997, 79.686181640624994 ], [ -94.40185546875, 79.736328125 ], [ -94.580859374999989, 79.725634765625003 ], [ -94.973046875, 79.677197265624997 ], [ -95.296972656249991, 79.653076171875 ], [ -95.552490234375, 79.653222656249994 ], [ -95.739355468749991, 79.66015625 ], [ -95.857519531249991, 79.673779296874997 ], [ -95.999658203124994, 79.7046875 ], [ -96.462744140624991, 79.847509765625006 ], [ -96.5890625, 79.916650390624994 ], [ -96.606738281249989, 79.977685546874994 ], [ -96.639208984374989, 80.024169921875 ], [ -96.773242187499989, 80.135791015625003 ], [ -95.781982421875, 80.06640625 ], [ -95.393847656249989, 80.053271484375003 ], [ -94.645898437499994, 80.048730468749994 ], [ -94.61083984375, 80.055517578125006 ], [ -94.599804687499997, 80.073632812499994 ], [ -94.612695312499994, 80.102978515624997 ], [ -94.606982421874989, 80.125585937500006 ], [ -94.582617187499991, 80.14140625 ], [ -94.304443359375, 80.181640625 ], [ -94.262597656249994, 80.194873046875003 ], [ -94.590136718749989, 80.201513671875006 ], [ -95.1923828125, 80.134375 ], [ -95.405078124999989, 80.135009765625 ], [ -95.646240234375, 80.23095703125 ], [ -95.904003906249997, 80.214111328125 ], [ -96.025683593749989, 80.221728515625003 ], [ -96.215087890625, 80.245898437500003 ], [ -96.308300781249997, 80.266992187499994 ], [ -96.368408203125, 80.293066406250006 ], [ -96.394091796874989, 80.315039062500006 ], [ -96.385351562499991, 80.332861328125006 ], [ -96.334375, 80.352783203125 ], [ -96.112158203124991, 80.380419921875003 ], [ -96.011865234374994, 80.383056640625 ], [ -95.747363281249989, 80.365283203125003 ], [ -95.549072265625, 80.366601562499994 ], [ -95.614453125, 80.396240234375 ], [ -95.901074218749997, 80.470849609374994 ], [ -96.151806640624997, 80.553466796875 ], [ -96.1328125, 80.69140625 ], [ -95.926953125, 80.720654296874997 ], [ -95.713623046875, 80.725439453125006 ], [ -95.505273437499994, 80.690576171874994 ], [ -95.225830078125, 80.685791015625 ], [ -95.025732421874991, 80.646435546874997 ], [ -94.892578125, 80.570898437500006 ], [ -94.734472656249991, 80.572363281250006 ], [ -94.485400390624989, 80.558056640624997 ], [ -93.927929687499997, 80.559179687500006 ], [ -94.028710937499994, 80.586181640625 ], [ -94.2021484375, 80.609716796875006 ], [ -94.596289062499991, 80.640625 ], [ -94.788476562499994, 80.751269531250003 ], [ -95.195849609374989, 80.808300781249997 ], [ -95.514746093749991, 80.838134765625 ], [ -95.50927734375, 80.863232421874997 ], [ -95.269775390625, 81.00078125 ], [ -94.980517578124989, 81.049658203125006 ], [ -94.519433593749994, 81.031201171874997 ], [ -94.21630859375, 81.057177734375003 ], [ -93.825976562499989, 81.105712890625 ], [ -93.44375, 81.083251953125 ], [ -93.345117187499994, 81.085351562499994 ], [ -93.28671875, 81.100292968749997 ], [ -93.235644531249989, 81.128857421874997 ], [ -93.235400390624989, 81.155126953125006 ], [ -93.285937499999989, 81.179248046875003 ], [ -93.406542968749989, 81.209082031250006 ], [ -93.894433593749994, 81.21328125 ], [ -94.1103515625, 81.225 ], [ -94.194433593749991, 81.240917968749997 ], [ -94.218652343749994, 81.264941406250003 ], [ -94.231494140624989, 81.289697265624994 ], [ -94.232958984374989, 81.315136718749997 ], [ -94.220117187499994, 81.330761718749997 ], [ -94.179345703124994, 81.339257812499994 ], [ -94.059716796874994, 81.349316406249997 ], [ -93.604882812499994, 81.3505859375 ], [ -93.332763671875, 81.364404296874994 ], [ -93.03466796875, 81.346289062500006 ], [ -92.41259765625, 81.278271484374997 ], [ -92.211767578124991, 81.243603515624997 ], [ -91.997851562499989, 81.185498046874997 ], [ -91.885546874999989, 81.132861328125003 ] ] ], [ [ [ -94.294970703124989, 76.912451171875006 ], [ -94.107958984374989, 76.903759765624997 ], [ -93.948046874999989, 76.917089843750006 ], [ -93.8109375, 76.914160156250006 ], [ -93.6083984375, 76.873828125 ], [ -93.420751953124991, 76.812207031249997 ], [ -93.2765625, 76.784326171874994 ], [ -93.230029296874989, 76.770263671875 ], [ -93.211865234374997, 76.7546875 ], [ -93.189257812499989, 76.7080078125 ], [ -93.189990234374989, 76.686376953125006 ], [ -93.200585937499994, 76.669091796874994 ], [ -93.263671875, 76.62646484375 ], [ -93.316748046874991, 76.573681640624997 ], [ -93.42626953125, 76.527148437500003 ], [ -93.484570312499997, 76.492041015625006 ], [ -93.534570312499994, 76.447705078124997 ], [ -93.421875, 76.47412109375 ], [ -92.995361328125, 76.620410156250003 ], [ -92.716259765624997, 76.602978515624997 ], [ -92.297021484374994, 76.616015625 ], [ -91.789453125, 76.67578125 ], [ -91.5484375, 76.685107421875003 ], [ -91.305029296874991, 76.680761718750006 ], [ -91.124267578125, 76.661914062500003 ], [ -90.738427734374994, 76.581347656250003 ], [ -90.604785156249989, 76.54296875 ], [ -90.554638671874997, 76.515771484374994 ], [ -90.542626953124994, 76.495751953124994 ], [ -90.621630859374989, 76.464697265625006 ], [ -90.864062499999989, 76.48359375 ], [ -91.263037109374991, 76.500244140625 ], [ -91.335986328124989, 76.510595703125006 ], [ -91.398095703124994, 76.509765625 ], [ -91.443261718749994, 76.49853515625 ], [ -91.415087890624989, 76.455859375 ], [ -91.333886718749994, 76.446484375 ], [ -90.854785156249989, 76.437304687500003 ], [ -89.284521484374991, 76.301611328125006 ], [ -89.219091796874991, 76.258203125 ], [ -89.236523437499997, 76.239013671875 ], [ -89.292089843749991, 76.217724609374997 ], [ -89.406591796874991, 76.189160156249997 ], [ -90.312060546874989, 76.158007812500003 ], [ -90.82734375, 76.185595703125003 ], [ -91.260400390624994, 76.22998046875 ], [ -91.407324218749991, 76.220068359375006 ], [ -91.279443359374994, 76.159912109375 ], [ -91.019775390625, 76.141552734374997 ], [ -90.802392578124994, 76.10595703125 ], [ -90.712109375, 76.076171875 ], [ -90.251367187499994, 76.053466796875 ], [ -90.176025390625, 76.0302734375 ], [ -90.032763671874989, 75.970898437499997 ], [ -89.912548828124997, 75.96630859375 ], [ -89.793408203124997, 75.924853515625003 ], [ -89.6953125, 75.853613281250006 ], [ -89.650048828124994, 75.844091796875006 ], [ -89.51123046875, 75.85693359375 ], [ -89.277587890625, 75.795068359374994 ], [ -89.204882812499989, 75.762011718750003 ], [ -89.204541015624997, 75.737255859374997 ], [ -89.256640624999989, 75.698486328125 ], [ -89.361230468749994, 75.645800781250003 ], [ -89.625439453124997, 75.583740234375 ], [ -89.646044921874989, 75.565039062500006 ], [ -89.337304687499994, 75.572363281250006 ], [ -89.280419921874994, 75.564111328124994 ], [ -88.916699218749997, 75.453955078125006 ], [ -88.868847656249997, 75.451953125 ], [ -88.838916015624989, 75.463476562500006 ], [ -88.804101562499994, 75.502490234375003 ], [ -88.819628906249989, 75.53857421875 ], [ -88.864062499999989, 75.588623046875 ], [ -88.852148437499991, 75.624902343749994 ], [ -88.783935546875, 75.6474609375 ], [ -88.714892578124989, 75.658642578124997 ], [ -88.644970703124997, 75.658447265625 ], [ -88.569042968749997, 75.645117187500006 ], [ -88.201318359374994, 75.512011718750003 ], [ -87.729736328125, 75.575634765624997 ], [ -87.643652343749991, 75.547070312499997 ], [ -87.572412109374994, 75.49365234375 ], [ -87.539111328124989, 75.48486328125 ], [ -87.364648437499994, 75.59130859375 ], [ -87.256933593749991, 75.617724609375003 ], [ -86.814453125, 75.491357421874994 ], [ -86.544726562499989, 75.46337890625 ], [ -86.4365234375, 75.436279296875 ], [ -86.236328125, 75.406347656250006 ], [ -85.951464843749989, 75.39501953125 ], [ -85.904541015625, 75.441943359375003 ], [ -86.06875, 75.502246093750003 ], [ -85.972998046874991, 75.528710937499994 ], [ -85.58125, 75.579785156249997 ], [ -85.372314453125, 75.572607421875006 ], [ -84.986767578124997, 75.644921875 ], [ -84.750195312499997, 75.6546875 ], [ -84.604882812499994, 75.653466796874994 ], [ -84.127636718749997, 75.762646484374997 ], [ -84.014257812499991, 75.779931640624994 ], [ -83.931982421874991, 75.818945312500006 ], [ -83.744580078124997, 75.812841796875006 ], [ -83.237109374999989, 75.750830078125006 ], [ -83.093408203124994, 75.756445312500006 ], [ -82.553466796875, 75.818261718749994 ], [ -82.353857421874991, 75.833349609375006 ], [ -82.153662109374991, 75.8310546875 ], [ -81.647363281249994, 75.794921875 ], [ -81.2685546875, 75.756005859374994 ], [ -81.15078125, 75.735546875 ], [ -81.192675781249989, 75.684375 ], [ -81.173535156249997, 75.669238281250003 ], [ -81.124414062499994, 75.658154296874997 ], [ -81.000781249999989, 75.643115234375003 ], [ -80.527734375, 75.642138671875003 ], [ -80.321972656249997, 75.629101562499997 ], [ -80.158349609374994, 75.581152343750006 ], [ -80.119189453124989, 75.562060546875003 ], [ -80.125732421875, 75.542138671874994 ], [ -80.28662109375, 75.490380859374994 ], [ -80.260449218749997, 75.479443359374997 ], [ -80.099609375, 75.467431640624994 ], [ -79.737695312499994, 75.461474609375003 ], [ -79.660205078124989, 75.449511718750003 ], [ -79.585742187499989, 75.384863281250006 ], [ -79.5078125, 75.295361328124997 ], [ -79.509082031249989, 75.259814453125003 ], [ -79.634423828124994, 75.199316406250006 ], [ -79.977148437499991, 75.118603515624997 ], [ -80.357568359374994, 75.0515625 ], [ -80.381982421874994, 75.0341796875 ], [ -80.260644531249994, 75.002148437499997 ], [ -80.13525390625, 74.988085937500003 ], [ -80.036425781249989, 74.990917968749997 ], [ -79.733007812499991, 75.021435546874997 ], [ -79.6640625, 75.020849609375006 ], [ -79.524804687499994, 74.989697265624997 ], [ -79.460400390624997, 74.958789062500003 ], [ -79.401416015624989, 74.917626953124994 ], [ -79.507958984374994, 74.880126953125 ], [ -79.944482421874994, 74.833642578124994 ], [ -80.202441406249989, 74.894824218750003 ], [ -80.289208984374994, 74.908300781250006 ], [ -80.347753906249991, 74.902978515624994 ], [ -80.314550781249991, 74.876171875 ], [ -80.189746093749989, 74.827685546875003 ], [ -80.14892578125, 74.795703125 ], [ -80.192236328124991, 74.780175781249994 ], [ -80.212695312499989, 74.749462890624997 ], [ -80.210253906249989, 74.70361328125 ], [ -80.220605468749994, 74.65703125 ], [ -80.262744140624989, 74.58447265625 ], [ -80.277734375, 74.581591796875003 ], [ -81.226220703124994, 74.566650390625 ], [ -81.340478515624994, 74.553515625 ], [ -81.607177734375, 74.50234375 ], [ -81.808837890625, 74.476611328125003 ], [ -81.940185546875, 74.472705078125003 ], [ -82.068505859374994, 74.482080078124994 ], [ -82.414746093749997, 74.535205078125003 ], [ -82.645410156249994, 74.525195312500003 ], [ -82.735791015624997, 74.5302734375 ], [ -82.931054687499994, 74.565576171874994 ], [ -82.978417968749994, 74.583447265624997 ], [ -83.0576171875, 74.629785156249994 ], [ -83.116992187499989, 74.693115234375 ], [ -83.1123046875, 74.732128906249997 ], [ -83.087304687499994, 74.788378906250003 ], [ -83.102636718749991, 74.816552734374994 ], [ -83.158300781249991, 74.816748046875006 ], [ -83.2203125, 74.828417968750003 ], [ -83.407031249999989, 74.884814453125003 ], [ -83.522070312499991, 74.901464843750006 ], [ -83.543554687499991, 74.892285156249997 ], [ -83.509765625, 74.848193359375003 ], [ -83.4873046875, 74.834130859374994 ], [ -83.364208984374997, 74.801904296874994 ], [ -83.34130859375, 74.764599609374997 ], [ -83.393701171874994, 74.670166015625 ], [ -83.412207031249991, 74.654980468749997 ], [ -83.531884765624994, 74.585693359375 ], [ -83.621875, 74.56591796875 ], [ -83.868066406249994, 74.564404296874997 ], [ -84.245166015624989, 74.515185546875003 ], [ -84.425537109375, 74.508105468750003 ], [ -84.667089843749991, 74.519580078125003 ], [ -84.818261718749994, 74.5419921875 ], [ -84.916308593749989, 74.567675781250003 ], [ -85.011523437499989, 74.604199218749997 ], [ -85.061425781249994, 74.60693359375 ], [ -85.086767578124991, 74.527685546875006 ], [ -85.133447265624994, 74.517431640625006 ], [ -85.214306640624997, 74.518652343750006 ], [ -85.339257812499994, 74.543310546875006 ], [ -85.442333984374997, 74.6005859375 ], [ -85.474414062499989, 74.600341796875 ], [ -85.488671875, 74.566992187500006 ], [ -85.51171875, 74.545117187499997 ], [ -85.543505859374989, 74.534765625 ], [ -85.808007812499994, 74.498974609374997 ], [ -85.955615234374989, 74.498779296875 ], [ -86.10986328125, 74.539746093749997 ], [ -86.2109375, 74.535595703124997 ], [ -86.340576171875, 74.513476562500003 ], [ -86.655419921874994, 74.555419921875 ], [ -86.730761718749989, 74.55703125 ], [ -86.666113281249991, 74.489111328125006 ], [ -86.770166015624994, 74.478613281250006 ], [ -86.994726562499991, 74.480322265625006 ], [ -87.36376953125, 74.502197265625 ], [ -87.592578124999989, 74.470361328124994 ], [ -88.005859375, 74.489355468750006 ], [ -88.423046875, 74.494140625 ], [ -88.500732421875, 74.509716796874997 ], [ -88.5556640625, 74.541455078124997 ], [ -88.557861328125, 74.569726562499994 ], [ -88.537646484374989, 74.608789062499994 ], [ -88.476611328124989, 74.666894531249994 ], [ -88.374707031249997, 74.744140625 ], [ -88.339550781249997, 74.784863281249997 ], [ -88.431445312499989, 74.8037109375 ], [ -88.488183593749994, 74.82890625 ], [ -88.534960937499989, 74.831738281249997 ], [ -88.68203125, 74.802001953125 ], [ -88.77783203125, 74.715185546875006 ], [ -88.85107421875, 74.689990234375003 ], [ -88.883398437499991, 74.711083984374994 ], [ -88.9078125, 74.763818359374994 ], [ -88.940136718749997, 74.789501953124997 ], [ -88.980371093749994, 74.7880859375 ], [ -89.019628906249991, 74.774023437500006 ], [ -89.057861328125, 74.747265625 ], [ -89.115283203124989, 74.737597656250003 ], [ -89.191943359374989, 74.744873046875 ], [ -89.219140625, 74.731787109375006 ], [ -89.196826171874989, 74.6982421875 ], [ -89.1890625, 74.666845703125006 ], [ -89.19580078125, 74.637548828125006 ], [ -89.261865234374994, 74.609179687500003 ], [ -89.45, 74.567919921875003 ], [ -89.558691406249991, 74.554736328125003 ], [ -89.844384765624994, 74.548583984375 ], [ -90.015332031249997, 74.560888671875006 ], [ -90.361621093749989, 74.610449218750006 ], [ -90.553271484374989, 74.612744140624997 ], [ -90.784082031249994, 74.695898437500006 ], [ -90.966796875, 74.715087890625 ], [ -90.95751953125, 74.745166015625003 ], [ -90.877636718749997, 74.801074218750003 ], [ -90.880224609374991, 74.817773437499994 ], [ -91.1298828125, 74.736279296874997 ], [ -91.163720703124994, 74.710253906250003 ], [ -91.134570312499989, 74.649853515624997 ], [ -91.167724609375, 74.6455078125 ], [ -91.339453125, 74.667236328125 ], [ -91.508349609374989, 74.650683593750003 ], [ -91.549121093749989, 74.655566406250003 ], [ -91.665771484375, 74.699169921874997 ], [ -91.871044921874997, 74.743505859375006 ], [ -91.961572265624994, 74.793212890625 ], [ -92.1025390625, 74.948388671874994 ], [ -92.174169921874991, 75.051074218750003 ], [ -92.165234375, 75.072021484375 ], [ -92.060498046874997, 75.100976562499994 ], [ -92.076318359374994, 75.12353515625 ], [ -92.206835937499989, 75.18125 ], [ -92.347460937499989, 75.229785156250003 ], [ -92.389257812499991, 75.263330078124994 ], [ -92.408349609374994, 75.297265625 ], [ -92.427099609374991, 75.346386718749997 ], [ -92.427978515625, 75.382714843749994 ], [ -92.411083984374997, 75.40625 ], [ -92.330664062499991, 75.479443359374997 ], [ -92.110449218749991, 75.610644531250003 ], [ -92.080712890624994, 75.634472656249997 ], [ -92.06884765625, 75.657910156249997 ], [ -92.099169921874989, 75.727294921875 ], [ -92.141845703125, 75.796826171874997 ], [ -92.185107421874989, 75.846533203125006 ], [ -92.306591796874997, 75.915136718750006 ], [ -92.473730468749991, 75.986474609374994 ], [ -92.708886718749994, 76.114453125 ], [ -92.88330078125, 76.213964843750006 ], [ -93.091748046874997, 76.35400390625 ], [ -93.192285156249994, 76.366015625 ], [ -93.30859375, 76.359619140625 ], [ -93.559960937499994, 76.311425781249994 ], [ -93.644433593749994, 76.288525390624997 ], [ -93.665185546874994, 76.273144531249997 ], [ -93.852343749999989, 76.269677734374994 ], [ -94.382568359375, 76.282324218750006 ], [ -94.585351562499994, 76.297167968750003 ], [ -94.73671875, 76.293261718750003 ], [ -94.996630859374989, 76.257714843749994 ], [ -95.273876953124997, 76.264404296875 ], [ -95.447412109374994, 76.363037109375 ], [ -95.841650390624991, 76.416162109374994 ], [ -95.959277343749989, 76.445996093749997 ], [ -96.039697265624994, 76.48671875 ], [ -96.013085937499994, 76.513330078124994 ], [ -95.788867187499989, 76.537207031250006 ], [ -95.695703125, 76.563427734374997 ], [ -95.650976562499991, 76.584667968749997 ], [ -95.873193359374994, 76.56640625 ], [ -95.971337890624994, 76.569628906250003 ], [ -96.639697265624989, 76.702929687500003 ], [ -96.845654296874997, 76.726416015625006 ], [ -96.880712890624991, 76.738330078125003 ], [ -96.897998046874989, 76.754003906250006 ], [ -96.897558593749991, 76.773486328125003 ], [ -96.878027343749991, 76.802783203125003 ], [ -96.679394531249997, 76.765771484374994 ], [ -96.590283203124997, 76.763037109375006 ], [ -96.451171875, 76.774072265624994 ], [ -96.4015625, 76.797216796875006 ], [ -96.433203125, 76.810693359374994 ], [ -96.661035156249994, 76.855175781249997 ], [ -96.771142578124994, 76.888916015625 ], [ -96.813525390624989, 76.913476562499994 ], [ -96.769824218749989, 76.9482421875 ], [ -96.75830078125, 76.971777343750006 ], [ -96.685107421874989, 76.985009765624994 ], [ -96.550097656249989, 76.987939453124994 ], [ -96.377294921874991, 77.004589843749997 ], [ -96.061230468749997, 77.050048828125 ], [ -95.849511718749994, 77.066210937500003 ], [ -95.638232421874989, 77.063769531250003 ], [ -95.126416015624997, 77.017333984375 ], [ -94.616113281249994, 76.958349609375006 ], [ -94.294970703124989, 76.912451171875006 ] ] ], [ [ [ -96.204492187499994, 78.531298828125003 ], [ -95.968457031249997, 78.505126953125 ], [ -95.561132812499991, 78.5166015625 ], [ -95.412939453124991, 78.49755859375 ], [ -95.031201171874997, 78.430273437500006 ], [ -94.915380859374991, 78.390527343749994 ], [ -94.887744140624989, 78.360498046874994 ], [ -94.887158203124997, 78.34521484375 ], [ -95.013867187499997, 78.312597656250006 ], [ -95.267871093749989, 78.262646484374997 ], [ -95.329248046874994, 78.225048828124997 ], [ -95.102734375, 78.178076171875006 ], [ -94.98779296875, 78.136279296875003 ], [ -94.93603515625, 78.106396484374997 ], [ -94.934277343749997, 78.075634765624997 ], [ -95.087011718749991, 77.992626953124997 ], [ -95.199121093749994, 77.968164062499994 ], [ -95.370507812499994, 77.970800781250006 ], [ -95.4515625, 77.963232421875006 ], [ -95.670800781249994, 77.924462890624994 ], [ -96.011572265624991, 77.887402343749997 ], [ -96.476855468749989, 77.872167968750006 ], [ -96.60302734375, 77.849316406249997 ], [ -96.833984375, 77.811914062499994 ], [ -96.989648437499994, 77.806005859375006 ], [ -97.040478515624997, 77.827441406250003 ], [ -97.063818359374991, 77.859082031249997 ], [ -97.051953125, 77.880957031250006 ], [ -97.019091796874989, 77.908105468749994 ], [ -97.093310546874989, 77.933496093749994 ], [ -97.426660156249994, 77.982275390625006 ], [ -97.620849609375, 78.050244140624997 ], [ -97.648388671874997, 78.071630859375006 ], [ -97.658154296874997, 78.090625 ], [ -97.226611328124989, 78.103222656249997 ], [ -97.040917968749994, 78.116943359375 ], [ -96.958349609374991, 78.139013671875006 ], [ -96.944677734374991, 78.15185546875 ], [ -97.02734375, 78.157421875 ], [ -97.323046874999989, 78.203222656250006 ], [ -97.819042968749997, 78.230615234374994 ], [ -97.842724609374997, 78.262353515624994 ], [ -98.049511718749997, 78.325927734375 ], [ -98.069287109374997, 78.386328125 ], [ -98.114306640624989, 78.403027343749997 ], [ -98.254931640624989, 78.429248046875003 ], [ -98.275683593749989, 78.437890625 ], [ -98.317333984374997, 78.476855468750003 ], [ -98.32373046875, 78.498144531250006 ], [ -98.315625, 78.517480468749994 ], [ -98.060351562499989, 78.558349609375 ], [ -98.095996093749989, 78.586669921875 ], [ -98.289892578124991, 78.6923828125 ], [ -98.3408203125, 78.751220703125 ], [ -98.332617187499991, 78.773535156250006 ], [ -98.212109375, 78.804541015625006 ], [ -98.042871093749994, 78.805224609375003 ], [ -97.595898437499997, 78.795800781249994 ], [ -97.38232421875, 78.782910156249997 ], [ -97.169335937499994, 78.757666015625006 ], [ -96.935791015625, 78.720263671875003 ], [ -96.587060546874994, 78.687109375 ], [ -96.475341796875, 78.665185546874994 ], [ -96.265283203124994, 78.595361328124994 ], [ -96.242626953124997, 78.573193359374997 ], [ -96.256494140624994, 78.551123046875006 ], [ -96.204492187499994, 78.531298828125003 ] ] ], [ [ [ -93.170849609374997, 74.160986328125006 ], [ -92.778027343749997, 74.113720703124997 ], [ -92.586816406249994, 74.082714843749997 ], [ -92.492822265624994, 74.062060546875003 ], [ -92.313867187499994, 73.992382812499997 ], [ -92.222705078124989, 73.972363281249997 ], [ -91.874169921874994, 74.012792968750006 ], [ -91.630419921874989, 74.027783203124997 ], [ -91.087988281249991, 74.00927734375 ], [ -90.62744140625, 73.951708984375003 ], [ -90.4580078125, 73.908398437499997 ], [ -90.354589843749991, 73.86865234375 ], [ -90.381396484374989, 73.824755859375003 ], [ -90.466162109374991, 73.753857421874997 ], [ -90.565576171874994, 73.686425781249994 ], [ -90.764550781249994, 73.580615234375003 ], [ -90.933691406249991, 73.527685546875006 ], [ -90.975488281249994, 73.502294921875006 ], [ -91.001953125, 73.467089843750003 ], [ -91.067626953125, 73.41552734375 ], [ -91.249316406249989, 73.304003906250003 ], [ -91.297802734374997, 73.284912109375 ], [ -91.5537109375, 73.236083984375 ], [ -91.466015625, 73.214208984375006 ], [ -91.425927734374994, 73.194873046875003 ], [ -91.459619140624994, 73.145361328125006 ], [ -91.620996093749994, 73.02587890625 ], [ -91.788330078125, 72.915380859375006 ], [ -91.905322265624989, 72.849316406249997 ], [ -92.117919921875, 72.753808593749994 ], [ -92.234912109374989, 72.726806640625 ], [ -92.391943359374991, 72.718457031249997 ], [ -93.340625, 72.801855468750006 ], [ -93.578662109374989, 72.800537109375 ], [ -94.211328125, 72.756933593750006 ], [ -94.151708984374991, 72.735644531250003 ], [ -93.920019531249991, 72.703369140625 ], [ -93.770556640624989, 72.668212890625 ], [ -93.572265625, 72.558642578125003 ], [ -93.546484375, 72.531298828125003 ], [ -93.533935546875, 72.499462890624997 ], [ -93.541601562499991, 72.43701171875 ], [ -93.55517578125, 72.421142578125 ], [ -93.87060546875, 72.252636718749997 ], [ -93.972558593749994, 72.129980468750006 ], [ -94.037548828124997, 72.028759765624997 ], [ -94.14375, 72.000830078125006 ], [ -94.497167968749991, 72.043603515624994 ], [ -94.611230468749994, 72.042333984375006 ], [ -95.007861328124989, 72.012792968750006 ], [ -95.19296875, 72.027441406250006 ], [ -95.166796874999989, 72.180029296875006 ], [ -95.192675781249989, 72.344775390625003 ], [ -95.251025390624989, 72.501953125 ], [ -95.547607421875, 72.781542968750003 ], [ -95.580322265625, 72.831152343750006 ], [ -95.602148437499991, 72.884472656249997 ], [ -95.613183593749994, 72.941601562499997 ], [ -95.612207031249994, 72.999072265625003 ], [ -95.591601562499989, 73.115283203125003 ], [ -95.589257812499994, 73.174169921875006 ], [ -95.604101562499991, 73.327734375 ], [ -95.644238281249997, 73.557470703125006 ], [ -95.647998046874989, 73.638525390625006 ], [ -95.645263671875, 73.670800781249994 ], [ -95.632910156249991, 73.695458984374994 ], [ -95.569433593749991, 73.728173828124994 ], [ -95.447412109374994, 73.751660156249997 ], [ -95.385986328125, 73.755126953125 ], [ -94.996142578124989, 73.685742187499997 ], [ -94.816845703124997, 73.662548828124997 ], [ -94.697607421874991, 73.66357421875 ], [ -94.691015625, 73.671435546875003 ], [ -94.797167968749989, 73.686083984375003 ], [ -94.896923828124997, 73.716015625 ], [ -95.059472656249994, 73.805078125 ], [ -95.134130859374991, 73.88125 ], [ -95.149023437499991, 73.906396484374994 ], [ -95.152587890625, 73.932763671874994 ], [ -95.144775390625, 73.960302734375006 ], [ -95.121191406249991, 73.985058593749997 ], [ -95.039843749999989, 74.023876953124997 ], [ -94.973535156249994, 74.04140625 ], [ -94.728955078124997, 74.085986328125003 ], [ -94.482568359374994, 74.113134765625006 ], [ -93.938818359374991, 74.131591796875 ], [ -93.784619140624997, 74.118359375 ], [ -93.54921875, 74.167138671874994 ], [ -93.410302734374994, 74.178759765625003 ], [ -93.170849609374997, 74.160986328125006 ] ] ], [ [ [ -97.439453125, 69.642675781250006 ], [ -97.408642578124997, 69.630761718749994 ], [ -97.350683593749991, 69.640869140625 ], [ -97.305761718749991, 69.673486328124994 ], [ -97.278466796874994, 69.679638671874997 ], [ -97.236083984375, 69.673486328124994 ], [ -97.096337890624994, 69.614990234375 ], [ -96.989062499999989, 69.553613281249994 ], [ -96.875195312499997, 69.510009765625 ], [ -96.69453125, 69.47109375 ], [ -96.299951171874994, 69.344384765624994 ], [ -96.183740234374994, 69.258691406249994 ], [ -96.060986328124997, 69.125439453124997 ], [ -95.951367187499997, 69.023730468750003 ], [ -95.854882812499994, 68.953564453124997 ], [ -95.751367187499994, 68.89765625 ], [ -95.585498046874989, 68.835107421874994 ], [ -95.437548828124989, 68.880615234375 ], [ -95.374169921874994, 68.892138671875003 ], [ -95.31953125, 68.873193359374994 ], [ -95.267773437499997, 68.826074218749994 ], [ -95.295166015625, 68.805029296875006 ], [ -95.359472656249991, 68.778369140625003 ], [ -95.465576171875, 68.747265625 ], [ -95.614208984374997, 68.745019531249994 ], [ -95.685644531249991, 68.73583984375 ], [ -95.802148437499994, 68.686474609374997 ], [ -95.894628906249991, 68.627246093750003 ], [ -96.024023437499991, 68.607275390625006 ], [ -96.267626953124989, 68.507910156250006 ], [ -96.4015625, 68.470703125 ], [ -96.598828125, 68.460839843749994 ], [ -97.008398437499991, 68.538671875 ], [ -97.263671875, 68.527734375 ], [ -97.472021484374991, 68.543701171875 ], [ -97.704785156249997, 68.625927734374997 ], [ -97.885351562499991, 68.672460937500006 ], [ -98.235058593749997, 68.739355468750006 ], [ -98.257958984374994, 68.749267578125 ], [ -98.273046875, 68.771875 ], [ -98.280175781249994, 68.807177734375003 ], [ -98.296044921874994, 68.830761718749997 ], [ -98.320556640625, 68.842724609374997 ], [ -98.375585937499991, 68.841699218749994 ], [ -98.431835937499997, 68.818359375 ], [ -98.539648437499991, 68.798242187499994 ], [ -98.703808593749997, 68.802783203125003 ], [ -98.775244140624991, 68.816748046875006 ], [ -98.829638671874989, 68.838623046875 ], [ -98.859130859375, 68.864355468750006 ], [ -98.863720703124997, 68.893798828125 ], [ -98.878857421874997, 68.916455078124997 ], [ -98.904492187499997, 68.932421875 ], [ -98.964013671874994, 68.932861328125 ], [ -99.057373046875, 68.917675781249997 ], [ -99.093847656249991, 68.898876953124997 ], [ -99.073388671874994, 68.8765625 ], [ -99.090625, 68.863330078125003 ], [ -99.254003906249991, 68.863183593749994 ], [ -99.31796875, 68.876269531250003 ], [ -99.440869140624997, 68.917675781249997 ], [ -99.494677734374989, 68.959570312500006 ], [ -99.5640625, 69.034130859374997 ], [ -99.557373046875, 69.054296875 ], [ -99.51328125, 69.099609375 ], [ -99.455712890624994, 69.131201171875006 ], [ -99.08544921875, 69.149755859375006 ], [ -98.912207031249991, 69.167578125 ], [ -98.7236328125, 69.219140625 ], [ -98.503515625, 69.308300781249997 ], [ -98.455957031249994, 69.334667968749997 ], [ -98.450390625, 69.354052734375003 ], [ -98.466601562499989, 69.375 ], [ -98.535351562499997, 69.426318359375003 ], [ -98.558544921874997, 69.46142578125 ], [ -98.53671875, 69.47802734375 ], [ -98.448388671874994, 69.479541015625003 ], [ -98.494873046875, 69.499365234375006 ], [ -98.534375, 69.527441406250006 ], [ -98.548242187499994, 69.544970703125003 ], [ -98.545996093749991, 69.572900390624994 ], [ -98.475830078125, 69.579052734374997 ], [ -98.389355468749997, 69.565039062500006 ], [ -98.222314453124994, 69.484521484374994 ], [ -98.15576171875, 69.468847656250006 ], [ -98.041357421874991, 69.456640625 ], [ -98.162988281249994, 69.51220703125 ], [ -98.288818359375, 69.629003906250006 ], [ -98.304492187499989, 69.669287109375006 ], [ -98.301220703124997, 69.691699218750003 ], [ -98.268212890624994, 69.754443359375003 ], [ -98.238671875, 69.780029296875 ], [ -98.200488281249989, 69.796972656250006 ], [ -98.080761718749997, 69.833056640625003 ], [ -97.888964843749989, 69.858251953125006 ], [ -97.790722656249997, 69.861621093750003 ], [ -97.691210937499989, 69.841259765624997 ], [ -97.604345703124991, 69.802197265624997 ], [ -97.411376953125, 69.738476562499997 ], [ -97.382568359375, 69.71240234375 ], [ -97.385693359374997, 69.700244140625003 ], [ -97.46015625, 69.682714843750006 ], [ -97.469433593749997, 69.666796875 ], [ -97.439453125, 69.642675781250006 ] ] ], [ [ [ -61.105175781249997, 45.944726562499994 ], [ -61.071337890624989, 45.937109375 ], [ -60.936572265624989, 45.985546875 ], [ -60.865234375, 45.983496093749999 ], [ -60.868408203125, 45.948632812499994 ], [ -60.984277343749994, 45.910693359374996 ], [ -61.037548828124997, 45.882226562499994 ], [ -60.970605468749994, 45.855810546874999 ], [ -60.971533203124991, 45.837988281249999 ], [ -61.051953125, 45.795019531249999 ], [ -61.092089843749989, 45.748388671874999 ], [ -61.059033203124997, 45.703369140625 ], [ -60.930371093749997, 45.747705078124994 ], [ -60.877587890624994, 45.748095703124996 ], [ -60.806103515624997, 45.738085937499996 ], [ -60.737890625, 45.751416015624997 ], [ -60.699072265624991, 45.773339843749994 ], [ -60.472363281249997, 45.946533203125 ], [ -60.460595703124994, 45.968701171874997 ], [ -60.704882812499989, 45.932910156249996 ], [ -60.733300781249994, 45.956591796874996 ], [ -60.573193359374997, 46.061425781249994 ], [ -60.585742187499989, 46.116650390624997 ], [ -60.504931640624989, 46.203857421875 ], [ -60.430859375, 46.255615234375 ], [ -60.376513671874989, 46.284570312499994 ], [ -60.297949218749991, 46.311230468749997 ], [ -60.243847656249997, 46.270117187499999 ], [ -60.226464843749994, 46.195556640625 ], [ -60.092480468749997, 46.206005859374997 ], [ -59.96142578125, 46.190966796874996 ], [ -59.865039062499989, 46.159521484374999 ], [ -59.85, 46.14140625 ], [ -59.848779296874994, 46.112939453124994 ], [ -59.880908203124989, 46.061621093749999 ], [ -59.934033203124997, 46.019433593749994 ], [ -59.828027343749994, 45.965136718749996 ], [ -59.8421875, 45.941552734374994 ], [ -60.015820312499997, 45.88046875 ], [ -60.114453125, 45.818896484374996 ], [ -60.205078125, 45.743017578124999 ], [ -60.386083984374991, 45.654638671874999 ], [ -60.672949218749991, 45.5908203125 ], [ -60.763720703124989, 45.5908203125 ], [ -60.87158203125, 45.610693359374999 ], [ -60.978613281249991, 45.606152343749997 ], [ -61.083691406249997, 45.582373046874999 ], [ -61.186425781249994, 45.585009765624996 ], [ -61.236328125, 45.572509765625 ], [ -61.28369140625, 45.573876953124994 ], [ -61.3234375, 45.598486328124999 ], [ -61.408349609374994, 45.669091796874994 ], [ -61.449804687499991, 45.716210937499994 ], [ -61.4953125, 45.941455078124996 ], [ -61.480615234374994, 46.059765625 ], [ -61.408642578124997, 46.170361328124997 ], [ -61.302197265624997, 46.243847656249997 ], [ -61.240527343749989, 46.302539062499996 ], [ -60.982519531249991, 46.650488281249999 ], [ -60.931982421874991, 46.729443359374997 ], [ -60.870166015624989, 46.796777343749994 ], [ -60.759667968749994, 46.863378906249999 ], [ -60.616650390624997, 46.97578125 ], [ -60.571044921875, 46.998828125 ], [ -60.489062499999989, 47.009716796874997 ], [ -60.408203125, 47.003515625 ], [ -60.431347656249997, 46.962939453124996 ], [ -60.425439453124994, 46.923193359374999 ], [ -60.331738281249997, 46.767822265625 ], [ -60.332910156249994, 46.737011718749997 ], [ -60.384082031249989, 46.613330078124996 ], [ -60.482421875, 46.413525390624997 ], [ -60.507714843749994, 46.303369140624994 ], [ -60.49453125, 46.270263671875 ], [ -60.534423828125, 46.214550781249997 ], [ -60.576855468749997, 46.172167968749996 ], [ -60.744824218749997, 46.092675781249994 ], [ -60.83056640625, 46.074121093749994 ], [ -60.912207031249991, 46.044580078124994 ], [ -61.105175781249997, 45.944726562499994 ] ] ], [ [ [ -67.124853515624991, 45.16943359375 ], [ -67.170996093749991, 45.181982421874999 ], [ -67.213232421874991, 45.192529296874994 ], [ -67.249609375, 45.20078125 ], [ -67.270703125, 45.18671875 ], [ -67.290673828124994, 45.167919921874997 ], [ -67.315283203124991, 45.15380859375 ], [ -67.366943359375, 45.173779296874997 ], [ -67.399804687499994, 45.21015625 ], [ -67.452587890624997, 45.24765625 ], [ -67.472558593749994, 45.27587890625 ], [ -67.461962890624989, 45.308691406249999 ], [ -67.438525390624989, 45.340380859374996 ], [ -67.427929687499997, 45.3779296875 ], [ -67.453759765624994, 45.421240234374999 ], [ -67.477246093749997, 45.445898437499999 ], [ -67.49365234375, 45.474072265624997 ], [ -67.48779296875, 45.501025390624996 ], [ -67.454931640624991, 45.513964843749996 ], [ -67.424414062499991, 45.530419921874994 ], [ -67.413867187499989, 45.565576171874994 ], [ -67.432666015624989, 45.603125 ], [ -67.486621093749989, 45.618408203125 ], [ -67.531201171874997, 45.612548828125 ], [ -67.595751953124989, 45.620751953124994 ], [ -67.657910156249997, 45.644189453124994 ], [ -67.698974609375, 45.671191406249996 ], [ -67.730664062499997, 45.686474609374997 ], [ -67.755322265624997, 45.686474609374997 ], [ -67.78466796875, 45.701708984374996 ], [ -67.80224609375, 45.7275390625 ], [ -67.799902343749991, 45.769775390625 ], [ -67.791699218749997, 45.795556640624994 ], [ -67.775292968749994, 45.81787109375 ], [ -67.774121093749997, 45.842529296875 ], [ -67.781152343749994, 45.86015625 ], [ -67.782275390624989, 45.874169921874994 ], [ -67.777636718749989, 45.891796875 ], [ -67.767041015624997, 45.927001953125 ], [ -67.78466796875, 45.952783203124994 ], [ -67.786474609374991, 46.042138671874994 ], [ -67.789941406249994, 46.209326171874999 ], [ -67.792529296874989, 46.33740234375 ], [ -67.795800781249994, 46.498388671874999 ], [ -67.797705078124991, 46.615625 ], [ -67.800341796874989, 46.779882812499999 ], [ -67.802832031249991, 46.935742187499997 ], [ -67.806787109374994, 47.0828125 ], [ -67.934863281249989, 47.167626953124994 ], [ -68.096777343749991, 47.274853515624997 ], [ -68.235498046874994, 47.345947265625 ], [ -68.310888671874991, 47.3544921875 ], [ -68.358007812499991, 47.34453125 ], [ -68.376904296874997, 47.316162109375 ], [ -68.480371093749994, 47.285791015624994 ], [ -68.668554687499991, 47.253466796874996 ], [ -68.828710937499991, 47.203320312499997 ], [ -68.887402343749997, 47.202832031249997 ], [ -68.937207031249997, 47.211230468749996 ], [ -69.003125, 47.236425781249999 ], [ -69.048583984375, 47.273632812499997 ], [ -69.064257812499989, 47.338134765625 ], [ -69.050195312499994, 47.426611328124999 ], [ -69.146289062499989, 47.444775390624997 ], [ -69.242871093749997, 47.462988281249999 ], [ -69.302148437499994, 47.402001953124994 ], [ -69.35888671875, 47.350634765624996 ], [ -69.471484374999989, 47.238671875 ], [ -69.629785156249994, 47.081347656249996 ], [ -69.717529296875, 46.994873046875 ], [ -69.871728515624994, 46.842919921874994 ], [ -70.007714843749994, 46.708935546874997 ], [ -70.038232421874994, 46.571435546874994 ], [ -70.067187499999989, 46.441064453124994 ], [ -70.1796875, 46.341845703124996 ], [ -70.248291015625, 46.250878906249994 ], [ -70.27890625, 46.15 ], [ -70.304492187499989, 46.057373046875 ], [ -70.306445312499989, 45.979833984374999 ], [ -70.287158203124989, 45.939160156249997 ], [ -70.296240234374991, 45.906103515624999 ], [ -70.333447265624997, 45.868066406249994 ], [ -70.407861328124994, 45.801904296874994 ], [ -70.42109375, 45.738232421874997 ], [ -70.466601562499989, 45.706835937499996 ], [ -70.596386718749997, 45.643994140624997 ], [ -70.702246093749991, 45.551367187499999 ], [ -70.707421875, 45.498925781249994 ], [ -70.692138671875, 45.455371093749996 ], [ -70.689794921874991, 45.428320312499999 ], [ -70.7109375, 45.409472656249996 ], [ -70.753320312499994, 45.410693359374996 ], [ -70.799169921874991, 45.40478515625 ], [ -70.837792968749994, 45.366162109374997 ], [ -70.836816406249994, 45.310693359374994 ], [ -70.865039062499989, 45.270703125 ], [ -70.897998046874989, 45.262451171875 ], [ -70.926220703124997, 45.290722656249997 ], [ -70.96015625, 45.333105468749999 ], [ -70.999902343749994, 45.337255859374999 ], [ -71.060253906249997, 45.309130859374996 ], [ -71.134667968749994, 45.262841796874994 ], [ -71.201611328124997, 45.260351562499999 ], [ -71.327294921874994, 45.290087890624996 ], [ -71.419042968749991, 45.200341796874994 ], [ -71.517529296874997, 45.007568359375 ], [ -71.933642578124989, 45.007080078125 ], [ -72.349755859374994, 45.006591796875 ], [ -72.765917968749989, 45.006103515625 ], [ -73.18203125, 45.005615234375 ], [ -73.59814453125, 45.005175781249996 ], [ -74.014257812499991, 45.0046875 ], [ -74.430371093749997, 45.004199218749996 ], [ -74.663232421874994, 45.00390625 ], [ -74.708886718750023, 45.003857421875125 ], [ -74.566308593749994, 45.041601562499999 ], [ -74.26904296875, 45.18828125 ], [ -74.0498046875, 45.24140625 ], [ -73.7646484375, 45.395458984374997 ], [ -73.55810546875, 45.425097656249996 ], [ -73.518798828125, 45.458984375 ], [ -73.484179687499989, 45.586767578124999 ], [ -73.465283203124997, 45.63232421875 ], [ -73.368847656249997, 45.7578125 ], [ -73.253027343749991, 45.863671875 ], [ -73.159570312499994, 46.010058593749996 ], [ -72.989941406249997, 46.103613281249999 ], [ -72.733447265624989, 46.181835937499997 ], [ -72.496191406249991, 46.352685546874994 ], [ -72.366162109374997, 46.40478515625 ], [ -72.240136718749994, 46.442089843749997 ], [ -72.187207031249997, 46.511523437499996 ], [ -72.109277343749994, 46.551220703124997 ], [ -71.900927734374989, 46.631933593749999 ], [ -71.671289062499994, 46.653759765624997 ], [ -71.439208984375, 46.720751953124996 ], [ -71.261181640624997, 46.75625 ], [ -71.152001953124994, 46.819091796875 ], [ -70.993261718749991, 46.852197265624994 ], [ -70.519482421874997, 47.032519531249996 ], [ -70.388085937499994, 47.116943359375 ], [ -70.2177734375, 47.28984375 ], [ -70.069580078125, 47.377783203124999 ], [ -70.017138671874989, 47.471435546875 ], [ -69.80224609375, 47.6234375 ], [ -69.5810546875, 47.823681640624997 ], [ -69.471044921874991, 47.96728515625 ], [ -69.306347656249997, 48.047021484374994 ], [ -68.987060546875, 48.275 ], [ -68.815673828125, 48.366015625 ], [ -68.746044921874997, 48.376416015624997 ], [ -68.552001953125, 48.457324218749996 ], [ -68.431494140624991, 48.541699218749997 ], [ -68.238183593749994, 48.626416015624997 ], [ -67.889013671874991, 48.730908203124997 ], [ -67.560888671874991, 48.85595703125 ], [ -67.117480468749989, 48.964160156249996 ], [ -66.598095703124997, 49.126367187499994 ], [ -66.178173828124997, 49.213134765625 ], [ -65.8828125, 49.225683593749999 ], [ -65.523388671874997, 49.266162109374996 ], [ -65.396142578124994, 49.262060546874999 ], [ -64.836328125, 49.191748046874999 ], [ -64.567724609374991, 49.104785156249996 ], [ -64.261816406249991, 48.921875 ], [ -64.216210937499994, 48.873632812499999 ], [ -64.208789062499989, 48.806201171874996 ], [ -64.370751953124994, 48.838964843749999 ], [ -64.513720703124989, 48.841113281249996 ], [ -64.41455078125, 48.803613281249994 ], [ -64.24609375, 48.691113281249997 ], [ -64.253759765624991, 48.550390625 ], [ -64.348828125, 48.423193359374999 ], [ -64.633154296874991, 48.360498046874994 ], [ -64.705761718749997, 48.310595703124996 ], [ -64.764501953124991, 48.228076171874996 ], [ -64.822070312499989, 48.196484375 ], [ -64.959912109374997, 48.159863281249997 ], [ -65.036083984374997, 48.10625 ], [ -65.259423828124994, 48.021240234375 ], [ -65.360009765624994, 48.011132812499994 ], [ -65.475878906249989, 48.031494140625 ], [ -65.754687499999989, 48.111669921874999 ], [ -65.926708984374997, 48.188867187499994 ], [ -66.012548828124991, 48.146679687499997 ], [ -66.083105468749991, 48.102685546874994 ], [ -66.248632812499991, 48.117333984374994 ], [ -66.324267578124989, 48.097900390625 ], [ -66.448974609375, 48.11962890625 ], [ -66.704394531249989, 48.0224609375 ], [ -66.631542968749997, 48.011083984374999 ], [ -66.428808593749991, 48.066943359374996 ], [ -66.359619140625, 48.060644531249999 ], [ -66.210205078125, 47.988574218749996 ], [ -65.849414062499989, 47.911035156249994 ], [ -65.755712890624991, 47.859765625 ], [ -65.666455078124997, 47.696142578124999 ], [ -65.607226562499989, 47.670019531249999 ], [ -65.483496093749991, 47.68701171875 ], [ -65.343945312499997, 47.767919921874999 ], [ -65.228173828124994, 47.811279296875 ], [ -65.001660156249997, 47.846826171874994 ], [ -65.04638671875, 47.793017578124996 ], [ -64.873974609374997, 47.797216796874999 ], [ -64.703222656249991, 47.724853515625 ], [ -64.766308593749997, 47.673486328124994 ], [ -64.852148437499991, 47.569873046874996 ], [ -64.912207031249991, 47.36865234375 ], [ -65.086132812499997, 47.233789062499994 ], [ -65.318896484374989, 47.101220703124994 ], [ -65.260205078124997, 47.069238281249994 ], [ -65.192089843749997, 47.049560546875 ], [ -65.042382812499994, 47.088818359374997 ], [ -64.942431640624989, 47.086181640625 ], [ -64.831396484374991, 47.060791015625 ], [ -64.865869140624994, 46.9578125 ], [ -64.90576171875, 46.887939453125 ], [ -64.882519531249997, 46.822851562499999 ], [ -64.816699218749989, 46.698681640624997 ], [ -64.725878906249989, 46.671435546874996 ], [ -64.689501953124989, 46.512304687499999 ], [ -64.641357421875, 46.425585937499996 ], [ -64.647851562499994, 46.35595703125 ], [ -64.556835937499997, 46.311425781249994 ], [ -64.54150390625, 46.240332031249999 ], [ -64.211816406249994, 46.22021484375 ], [ -64.14501953125, 46.19287109375 ], [ -63.915917968749994, 46.165820312499996 ], [ -63.87265625, 46.146191406249997 ], [ -63.831933593749994, 46.107177734375 ], [ -64.056396484375, 46.021337890624999 ], [ -63.874707031249997, 45.959228515625 ], [ -63.702880859375, 45.858007812499999 ], [ -63.567675781249989, 45.8779296875 ], [ -63.509228515624997, 45.874707031249997 ], [ -63.358007812499991, 45.811279296875 ], [ -63.31591796875, 45.779882812499999 ], [ -63.292773437499989, 45.751953125 ], [ -63.216894531249991, 45.757958984374994 ], [ -63.10791015625, 45.782421875 ], [ -62.910791015624994, 45.7763671875 ], [ -62.70068359375, 45.740576171874999 ], [ -62.718359375, 45.685986328124997 ], [ -62.750097656249991, 45.648242187499996 ], [ -62.585644531249997, 45.660693359374996 ], [ -62.483056640624994, 45.621826171875 ], [ -62.447265625, 45.640527343749994 ], [ -62.421875, 45.664648437499999 ], [ -62.217724609374997, 45.730859375 ], [ -61.955517578124997, 45.8681640625 ], [ -61.923583984375, 45.851171875 ], [ -61.91162109375, 45.799121093749996 ], [ -61.877246093749989, 45.714208984374999 ], [ -61.776513671874994, 45.655615234374999 ], [ -61.656884765624994, 45.6421875 ], [ -61.492285156249991, 45.68701171875 ], [ -61.427636718749994, 45.648291015624999 ], [ -61.350488281249994, 45.573681640624997 ], [ -61.277050781249997, 45.476025390624997 ], [ -61.281982421875, 45.441064453124994 ], [ -61.376123046874994, 45.410595703124997 ], [ -61.460986328124989, 45.36669921875 ], [ -61.106738281249989, 45.3486328125 ], [ -61.07080078125, 45.330175781249999 ], [ -61.031542968749989, 45.291748046875 ], [ -61.067675781249989, 45.252832031249994 ], [ -61.10107421875, 45.233447265624996 ], [ -61.165332031249989, 45.256103515625 ], [ -61.283789062499991, 45.235498046874994 ], [ -61.387255859374989, 45.18505859375 ], [ -61.497900390624991, 45.15703125 ], [ -61.56875, 45.15380859375 ], [ -61.647412109374997, 45.130517578124994 ], [ -61.71923828125, 45.094482421875 ], [ -61.793896484374997, 45.084423828124997 ], [ -62.026806640624997, 44.994482421874999 ], [ -62.264990234374991, 44.936474609374997 ], [ -62.514013671874991, 44.843652343749994 ], [ -62.76806640625, 44.785107421874997 ], [ -63.031835937499991, 44.714794921874997 ], [ -63.089208984374991, 44.708544921874996 ], [ -63.155712890624997, 44.711328125 ], [ -63.306298828124994, 44.642578125 ], [ -63.380810546874997, 44.651904296874996 ], [ -63.456835937499989, 44.639941406249996 ], [ -63.544335937499994, 44.655078125 ], [ -63.60400390625, 44.683203125 ], [ -63.558251953124994, 44.610595703125 ], [ -63.544824218749994, 44.54375 ], [ -63.567675781249989, 44.514453125 ], [ -63.609765625, 44.47998046875 ], [ -63.761132812499994, 44.486425781249999 ], [ -63.820654296874991, 44.510644531249994 ], [ -63.891308593749997, 44.546337890624997 ], [ -63.923681640624991, 44.603857421874999 ], [ -63.999707031249997, 44.644921875 ], [ -64.044921875, 44.587890625 ], [ -64.044628906249997, 44.54541015625 ], [ -64.100878906249989, 44.487451171874994 ], [ -64.1669921875, 44.586669921875 ], [ -64.286083984374997, 44.550341796874996 ], [ -64.338525390624994, 44.444873046874996 ], [ -64.312255859375, 44.414746093749997 ], [ -64.275683593749989, 44.334082031249999 ], [ -64.334570312499991, 44.2919921875 ], [ -64.378222656249989, 44.303564453124999 ], [ -64.468798828124989, 44.18515625 ], [ -64.578466796874991, 44.142041015624997 ], [ -64.691601562499997, 44.021337890624999 ], [ -64.825634765624997, 43.929345703124994 ], [ -64.862353515624989, 43.867871093749997 ], [ -65.086816406249994, 43.727197265624994 ], [ -65.172070312499997, 43.731396484374997 ], [ -65.234912109374989, 43.726757812499997 ], [ -65.32958984375, 43.668115234374994 ], [ -65.344287109374989, 43.549609375 ], [ -65.386083984374991, 43.565283203124999 ], [ -65.428515624999989, 43.561425781249994 ], [ -65.450439453125, 43.52421875 ], [ -65.481689453125, 43.51806640625 ], [ -65.564453125, 43.553271484374996 ], [ -65.661914062499989, 43.534033203124999 ], [ -65.738134765624991, 43.560742187499997 ], [ -65.835302734374991, 43.734375 ], [ -65.886914062499997, 43.795214843749996 ], [ -65.978417968749994, 43.81484375 ], [ -66.002148437499997, 43.778125 ], [ -66.037646484374989, 43.7421875 ], [ -66.125732421875, 43.813818359374999 ], [ -66.192529296874994, 44.0796875 ], [ -66.193066406249997, 44.143847656249996 ], [ -66.099560546874997, 44.367480468749996 ], [ -65.868017578124991, 44.568798828124997 ], [ -65.941943359374989, 44.575537109374999 ], [ -66.146386718749994, 44.4359375 ], [ -66.125292968749989, 44.4697265625 ], [ -66.090625, 44.504931640624996 ], [ -66.021679687499997, 44.56171875 ], [ -65.917041015624989, 44.615087890624999 ], [ -65.777685546874991, 44.646191406249997 ], [ -65.681835937499997, 44.650927734374996 ], [ -65.615771484374989, 44.680419921875 ], [ -65.52001953125, 44.732666015625 ], [ -65.502246093749989, 44.760400390624994 ], [ -65.587158203125, 44.728515625 ], [ -65.728222656249997, 44.697119140624999 ], [ -65.692041015624994, 44.73828125 ], [ -65.65673828125, 44.760302734374996 ], [ -64.902929687499991, 45.120800781249997 ], [ -64.751269531249989, 45.180224609374996 ], [ -64.448828125, 45.256054687499997 ], [ -64.406884765624994, 45.305712890624996 ], [ -64.448144531249994, 45.337451171874996 ], [ -64.330761718749997, 45.309326171875 ], [ -64.340429687499991, 45.268212890624994 ], [ -64.358837890624997, 45.238232421874997 ], [ -64.36572265625, 45.187255859375 ], [ -64.354248046875, 45.138232421874996 ], [ -64.235009765624994, 45.114306640624996 ], [ -64.135498046875, 45.023046875 ], [ -64.182714843749991, 45.147021484374996 ], [ -64.093164062499994, 45.217089843749996 ], [ -63.748339843749989, 45.310888671874999 ], [ -63.460253906249989, 45.32109375 ], [ -63.368017578124991, 45.364794921874996 ], [ -63.614453125, 45.394140625 ], [ -63.906445312499997, 45.378173828125 ], [ -64.087158203125, 45.410888671875 ], [ -64.33642578125, 45.389550781249994 ], [ -64.600195312499991, 45.410058593749994 ], [ -64.681103515624997, 45.382958984374994 ], [ -64.746679687499991, 45.324365234374994 ], [ -64.831933593749994, 45.350244140624994 ], [ -64.873144531249991, 45.354589843749999 ], [ -64.912890624999989, 45.374804687499996 ], [ -64.827392578125, 45.475537109374997 ], [ -64.56005859375, 45.62548828125 ], [ -64.397070312499991, 45.755859375 ], [ -64.351123046874989, 45.783203125 ], [ -64.314648437499997, 45.835693359375 ], [ -64.404052734375, 45.826904296875 ], [ -64.482226562499989, 45.806347656249997 ], [ -64.536328125, 45.866601562499994 ], [ -64.632714843749994, 45.946630859374999 ], [ -64.642041015624997, 45.913330078125 ], [ -64.593652343749994, 45.813671875 ], [ -64.778515625, 45.638427734375 ], [ -64.897900390624997, 45.6259765625 ], [ -65.057275390624994, 45.544238281249996 ], [ -65.282324218749991, 45.473095703124997 ], [ -65.545019531249991, 45.337304687499994 ], [ -65.884472656249997, 45.222900390625 ], [ -65.955615234374989, 45.222460937499996 ], [ -66.109765625, 45.316601562499997 ], [ -66.066650390625, 45.359472656249999 ], [ -66.0265625, 45.417578125 ], [ -66.064892578124997, 45.400830078124997 ], [ -66.089746093749994, 45.375634765624994 ], [ -66.182714843749991, 45.335205078125 ], [ -66.107324218749994, 45.256933593749999 ], [ -66.14375, 45.227587890624996 ], [ -66.2515625, 45.189013671874996 ], [ -66.351953125, 45.133203125 ], [ -66.43984375, 45.095898437499997 ], [ -66.5109375, 45.143359375 ], [ -66.707177734374994, 45.083398437499994 ], [ -66.872460937499994, 45.067285156249994 ], [ -66.908203125, 45.09765625 ], [ -66.918701171875, 45.145605468749999 ], [ -66.9765625, 45.157177734374997 ], [ -67.084082031249991, 45.143945312499994 ], [ -67.124853515624991, 45.16943359375 ] ] ], [ [ [ -55.458740234375, 51.536523437499994 ], [ -55.532421875, 51.436962890624997 ], [ -55.583398437499994, 51.388574218749994 ], [ -55.630761718749994, 51.372900390624999 ], [ -55.730712890625, 51.358691406249996 ], [ -55.941162109375, 51.343017578125 ], [ -56.031103515624991, 51.328369140625 ], [ -56.0439453125, 51.261865234374994 ], [ -56.030664062499994, 51.226904296874999 ], [ -55.999902343749994, 51.199267578124996 ], [ -55.960839843749994, 51.19140625 ], [ -55.87353515625, 51.207910156249994 ], [ -55.841113281249989, 51.205078125 ], [ -55.815087890624994, 51.191162109375 ], [ -55.795507812499991, 51.166162109374994 ], [ -55.785351562499997, 51.131445312499999 ], [ -55.784716796874989, 51.087060546874994 ], [ -55.8, 51.033300781249999 ], [ -55.871386718749989, 50.907373046874994 ], [ -55.962011718749991, 50.837695312499996 ], [ -56.078125, 50.780957031249997 ], [ -56.106542968749991, 50.75927734375 ], [ -56.121191406249991, 50.733789062499994 ], [ -56.135644531249994, 50.650976562499999 ], [ -56.195751953124997, 50.584765625 ], [ -56.382421875, 50.4169921875 ], [ -56.454345703125, 50.380029296874994 ], [ -56.454785156249997, 50.350488281249994 ], [ -56.483935546874989, 50.270849609374999 ], [ -56.539355468749989, 50.206738281249997 ], [ -56.693994140624994, 50.059667968749999 ], [ -56.732324218749994, 50.007714843749994 ], [ -56.749560546874989, 49.966552734375 ], [ -56.747167968749991, 49.908496093749996 ], [ -56.754101562499997, 49.882910156249999 ], [ -56.789501953124997, 49.833740234375 ], [ -56.8388671875, 49.787744140624994 ], [ -56.8486328125, 49.765332031249997 ], [ -56.829199218749991, 49.724609375 ], [ -56.809228515624994, 49.710400390624997 ], [ -56.806884765625, 49.67333984375 ], [ -56.822167968749994, 49.613476562499997 ], [ -56.756787109374997, 49.651611328125 ], [ -56.610644531249989, 49.787695312499999 ], [ -56.500927734374997, 49.86962890625 ], [ -56.427587890624991, 49.897412109374997 ], [ -56.376416015624997, 49.933691406249999 ], [ -56.321826171874989, 50.013769531249999 ], [ -56.2470703125, 50.090087890625 ], [ -56.179394531249997, 50.114990234375 ], [ -56.148388671874997, 50.100341796875 ], [ -56.122167968749991, 50.062841796874999 ], [ -56.12744140625, 50.01513671875 ], [ -56.164160156249991, 49.957275390625 ], [ -56.161279296874994, 49.940136718749997 ], [ -56.075, 49.982617187499997 ], [ -55.927001953125, 50.017773437499997 ], [ -55.873339843749989, 50.013134765624997 ], [ -55.764746093749991, 49.96044921875 ], [ -55.674462890624994, 49.966552734375 ], [ -55.530029296875, 49.997167968749999 ], [ -55.5029296875, 49.983154296875 ], [ -55.527001953124994, 49.936767578125 ], [ -55.583691406249997, 49.892382812499996 ], [ -55.717626953124991, 49.829003906249994 ], [ -56.039990234374997, 49.7046875 ], [ -56.140185546874989, 49.619140625 ], [ -56.121191406249991, 49.621728515624994 ], [ -56.051611328124991, 49.658398437499997 ], [ -55.978515625, 49.678125 ], [ -55.90185546875, 49.680859375 ], [ -55.869824218749997, 49.670166015625 ], [ -55.88232421875, 49.645947265624997 ], [ -55.892041015624997, 49.580273437499997 ], [ -56.087304687499994, 49.451953125 ], [ -56.041210937499997, 49.456835937499996 ], [ -55.815234374999989, 49.515283203124994 ], [ -55.678125, 49.434619140624996 ], [ -55.48974609375, 49.4625 ], [ -55.375927734374997, 49.48974609375 ], [ -55.379150390625, 49.472900390625 ], [ -55.3544921875, 49.437695312499997 ], [ -55.355371093749994, 49.380859375 ], [ -55.343847656249991, 49.372900390624999 ], [ -55.289941406249994, 49.391943359374999 ], [ -55.280175781249994, 49.412744140624994 ], [ -55.283007812499989, 49.513818359374994 ], [ -55.266357421875, 49.52392578125 ], [ -55.229541015624989, 49.508154296874999 ], [ -55.20703125, 49.48203125 ], [ -55.200292968749991, 49.408496093749996 ], [ -55.225, 49.334667968749997 ], [ -55.259326171874989, 49.266992187499994 ], [ -55.342480468749997, 49.168115234374994 ], [ -55.331933593749994, 49.125585937499999 ], [ -55.353173828124994, 49.079443359374999 ], [ -55.334765624999989, 49.077880859375 ], [ -55.25234375, 49.120898437499996 ], [ -55.247363281249989, 49.138574218749994 ], [ -55.253808593749994, 49.179638671874997 ], [ -55.24453125, 49.199804687499999 ], [ -55.176123046874991, 49.244433593749996 ], [ -55.063183593749997, 49.29736328125 ], [ -55.026171874999989, 49.305371093749997 ], [ -55.010400390624994, 49.293017578124996 ], [ -55.015917968749989, 49.260351562499999 ], [ -54.982617187499997, 49.268115234374996 ], [ -54.910546875, 49.316259765624999 ], [ -54.843652343749994, 49.345410156249997 ], [ -54.781884765624994, 49.35546875 ], [ -54.717626953124991, 49.388574218749994 ], [ -54.65087890625, 49.44453125 ], [ -54.579052734374997, 49.490820312499999 ], [ -54.502197265625, 49.52734375 ], [ -54.469189453124997, 49.52978515625 ], [ -54.480615234374994, 49.469335937499999 ], [ -54.465429687499991, 49.400537109374994 ], [ -54.463476562499991, 49.341748046874997 ], [ -54.4482421875, 49.329443359374999 ], [ -54.3890625, 49.392138671874996 ], [ -54.356152343749997, 49.4150390625 ], [ -54.316748046874991, 49.424121093749996 ], [ -54.270800781249989, 49.419287109374999 ], [ -53.957714843749997, 49.441845703124997 ], [ -53.862451171874994, 49.426318359374996 ], [ -53.754980468749991, 49.385302734374996 ], [ -53.619433593749989, 49.321630859374999 ], [ -53.569580078125, 49.26416015625 ], [ -53.56005859375, 49.191699218749996 ], [ -53.5734375, 49.141210937499999 ], [ -53.671142578125, 49.077539062499994 ], [ -53.758056640625, 49.035400390625 ], [ -53.809326171875, 48.993408203125 ], [ -53.824902343749997, 48.951367187499997 ], [ -53.84521484375, 48.925439453124994 ], [ -53.903222656249994, 48.88916015625 ], [ -54.161279296874994, 48.787695312499999 ], [ -54.099511718749994, 48.784765625 ], [ -53.95068359375, 48.806787109374994 ], [ -53.852880859374991, 48.811328125 ], [ -53.847753906249991, 48.796679687499996 ], [ -53.886816406249991, 48.767822265625 ], [ -53.961523437499991, 48.738867187499999 ], [ -53.969580078124991, 48.724902343749996 ], [ -53.966015625, 48.706689453124994 ], [ -53.886132812499994, 48.684667968749999 ], [ -53.784082031249994, 48.695410156249999 ], [ -53.698046874999989, 48.679833984374994 ], [ -53.706347656249989, 48.655517578125 ], [ -53.774609375, 48.576318359374994 ], [ -53.794628906249997, 48.5263671875 ], [ -53.885546874999989, 48.484570312499997 ], [ -54.067773437499994, 48.418847656249994 ], [ -54.114453125, 48.393603515624996 ], [ -54.104248046875, 48.388378906249997 ], [ -53.93701171875, 48.436621093749999 ], [ -53.852734375, 48.448828125 ], [ -53.79931640625, 48.44921875 ], [ -53.738867187499991, 48.495800781249997 ], [ -53.644433593749994, 48.51123046875 ], [ -53.552050781249989, 48.481787109374999 ], [ -53.411328125, 48.562158203124994 ], [ -53.361083984375, 48.572607421874999 ], [ -53.275439453124989, 48.563330078124999 ], [ -53.220263671874989, 48.577880859375 ], [ -53.12734375, 48.632568359375 ], [ -53.057275390624994, 48.659033203124999 ], [ -53.042675781249997, 48.656640625 ], [ -53.027587890625, 48.634716796874997 ], [ -53.020751953125, 48.571630859374999 ], [ -53.037304687499997, 48.515869140625 ], [ -53.060205078124994, 48.480322265624999 ], [ -53.1357421875, 48.40185546875 ], [ -53.18212890625, 48.374365234374999 ], [ -53.22509765625, 48.364013671875 ], [ -53.301171875, 48.3681640625 ], [ -53.334326171874991, 48.35595703125 ], [ -53.405517578125, 48.294335937499994 ], [ -53.531201171874997, 48.231884765624997 ], [ -53.609765625, 48.207714843749997 ], [ -53.560205078124994, 48.173828125 ], [ -53.541845703124991, 48.108447265624996 ], [ -53.569433593749991, 48.088085937499997 ], [ -53.704296875, 48.067919921874996 ], [ -53.71015625, 48.056835937499997 ], [ -53.758203125, 48.042382812499994 ], [ -53.869580078124997, 48.019677734374994 ], [ -53.793554687499991, 48.009716796874997 ], [ -53.653027343749997, 48.025732421874999 ], [ -53.638232421874989, 48.0146484375 ], [ -53.657617187499994, 47.968652343749994 ], [ -53.695019531249997, 47.921191406249996 ], [ -53.861669921874991, 47.799267578124997 ], [ -53.863671875, 47.787011718749994 ], [ -53.837744140624991, 47.727246093749997 ], [ -53.805371093749997, 47.68203125 ], [ -53.76513671875, 47.650097656249997 ], [ -53.67236328125, 47.648242187499996 ], [ -53.603759765625, 47.662304687499997 ], [ -53.503759765624991, 47.743847656249997 ], [ -53.28271484375, 47.997851562499996 ], [ -53.08544921875, 48.068505859374994 ], [ -52.920996093749991, 48.147070312499999 ], [ -52.88330078125, 48.131152343749996 ], [ -52.866015624999989, 48.112988281249997 ], [ -52.872021484374997, 48.093945312499997 ], [ -52.954980468749994, 48.029296875 ], [ -52.998242187499997, 47.975927734374999 ], [ -53.11083984375, 47.811914062499994 ], [ -53.153857421874989, 47.734570312499997 ], [ -53.175537109375, 47.652978515624994 ], [ -53.169824218749994, 47.512109375 ], [ -53.157666015624997, 47.48779296875 ], [ -53.122460937499994, 47.455126953124996 ], [ -53.056835937499997, 47.483105468749997 ], [ -52.945019531249997, 47.552832031249999 ], [ -52.873193359374994, 47.619433593749996 ], [ -52.816943359374989, 47.727880859374999 ], [ -52.782421875, 47.769433593749994 ], [ -52.744921874999989, 47.768945312499994 ], [ -52.71142578125, 47.7453125 ], [ -52.703271484374994, 47.693017578124994 ], [ -52.672167968749989, 47.621777343749997 ], [ -52.653662109374991, 47.549414062499999 ], [ -52.668505859374989, 47.469824218749999 ], [ -52.683642578124989, 47.426318359374996 ], [ -52.912402343749989, 47.103222656249997 ], [ -52.888134765624997, 47.045849609374997 ], [ -52.882080078125, 47.011083984374999 ], [ -52.889208984374989, 46.97412109375 ], [ -52.961718749999989, 46.819433593749999 ], [ -53.031933593749997, 46.722753906249999 ], [ -53.069775390624997, 46.68125 ], [ -53.11484375, 46.655810546874996 ], [ -53.1669921875, 46.646484375 ], [ -53.213671874999989, 46.660498046874999 ], [ -53.2548828125, 46.697705078124997 ], [ -53.291308593749989, 46.717041015625 ], [ -53.323046874999989, 46.718359375 ], [ -53.381738281249994, 46.71142578125 ], [ -53.5361328125, 46.632519531249997 ], [ -53.567773437499994, 46.628271484374999 ], [ -53.589794921874997, 46.638867187499997 ], [ -53.616357421874994, 46.680273437499999 ], [ -53.595166015624997, 46.888476562499996 ], [ -53.581347656249989, 46.957275390625 ], [ -53.612158203124991, 47.010351562499999 ], [ -53.579638671874989, 47.099414062499996 ], [ -53.578466796874991, 47.133251953124997 ], [ -53.597363281249997, 47.14599609375 ], [ -53.636376953124994, 47.1376953125 ], [ -53.695361328124989, 47.092919921874994 ], [ -53.774316406249994, 47.011816406249999 ], [ -53.860009765624994, 46.939453125 ], [ -54.009570312499989, 46.839599609375 ], [ -54.076025390624991, 46.819970703124994 ], [ -54.102392578124991, 46.824902343749997 ], [ -54.1328125, 46.838574218749997 ], [ -54.173730468749994, 46.88037109375 ], [ -54.173291015624997, 46.9171875 ], [ -54.155224609374997, 46.967480468749997 ], [ -54.092675781249994, 47.086230468749996 ], [ -53.970507812499989, 47.261962890625 ], [ -53.869091796874997, 47.387011718749996 ], [ -53.849511718749994, 47.440332031249994 ], [ -53.877880859374997, 47.463574218749997 ], [ -53.900830078124997, 47.509326171874996 ], [ -53.939746093749989, 47.644677734374994 ], [ -53.989013671875, 47.756201171874999 ], [ -54.047265625, 47.805615234374997 ], [ -54.191845703124997, 47.859814453124997 ], [ -54.218408203124994, 47.846728515624996 ], [ -54.23388671875, 47.771679687499997 ], [ -54.4046875, 47.555908203125 ], [ -54.434472656249994, 47.462304687499994 ], [ -54.455908203124991, 47.427587890624999 ], [ -54.488134765624991, 47.403857421874996 ], [ -54.562548828124989, 47.375195312499997 ], [ -54.542382812499994, 47.425097656249996 ], [ -54.463232421874991, 47.536230468749999 ], [ -54.473925781249989, 47.547070312499997 ], [ -54.574511718749989, 47.457763671875 ], [ -54.651171874999989, 47.408203125 ], [ -54.744677734374989, 47.395458984374997 ], [ -54.801513671875, 47.398632812499997 ], [ -54.856640625, 47.385009765625 ], [ -55.090429687499991, 47.173925781249999 ], [ -55.09921875, 47.103564453124996 ], [ -55.1396484375, 47.045947265624996 ], [ -55.254931640624989, 46.941748046874999 ], [ -55.315722656249989, 46.905712890624997 ], [ -55.401269531249994, 46.899267578124999 ], [ -55.479296874999989, 46.917285156249996 ], [ -55.530712890624997, 46.914013671874997 ], [ -55.65234375, 46.881445312499999 ], [ -55.788525390624997, 46.867236328124996 ], [ -55.8447265625, 46.873828125 ], [ -55.880615234375, 46.88720703125 ], [ -55.949902343749997, 46.927685546874997 ], [ -55.958203125, 46.956396484374999 ], [ -55.954492187499994, 46.973242187499999 ], [ -55.919238281249989, 47.016894531249996 ], [ -55.83837890625, 47.071630859374999 ], [ -55.771826171874991, 47.092089843749996 ], [ -55.610058593749997, 47.11962890625 ], [ -55.491503906249989, 47.16064453125 ], [ -55.401220703124991, 47.221484375 ], [ -55.360888671874989, 47.25859375 ], [ -55.190820312499994, 47.448974609375 ], [ -54.975634765624989, 47.516162109374996 ], [ -54.86953125, 47.570898437499999 ], [ -54.795361328124997, 47.640332031249997 ], [ -54.784619140624997, 47.664746093749997 ], [ -54.891015625, 47.629492187499999 ], [ -54.945947265624994, 47.620849609375 ], [ -55.035009765624991, 47.633886718749999 ], [ -55.074560546874991, 47.657568359374999 ], [ -55.196582031249989, 47.650048828124994 ], [ -55.366308593749991, 47.661083984374997 ], [ -55.390771484374994, 47.642871093749996 ], [ -55.412695312499991, 47.550390625 ], [ -55.434667968749991, 47.501269531249996 ], [ -55.460644531249997, 47.484765625 ], [ -55.498632812499991, 47.475048828124997 ], [ -55.576123046874997, 47.465234375 ], [ -55.774707031249989, 47.498291015625 ], [ -55.811376953124991, 47.516357421875 ], [ -55.862060546875, 47.530078125 ], [ -56.081347656249989, 47.499951171874997 ], [ -56.127246093749989, 47.502832031249994 ], [ -56.083691406249997, 47.524511718749999 ], [ -55.867089843749994, 47.592333984374996 ], [ -55.844384765624994, 47.787841796875 ], [ -55.85791015625, 47.819189453124999 ], [ -55.91845703125, 47.791894531249994 ], [ -56.020117187499991, 47.763720703124996 ], [ -56.089648437499989, 47.771875 ], [ -56.121435546874991, 47.789160156249999 ], [ -56.150585937499997, 47.774511718749999 ], [ -56.221289062499991, 47.67138671875 ], [ -56.262988281249989, 47.658447265625 ], [ -56.32578125, 47.654492187499997 ], [ -56.459570312499991, 47.616943359375 ], [ -56.722314453124994, 47.59228515625 ], [ -56.774121093749997, 47.564990234374996 ], [ -56.952490234374991, 47.574462890625 ], [ -57.473437499999989, 47.631103515625 ], [ -57.659814453124994, 47.625390625 ], [ -57.884082031249989, 47.660009765624999 ], [ -57.925537109375, 47.674902343749999 ], [ -58.239306640624989, 47.668847656249994 ], [ -58.333203125, 47.676855468749999 ], [ -58.326953124999989, 47.719873046874994 ], [ -58.336865234374997, 47.730859375 ], [ -58.428027343749989, 47.683398437499996 ], [ -58.508886718749991, 47.652587890625 ], [ -58.613134765624991, 47.626220703125 ], [ -58.941162109375, 47.58046875 ], [ -59.116943359375, 47.570703125 ], [ -59.219287109374989, 47.6025390625 ], [ -59.259765625, 47.634179687499994 ], [ -59.320654296874991, 47.736914062499999 ], [ -59.362402343749991, 47.865673828124997 ], [ -59.362060546875, 47.888964843749996 ], [ -59.340869140624989, 47.933642578124996 ], [ -59.272070312499991, 47.995556640624997 ], [ -58.960839843749994, 48.159375 ], [ -58.710595703124994, 48.325048828124999 ], [ -58.60498046875, 48.411328125 ], [ -58.502636718749997, 48.442041015624994 ], [ -58.335546875, 48.513671875 ], [ -58.330224609374994, 48.522119140624994 ], [ -58.492236328124989, 48.513037109374999 ], [ -58.606152343749997, 48.532861328124994 ], [ -58.722558593749994, 48.540722656249997 ], [ -58.943798828124997, 48.521777343749996 ], [ -59.166796874999989, 48.521777343749996 ], [ -59.167675781249997, 48.558496093749994 ], [ -59.063427734374997, 48.627685546875 ], [ -58.841796875, 48.746435546874999 ], [ -58.819189453124991, 48.746826171875 ], [ -58.887109375, 48.691552734374994 ], [ -58.906445312499997, 48.650195312499996 ], [ -58.877246093749989, 48.622705078124994 ], [ -58.843408203124994, 48.605322265624999 ], [ -58.716455078124994, 48.598046875 ], [ -58.687353515624991, 48.6220703125 ], [ -58.6416015625, 48.749414062499994 ], [ -58.545605468749997, 48.896875 ], [ -58.49375, 49.003222656249996 ], [ -58.403662109374991, 49.084326171874999 ], [ -58.358691406249989, 49.096533203124999 ], [ -58.31875, 49.081347656249996 ], [ -58.186132812499991, 49.061914062499994 ], [ -58.049658203124991, 48.987548828125 ], [ -58.005566406249997, 48.98125 ], [ -57.990527343749989, 48.987939453124994 ], [ -58.040576171874989, 49.009765625 ], [ -58.081835937499989, 49.044726562499996 ], [ -58.098925781249989, 49.077441406249996 ], [ -58.049072265625, 49.179980468749996 ], [ -57.990673828124997, 49.20947265625 ], [ -57.980078125, 49.229638671874994 ], [ -58.096875, 49.230078125 ], [ -58.19091796875, 49.258740234374997 ], [ -58.218896484374994, 49.305126953124997 ], [ -58.21337890625, 49.386669921874997 ], [ -58.182714843749991, 49.435400390624999 ], [ -58.107421875, 49.499707031249997 ], [ -58.015820312499997, 49.54248046875 ], [ -57.961230468749989, 49.531542968749996 ], [ -57.856054687499991, 49.473828125 ], [ -57.791308593749989, 49.489990234375 ], [ -57.798828125, 49.508544921875 ], [ -57.8974609375, 49.600390625 ], [ -57.929052734374991, 49.668408203124997 ], [ -57.926171875, 49.700830078124994 ], [ -57.7125, 50.02490234375 ], [ -57.607958984374989, 50.198779296874996 ], [ -57.465527343749997, 50.463671875 ], [ -57.4326171875, 50.505810546874997 ], [ -57.360449218749991, 50.583935546874997 ], [ -57.33056640625, 50.605175781249997 ], [ -57.237402343749991, 50.605371093749994 ], [ -57.179589843749994, 50.61484375 ], [ -57.26416015625, 50.649365234374997 ], [ -57.29443359375, 50.673388671874996 ], [ -57.297998046874994, 50.69873046875 ], [ -57.27490234375, 50.725292968749997 ], [ -57.242138671874997, 50.744921875 ], [ -57.131640624999989, 50.787402343749996 ], [ -57.053271484374989, 50.857324218749994 ], [ -57.005664062499989, 50.939648437499997 ], [ -57.012744140624989, 50.967724609374997 ], [ -57.037304687499997, 50.995654296874996 ], [ -57.035937499999989, 51.010839843749999 ], [ -56.976367187499989, 51.027978515624994 ], [ -56.825146484374997, 51.125732421875 ], [ -56.805468749999989, 51.144482421874997 ], [ -56.750195312499997, 51.27490234375 ], [ -56.682421874999989, 51.332763671875 ], [ -56.619042968749994, 51.362451171874994 ], [ -56.51796875, 51.399316406249994 ], [ -56.207373046874991, 51.488623046874999 ], [ -56.025585937499997, 51.568359375 ], [ -55.902099609375, 51.563916015624997 ], [ -55.865820312499991, 51.50830078125 ], [ -55.6904296875, 51.471337890624994 ], [ -55.659570312499994, 51.511035156249996 ], [ -55.700634765624997, 51.559423828124999 ], [ -55.66640625, 51.57890625 ], [ -55.521630859374994, 51.596386718749997 ], [ -55.496435546874991, 51.58984375 ], [ -55.453222656249991, 51.562304687499996 ], [ -55.458740234375, 51.536523437499994 ] ] ], [ [ [ -86.58935546875, 71.010791015625003 ], [ -86.549658203124991, 70.98876953125 ], [ -86.3212890625, 71.016796875 ], [ -86.127148437499997, 71.048974609374994 ], [ -85.824560546874991, 71.125732421875 ], [ -85.643847656249989, 71.152441406250006 ], [ -85.094873046874994, 71.151953125 ], [ -85.0015625, 71.137451171875 ], [ -85.042773437499989, 71.091601562500003 ], [ -85.065771484374991, 71.07861328125 ], [ -85.047656249999989, 71.058691406250006 ], [ -84.988476562499997, 71.03173828125 ], [ -84.8703125, 71.001806640625006 ], [ -84.82373046875, 71.028613281250003 ], [ -84.789599609374989, 71.09326171875 ], [ -84.70859375, 71.358691406250003 ], [ -84.67431640625, 71.438769531250003 ], [ -84.658105468749994, 71.514599609374997 ], [ -84.659960937499989, 71.586132812499997 ], [ -84.699414062499997, 71.631445312500006 ], [ -84.840136718749989, 71.658642578124997 ], [ -85.0322265625, 71.654052734375 ], [ -85.130908203124989, 71.661230468750006 ], [ -85.25048828125, 71.67529296875 ], [ -85.3390625, 71.697265625 ], [ -85.396679687499997, 71.72705078125 ], [ -85.511523437499989, 71.816552734374994 ], [ -85.59619140625, 71.86640625 ], [ -85.813330078124991, 71.956445312499994 ], [ -85.91162109375, 71.986523437499997 ], [ -85.862109374999989, 72.02197265625 ], [ -85.664794921875, 72.062792968750003 ], [ -85.545800781249994, 72.1015625 ], [ -85.405908203124994, 72.21484375 ], [ -85.321875, 72.233154296875 ], [ -85.01875, 72.218164062499994 ], [ -84.608496093749991, 72.129492187500006 ], [ -84.351660156249991, 72.052636718749994 ], [ -84.283740234374989, 72.044482421875003 ], [ -84.282324218749991, 72.058447265625006 ], [ -84.347460937499989, 72.094433593749997 ], [ -84.64296875, 72.189550781250006 ], [ -84.777539062499997, 72.2587890625 ], [ -84.841992187499997, 72.308154296875003 ], [ -84.81103515625, 72.329541015624997 ], [ -84.644677734374994, 72.351416015625006 ], [ -84.623046875, 72.3765625 ], [ -84.849414062499989, 72.40625 ], [ -84.964160156249989, 72.405615234375006 ], [ -85.056835937499997, 72.384375 ], [ -85.156396484374994, 72.382910156250006 ], [ -85.341113281249989, 72.421533203124994 ], [ -85.391308593749997, 72.443994140624994 ], [ -85.497753906249997, 72.510595703125006 ], [ -85.5537109375, 72.568603515625 ], [ -85.615576171874991, 72.604638671874994 ], [ -85.637890625, 72.633203125 ], [ -85.64990234375, 72.72216796875 ], [ -85.64453125, 72.774462890625003 ], [ -85.619433593749989, 72.819189453125006 ], [ -85.574609375, 72.856396484374997 ], [ -85.454785156249997, 72.925146484375006 ], [ -85.387597656249994, 72.945019531249997 ], [ -85.262109375, 72.954003906249994 ], [ -84.989550781249989, 72.919873046874997 ], [ -84.256640624999989, 72.796728515625006 ], [ -84.274267578124991, 72.83642578125 ], [ -85.094042968749989, 73.002636718749997 ], [ -85.383886718749991, 73.04541015625 ], [ -85.454736328124994, 73.10546875 ], [ -85.018408203124991, 73.335498046875003 ], [ -84.616064453124991, 73.389550781249994 ], [ -84.416064453124989, 73.456494140624997 ], [ -84.088964843749991, 73.459375 ], [ -83.781884765624994, 73.416894531249994 ], [ -83.776513671874994, 73.428466796875 ], [ -83.914990234374997, 73.508398437500006 ], [ -83.904052734375, 73.5283203125 ], [ -83.729833984374991, 73.575878906249997 ], [ -83.410351562499997, 73.631689453125006 ], [ -83.020458984374997, 73.676025390625 ], [ -82.943212890624991, 73.699121093749994 ], [ -82.843310546874989, 73.715429687500006 ], [ -82.659619140624997, 73.729589843750006 ], [ -82.202783203124994, 73.736474609374994 ], [ -81.946142578124991, 73.729833984375006 ], [ -81.605371093749994, 73.695996093749997 ], [ -81.406152343749994, 73.634521484375 ], [ -81.344091796874991, 73.597753906250006 ], [ -81.238330078124989, 73.479541015625003 ], [ -81.151757812499994, 73.314013671875003 ], [ -81.025146484375, 73.245214843750006 ], [ -80.821728515624997, 73.207177734374994 ], [ -80.68115234375, 73.165820312500003 ], [ -80.603466796874997, 73.121191406250006 ], [ -80.582763671875, 73.06494140625 ], [ -80.619140625, 72.997167968750006 ], [ -80.591894531249991, 72.927685546874997 ], [ -80.500927734374997, 72.856591796874994 ], [ -80.430810546874994, 72.816259765625006 ], [ -80.277246093749994, 72.770166015624994 ], [ -80.274707031249989, 72.745556640624997 ], [ -80.32265625, 72.717480468749997 ], [ -80.42431640625, 72.67890625 ], [ -80.675097656249989, 72.558642578125003 ], [ -80.998730468749997, 72.426220703124997 ], [ -81.229345703124991, 72.31171875 ], [ -81.240576171874991, 72.277929687500006 ], [ -80.760791015624989, 72.457177734374994 ], [ -80.611474609374994, 72.450830078124994 ], [ -80.6046875, 72.42578125 ], [ -80.702441406249989, 72.33828125 ], [ -80.821484375, 72.26025390625 ], [ -80.941210937499989, 72.21015625 ], [ -80.919335937499994, 72.191259765625006 ], [ -80.69140625, 72.103466796874997 ], [ -80.733251953124991, 72.089013671874994 ], [ -80.84326171875, 72.09619140625 ], [ -80.888378906249997, 72.08828125 ], [ -80.92109375, 72.072314453125003 ], [ -80.94140625, 72.048242187499994 ], [ -80.942675781249989, 72.014355468749997 ], [ -80.925048828125, 71.970703125 ], [ -80.926806640624989, 71.938085937500006 ], [ -80.947900390624994, 71.916552734375003 ], [ -80.925146484374991, 71.907666015624997 ], [ -80.858447265624989, 71.911425781250003 ], [ -80.80224609375, 71.92919921875 ], [ -80.705419921874991, 71.988134765625006 ], [ -80.386132812499994, 72.148779296875006 ], [ -80.181933593749989, 72.208789062500003 ], [ -80.116113281249994, 72.2140625 ], [ -79.928320312499991, 72.174951171874994 ], [ -79.884375, 72.177197265624997 ], [ -80.090917968749991, 72.300878906250006 ], [ -80.108935546874989, 72.332177734374994 ], [ -80.066992187499991, 72.378320312499994 ], [ -80.041796874999989, 72.394238281249997 ], [ -79.926708984374997, 72.428173828124997 ], [ -79.831298828125, 72.4462890625 ], [ -79.777880859374989, 72.438720703125 ], [ -79.693310546874997, 72.375927734374997 ], [ -79.653857421874989, 72.332177734374994 ], [ -79.583691406249997, 72.314648437499997 ], [ -79.427441406249997, 72.337304687499994 ], [ -79.323339843749991, 72.390820312499997 ], [ -79.194384765624989, 72.355712890625 ], [ -79.000244140625, 72.272021484375003 ], [ -79.01796875, 72.188232421875 ], [ -79.017773437499997, 72.104345703125006 ], [ -79.0078125, 72.042919921874997 ], [ -78.775927734374989, 71.930371093749997 ], [ -78.614453125, 71.881005859374994 ], [ -78.585107421874994, 71.880615234375 ], [ -78.5888671875, 71.897509765625003 ], [ -78.62255859375, 71.934960937499994 ], [ -78.711132812499997, 71.972412109375 ], [ -78.790820312499989, 72.0302734375 ], [ -78.862744140624997, 72.100830078125 ], [ -78.820117187499989, 72.265429687500003 ], [ -78.699267578124989, 72.351416015625006 ], [ -78.582470703124997, 72.329345703125 ], [ -78.428808593749991, 72.27978515625 ], [ -78.307470703124991, 72.275146484375 ], [ -78.116357421874994, 72.280322265625003 ], [ -77.726025390624997, 72.179980468750003 ], [ -77.516503906249994, 72.177783203125003 ], [ -77.535742187499991, 72.21875 ], [ -77.694482421874994, 72.238427734374994 ], [ -77.926171875, 72.293847656249994 ], [ -78.287207031249991, 72.359814453124997 ], [ -78.453076171874997, 72.435205078124994 ], [ -78.484277343749994, 72.470605468749994 ], [ -78.4794921875, 72.508740234374997 ], [ -78.458837890624991, 72.542333984375006 ], [ -78.422412109374989, 72.571533203125 ], [ -78.350244140624994, 72.600195312500006 ], [ -78.001025390624989, 72.687597656250006 ], [ -77.753222656249989, 72.724755859374994 ], [ -77.566796875, 72.736865234375003 ], [ -77.25537109375, 72.735888671875003 ], [ -76.893505859374997, 72.720654296874997 ], [ -76.697949218749997, 72.695068359375 ], [ -76.473242187499991, 72.633349609375003 ], [ -76.188769531249989, 72.572216796874997 ], [ -76.087304687499994, 72.561328125 ], [ -75.96875, 72.562744140625 ], [ -75.833203125, 72.576513671875006 ], [ -75.704296875, 72.571533203125 ], [ -75.294238281249989, 72.480859375 ], [ -75.185791015625, 72.434228515624994 ], [ -75.120068359374997, 72.377734375 ], [ -75.071484375, 72.322851562500006 ], [ -75.039843749999989, 72.269580078125003 ], [ -75.052685546874997, 72.226367187500003 ], [ -75.394140625, 72.039794921875 ], [ -75.542773437499989, 72.007958984374994 ], [ -75.640966796874991, 71.937158203124994 ], [ -75.787402343749989, 71.803076171875006 ], [ -75.911279296874994, 71.731298828125006 ], [ -75.922802734374997, 71.717236328124997 ], [ -75.896826171874991, 71.713720703125006 ], [ -75.822070312499989, 71.745898437500003 ], [ -75.693359375, 71.838574218749997 ], [ -75.599902343749989, 71.91845703125 ], [ -75.428369140624994, 71.984375 ], [ -75.14765625, 72.06298828125 ], [ -74.903173828124991, 72.100488281249994 ], [ -74.694921875, 72.096923828125 ], [ -74.519677734374994, 72.085644531249997 ], [ -74.37744140625, 72.066552734374994 ], [ -74.29296875, 72.050585937500003 ], [ -74.266357421875, 72.037695312500006 ], [ -74.209326171874991, 71.978662109374994 ], [ -74.212597656249997, 71.938671875 ], [ -74.248242187499997, 71.893652343750006 ], [ -74.315722656249989, 71.842675781249994 ], [ -74.621484375, 71.786279296874994 ], [ -74.7890625, 71.741992187500003 ], [ -74.89296875, 71.725537109374997 ], [ -75.204785156249997, 71.709130859374994 ], [ -75.191064453124994, 71.691601562499997 ], [ -74.95947265625, 71.66748046875 ], [ -74.70078125, 71.675585937500003 ], [ -74.707373046874991, 71.646923828124997 ], [ -74.828955078124991, 71.570898437500006 ], [ -74.868310546874994, 71.504736328125006 ], [ -74.83447265625, 71.450585937499994 ], [ -74.840722656249994, 71.406591796875006 ], [ -74.931298828124994, 71.3140625 ], [ -75.035351562499997, 71.230517578125003 ], [ -74.996191406249991, 71.218115234375006 ], [ -74.758935546874994, 71.338134765625 ], [ -74.6953125, 71.469433593749997 ], [ -74.599560546874997, 71.584863281249994 ], [ -74.488085937499989, 71.648388671874997 ], [ -74.404101562499989, 71.672509765624994 ], [ -74.1390625, 71.682226562500006 ], [ -73.992089843749994, 71.749609375 ], [ -73.866601562499994, 71.771044921875003 ], [ -73.8140625, 71.771435546874997 ], [ -73.707226562499997, 71.746337890625 ], [ -73.713574218749997, 71.719873046874994 ], [ -73.868603515624997, 71.599365234375 ], [ -74.197265625, 71.404150390625006 ], [ -74.063330078124991, 71.426464843749997 ], [ -73.972509765624991, 71.472851562499997 ], [ -73.850878906249989, 71.519140625 ], [ -73.712841796874997, 71.587597656249997 ], [ -73.621679687499991, 71.525537109374994 ], [ -73.481591796874994, 71.479248046875 ], [ -73.397802734374991, 71.3734375 ], [ -73.262402343749997, 71.322460937499997 ], [ -73.180615234374997, 71.282861328124994 ], [ -73.192187499999989, 71.349853515625 ], [ -73.310449218749994, 71.484277343749994 ], [ -73.278222656249994, 71.537988281249994 ], [ -73.186816406249989, 71.564892578124997 ], [ -72.901953125, 71.677783203125003 ], [ -72.703027343749994, 71.64013671875 ], [ -72.580615234374989, 71.606787109375006 ], [ -72.519287109375, 71.615625 ], [ -72.364599609374991, 71.610986328124994 ], [ -72.116503906249989, 71.5927734375 ], [ -71.875195312499997, 71.561230468749997 ], [ -71.640673828124989, 71.516259765624994 ], [ -71.459912109374997, 71.463720703125006 ], [ -71.332958984374997, 71.403466796874994 ], [ -71.256054687499997, 71.36181640625 ], [ -71.229394531249994, 71.338769531249994 ], [ -71.1865234375, 71.278710937499994 ], [ -71.219384765624994, 71.238818359375003 ], [ -71.396582031249991, 71.146875 ], [ -71.495019531249994, 71.105126953124994 ], [ -71.593066406249989, 71.086376953124997 ], [ -71.856152343749997, 71.104785156250003 ], [ -71.937939453124997, 71.094287109375003 ], [ -72.023876953124997, 71.065332031249994 ], [ -72.297705078124991, 70.938818359375006 ], [ -72.449121093749994, 70.884082031250003 ], [ -72.598046875, 70.84921875 ], [ -72.632714843749994, 70.830761718749997 ], [ -72.312548828124989, 70.83251953125 ], [ -72.223925781249989, 70.870166015625003 ], [ -72.15, 70.940673828125 ], [ -72.009179687499994, 71.013427734375 ], [ -71.742529296874991, 71.046875 ], [ -71.370849609375, 70.975146484375003 ], [ -71.186230468749997, 70.97802734375 ], [ -71.045361328124997, 71.05 ], [ -70.888037109374991, 71.099023437499994 ], [ -70.826074218749994, 71.108740234375006 ], [ -70.79248046875, 71.103320312500003 ], [ -70.672656249999989, 71.052197265624997 ], [ -70.636474609375, 71.006591796875 ], [ -70.639111328124997, 70.902441406250006 ], [ -70.655224609374997, 70.870898437500003 ], [ -70.76171875, 70.792236328125 ], [ -71.021777343749989, 70.674121093750003 ], [ -71.191796875, 70.629785156249994 ], [ -71.38046875, 70.60595703125 ], [ -71.5859375, 70.565869140624997 ], [ -71.658447265625, 70.533544921875006 ], [ -71.729394531249994, 70.487695312499994 ], [ -71.800146484374991, 70.45703125 ], [ -71.890185546874989, 70.431542968749994 ], [ -71.772363281249994, 70.394189453124994 ], [ -71.727246093749997, 70.395214843749997 ], [ -71.683691406249991, 70.417578125 ], [ -71.564990234374989, 70.505664062500003 ], [ -71.476660156249991, 70.544042968750006 ], [ -71.426660156249994, 70.552099609375006 ], [ -71.375097656249991, 70.5484375 ], [ -71.324853515624994, 70.531152343749994 ], [ -71.27587890625, 70.500292968750003 ], [ -71.279589843749989, 70.425195312499994 ], [ -71.429443359375, 70.127783203125006 ], [ -71.405126953124991, 70.128662109375 ], [ -71.313085937499991, 70.209326171875006 ], [ -71.045263671874991, 70.51904296875 ], [ -70.979785156249989, 70.5810546875 ], [ -70.850537109374997, 70.643603515625003 ], [ -70.5609375, 70.73828125 ], [ -70.337255859374991, 70.787841796875 ], [ -70.084716796875, 70.829541015624997 ], [ -69.949804687499991, 70.845019531250003 ], [ -69.795703124999989, 70.834570312500006 ], [ -69.695507812499997, 70.785888671875 ], [ -69.560107421874989, 70.777148437500003 ], [ -69.395361328124991, 70.789257812499997 ], [ -69.2890625, 70.783447265625 ], [ -69.168701171875, 70.76416015625 ], [ -69.065722656249989, 70.728076171875003 ], [ -68.890722656249991, 70.687109375 ], [ -68.495751953124994, 70.610253906249994 ], [ -68.446679687499994, 70.594091796875006 ], [ -68.400830078124997, 70.564990234375003 ], [ -68.358251953124991, 70.522900390624997 ], [ -68.363525390625, 70.48125 ], [ -68.416650390624994, 70.439990234375003 ], [ -68.482568359374994, 70.41484375 ], [ -68.561328124999989, 70.405664062499994 ], [ -68.642822265625, 70.383203125 ], [ -68.793652343749997, 70.324414062499997 ], [ -68.842919921874994, 70.314453125 ], [ -69.079443359374991, 70.289160156250006 ], [ -69.298730468749994, 70.276806640624997 ], [ -69.435693359374994, 70.253125 ], [ -69.698974609375, 70.189306640625006 ], [ -70.061425781249994, 70.070849609375003 ], [ -70.057714843749991, 70.042626953124994 ], [ -69.9130859375, 70.029052734375 ], [ -69.795849609374997, 70.046923828125003 ], [ -69.634570312499989, 70.128759765625006 ], [ -69.483007812499991, 70.160058593749994 ], [ -69.246191406249991, 70.185107421875003 ], [ -68.918554687499991, 70.206982421874997 ], [ -68.778222656249994, 70.203564453124997 ], [ -68.7529296875, 70.199169921874997 ], [ -68.734619140625, 70.179833984374994 ], [ -68.723291015624994, 70.145654296874994 ], [ -68.776953125, 70.101025390624997 ], [ -68.839111328125, 70.079931640625006 ], [ -69.00830078125, 69.978955078124997 ], [ -68.897021484374989, 69.952734375 ], [ -68.744042968749994, 69.94140625 ], [ -68.65673828125, 69.968457031249997 ], [ -68.577832031249997, 70.03046875 ], [ -68.489355468749991, 70.06484375 ], [ -68.391259765624994, 70.071630859375006 ], [ -68.305078125, 70.08740234375 ], [ -68.230664062499997, 70.112207031249994 ], [ -68.21044921875, 70.12841796875 ], [ -68.318603515625, 70.160595703124997 ], [ -68.327197265624989, 70.18017578125 ], [ -68.283105468749994, 70.228271484375 ], [ -68.203515625, 70.281494140625 ], [ -68.120654296874989, 70.314599609374994 ], [ -68.05908203125, 70.317236328125006 ], [ -67.855322265624991, 70.281787109375003 ], [ -67.716015625, 70.219824218750006 ], [ -67.363671875, 70.034423828125 ], [ -67.318408203124989, 69.9984375 ], [ -67.195898437499991, 69.860693359375006 ], [ -67.172656249999989, 69.799462890624994 ], [ -67.192773437499994, 69.7568359375 ], [ -67.221630859374997, 69.730712890625 ], [ -67.25927734375, 69.721289062500006 ], [ -67.336718749999989, 69.720996093750003 ], [ -67.806201171874989, 69.777392578125003 ], [ -68.020410156249994, 69.770068359375003 ], [ -68.113964843749997, 69.754296875 ], [ -68.189453125, 69.730615234374994 ], [ -68.248095703124989, 69.70078125 ], [ -68.289794921875, 69.664697265624994 ], [ -68.3720703125, 69.644384765625006 ], [ -68.669921875, 69.643652343750006 ], [ -68.837109375, 69.62353515625 ], [ -69.12451171875, 69.574511718750003 ], [ -69.227685546874994, 69.547412109375003 ], [ -69.250781249999989, 69.511914062499997 ], [ -69.074902343749997, 69.518115234375003 ], [ -68.785253906249991, 69.564208984375 ], [ -68.513037109374991, 69.577294921874994 ], [ -68.058154296874989, 69.475878906250003 ], [ -67.908251953124989, 69.460107421874994 ], [ -67.824853515624994, 69.474707031250006 ], [ -67.724511718749994, 69.479248046875 ], [ -67.3609375, 69.472509765625006 ], [ -67.236962890624994, 69.460107421874994 ], [ -67.052685546874997, 69.421191406250003 ], [ -66.770849609374991, 69.336669921875 ], [ -66.716748046874997, 69.311865234375006 ], [ -66.685253906249997, 69.285742187500006 ], [ -66.67626953125, 69.258447265624994 ], [ -66.679296875, 69.191064453124994 ], [ -66.707421875, 69.168212890625 ], [ -66.802880859374994, 69.152734375 ], [ -67.2080078125, 69.170654296875 ], [ -67.331640625, 69.184716796874994 ], [ -67.483789062499994, 69.1669921875 ], [ -67.607226562499989, 69.173193359375006 ], [ -67.765039062499994, 69.200244140625003 ], [ -67.9384765625, 69.248144531250006 ], [ -68.198193359374997, 69.202685546875003 ], [ -68.406298828124989, 69.232226562500003 ], [ -68.618896484375, 69.206005859374997 ], [ -69.040625, 69.097998046875006 ], [ -68.993457031249989, 69.079345703125 ], [ -68.41552734375, 69.172070312499997 ], [ -68.303955078125, 69.16640625 ], [ -68.121289062499997, 69.132617187500003 ], [ -67.832617187499991, 69.065966796875003 ], [ -67.751708984375, 69.038671875 ], [ -67.751025390624989, 68.933837890625 ], [ -67.795117187499997, 68.863330078125003 ], [ -67.883203125, 68.783984375 ], [ -68.015625, 68.794677734375 ], [ -68.32421875, 68.844042968750003 ], [ -68.450390625, 68.850830078125 ], [ -68.542773437499989, 68.8427734375 ], [ -68.666699218749997, 68.811328125 ], [ -68.725292968749997, 68.810205078124994 ], [ -69.218847656249991, 68.872802734375 ], [ -69.329785156249997, 68.87578125 ], [ -69.342675781249994, 68.869384765625 ], [ -69.319091796875, 68.856982421875003 ], [ -68.871435546874991, 68.759960937499997 ], [ -68.540625, 68.749365234375006 ], [ -68.333203125, 68.732568359374994 ], [ -68.210400390624997, 68.702978515625006 ], [ -68.152490234374994, 68.681054687499994 ], [ -68.148339843749994, 68.616113281249994 ], [ -68.037939453124991, 68.550732421874997 ], [ -67.9384765625, 68.524169921875 ], [ -67.875048828124989, 68.52294921875 ], [ -67.766015625, 68.547021484374994 ], [ -67.655957031249997, 68.550732421874997 ], [ -67.566943359374989, 68.533984375 ], [ -67.455517578124997, 68.497900390625006 ], [ -67.320703125, 68.48779296875 ], [ -67.202490234374991, 68.465869140625003 ], [ -67.111181640624991, 68.461474609375003 ], [ -66.854199218749997, 68.471630859374997 ], [ -66.742724609374989, 68.457763671875 ], [ -66.713916015624989, 68.445703125 ], [ -66.762402343749997, 68.424658203125006 ], [ -66.997265625, 68.374169921874994 ], [ -67.032958984375, 68.326074218749994 ], [ -66.900390625, 68.263525390625006 ], [ -66.830957031249994, 68.215625 ], [ -66.834326171874991, 68.179882812499997 ], [ -66.905126953124991, 68.098486328125006 ], [ -66.923095703125, 68.065722656250003 ], [ -66.899804687499994, 68.063085937500006 ], [ -66.72900390625, 68.129003906250006 ], [ -66.70234375, 68.120556640624997 ], [ -66.6845703125, 68.029248046874997 ], [ -66.662695312499991, 68.034423828125 ], [ -66.60546875, 68.110009765624994 ], [ -66.630957031249991, 68.210644531249997 ], [ -66.53076171875, 68.250341796875006 ], [ -66.21240234375, 68.280419921874994 ], [ -66.266308593749997, 68.122705078124994 ], [ -66.274707031249989, 68.040771484375 ], [ -66.413867187499989, 67.904296875 ], [ -66.529980468749997, 67.860302734374997 ], [ -66.526464843749991, 67.851171875 ], [ -66.443945312499991, 67.833837890625006 ], [ -66.392382812499989, 67.831933593749994 ], [ -66.34296875, 67.853271484375 ], [ -66.225195312499991, 67.958740234375 ], [ -65.98583984375, 68.068554687499997 ], [ -65.9423828125, 68.070947265624994 ], [ -65.943994140624994, 68.031201171874997 ], [ -65.974902343749989, 67.957421875 ], [ -65.864355468749991, 67.9228515625 ], [ -65.758935546874994, 67.957080078125003 ], [ -65.701708984374989, 67.986669921875006 ], [ -65.5693359375, 67.982324218749994 ], [ -65.509082031249989, 67.96826171875 ], [ -65.491113281249994, 67.935693359374994 ], [ -65.552001953125, 67.799365234375003 ], [ -65.540869140624991, 67.765625 ], [ -65.401269531249994, 67.674853515625003 ], [ -65.387109375, 67.680273437500006 ], [ -65.413476562499994, 67.724072265624997 ], [ -65.442236328124991, 67.832324218750003 ], [ -65.415332031249989, 67.879248046875006 ], [ -65.300341796874989, 67.939501953125003 ], [ -65.064404296874997, 68.026220703125006 ], [ -64.976904296874991, 68.043408203124997 ], [ -64.922314453124997, 68.031640625 ], [ -64.83544921875, 67.989990234375 ], [ -64.862548828125, 67.965136718750003 ], [ -64.956396484374991, 67.939111328124994 ], [ -65.026025390624994, 67.892041015624997 ], [ -65.071435546874994, 67.823828125 ], [ -65.02109375, 67.787548828124997 ], [ -64.829882812499989, 67.784277343750006 ], [ -64.637792968749991, 67.840234375 ], [ -64.527539062499997, 67.812695312499997 ], [ -64.396435546874997, 67.739941406249997 ], [ -64.15625, 67.622998046874997 ], [ -64.019433593749994, 67.654882812500006 ], [ -63.850195312499991, 67.566064453124994 ], [ -64.077490234374991, 67.49560546875 ], [ -64.007958984374994, 67.347314453124994 ], [ -64.303271484374989, 67.353466796874997 ], [ -64.469287109374989, 67.341845703125003 ], [ -64.58046875, 67.355175781249997 ], [ -64.699951171875, 67.350537109374997 ], [ -64.589257812499994, 67.315527343750006 ], [ -64.375927734374997, 67.301074218750003 ], [ -64.3564453125, 67.256152343750003 ], [ -64.18896484375, 67.257275390624997 ], [ -64.063232421875, 67.265917968750003 ], [ -63.836230468749989, 67.264111328124997 ], [ -63.824121093749994, 67.315673828125 ], [ -63.676464843749997, 67.345117187499994 ], [ -63.591601562499989, 67.377539062500006 ], [ -63.52109375, 67.358349609374997 ], [ -63.315820312499994, 67.336328125 ], [ -63.040136718749991, 67.235009765624994 ], [ -63.16162109375, 67.174365234375003 ], [ -63.194677734374991, 67.117041015625006 ], [ -63.235546875, 67.068505859374994 ], [ -63.258398437499991, 67.024658203125 ], [ -63.306787109374994, 66.994482421875006 ], [ -63.7015625, 66.822363281250006 ], [ -63.63623046875, 66.82080078125 ], [ -63.469189453124997, 66.862402343750006 ], [ -63.143701171874994, 66.92431640625 ], [ -62.962304687499994, 66.949267578125003 ], [ -62.833349609374991, 66.932714843750006 ], [ -62.768164062499991, 66.931982421875006 ], [ -62.71044921875, 66.9541015625 ], [ -62.602880859374991, 66.928613281249994 ], [ -62.379736328124991, 66.905371093750006 ], [ -62.123583984374989, 67.046728515625006 ], [ -61.968554687499989, 67.01904296875 ], [ -61.824121093749994, 66.931738281250006 ], [ -61.514697265624989, 66.778466796874994 ], [ -61.353417968749994, 66.689208984375 ], [ -61.299707031249994, 66.648730468750003 ], [ -61.307226562499991, 66.608837890624997 ], [ -61.453076171874997, 66.566601562499997 ], [ -61.52783203125, 66.55810546875 ], [ -61.72412109375, 66.637792968750006 ], [ -61.904492187499997, 66.678125 ], [ -62.014257812499991, 66.673779296874997 ], [ -62.123339843749989, 66.64306640625 ], [ -62.089306640624997, 66.625927734374997 ], [ -61.652636718749989, 66.503125 ], [ -61.576416015625, 66.4125 ], [ -61.57080078125, 66.372900390625006 ], [ -61.862695312499994, 66.312841796875006 ], [ -61.956347656249989, 66.309326171875 ], [ -62.158447265625, 66.337988281250006 ], [ -62.276904296874989, 66.391503906249994 ], [ -62.37451171875, 66.410839843749997 ], [ -62.509814453124989, 66.4171875 ], [ -62.553125, 66.406835937500006 ], [ -62.405664062499994, 66.31591796875 ], [ -62.419824218749994, 66.28857421875 ], [ -62.495996093749994, 66.270898437499994 ], [ -62.53359375, 66.227001953124997 ], [ -62.242089843749994, 66.14794921875 ], [ -62.02392578125, 66.067529296874994 ], [ -61.991601562499994, 66.035302734374994 ], [ -62.138671875, 66.011376953124994 ], [ -62.244335937499997, 66.005859375 ], [ -62.4677734375, 66.017480468749994 ], [ -62.59033203125, 66.034423828125 ], [ -62.624121093749991, 66.016259765624994 ], [ -62.497363281249989, 65.974023437499994 ], [ -62.448388671874994, 65.945507812499997 ], [ -62.410302734374994, 65.90576171875 ], [ -62.38818359375, 65.868310546874994 ], [ -62.381982421874994, 65.833300781250003 ], [ -62.485644531249989, 65.804492187500003 ], [ -62.610253906249994, 65.7236328125 ], [ -62.658886718749997, 65.639941406250003 ], [ -62.771728515625, 65.631982421874994 ], [ -62.817285156249994, 65.647705078125 ], [ -62.968896484374994, 65.622363281250003 ], [ -63.1689453125, 65.657324218750006 ], [ -63.240673828124997, 65.695556640625 ], [ -63.458740234375, 65.85302734375 ], [ -63.46435546875, 65.835351562499994 ], [ -63.409765625, 65.755810546874997 ], [ -63.4208984375, 65.70859375 ], [ -63.651953125, 65.67431640625 ], [ -63.651074218749997, 65.660986328125006 ], [ -63.509228515624997, 65.636035156250003 ], [ -63.337451171874989, 65.616748046875003 ], [ -63.3642578125, 65.543212890625 ], [ -63.363378906249991, 65.229736328125 ], [ -63.401806640624997, 65.118457031250003 ], [ -63.48583984375, 65.021240234375 ], [ -63.606591796874994, 64.928076171875006 ], [ -63.737158203124991, 64.989111328125006 ], [ -63.789355468749989, 65.051367187500006 ], [ -63.833203125, 65.083300781250003 ], [ -63.895605468749991, 65.109277343749994 ], [ -63.976269531249997, 65.121484375 ], [ -64.061425781249994, 65.121923828125006 ], [ -64.15185546875, 65.066162109375 ], [ -64.250439453124997, 65.114306640625003 ], [ -64.345703125, 65.172412109375003 ], [ -64.309765625, 65.324560546875006 ], [ -64.269677734374994, 65.40078125 ], [ -64.285742187499991, 65.400195312500003 ], [ -64.339941406249991, 65.364160156249994 ], [ -64.469824218749991, 65.252734375 ], [ -64.555078125, 65.116601562499994 ], [ -64.665332031249989, 65.1689453125 ], [ -64.764794921874994, 65.234082031249997 ], [ -64.846923828125, 65.299560546875 ], [ -64.979638671874994, 65.375097656250006 ], [ -65.108496093749991, 65.463769531249994 ], [ -65.175683593749994, 65.568164062500003 ], [ -65.206982421874997, 65.589648437500003 ], [ -65.282031249999989, 65.676660156249994 ], [ -65.311474609374997, 65.701513671875006 ], [ -65.33740234375, 65.709765625 ], [ -65.401611328125, 65.764013671875006 ], [ -65.378125, 65.822070312500003 ], [ -65.276953125, 65.890673828125003 ], [ -65.184863281249989, 65.93994140625 ], [ -65.0322265625, 65.988525390625 ], [ -64.853710937499997, 66.015917968750003 ], [ -64.772509765624989, 66.078564453124997 ], [ -64.672998046874994, 66.192724609375006 ], [ -64.56396484375, 66.272167968749997 ], [ -64.445361328124989, 66.317138671875 ], [ -64.50439453125, 66.325488281250003 ], [ -64.655175781249994, 66.287011718749994 ], [ -64.761132812499994, 66.230908203124997 ], [ -64.887255859374989, 66.137402343749997 ], [ -65.004492187499991, 66.077734375 ], [ -65.305371093749997, 66.008447265624994 ], [ -65.415576171874989, 65.994580078124997 ], [ -65.543701171875, 65.987207031249994 ], [ -65.825732421874989, 65.996923828125006 ], [ -65.891064453124997, 66.020214843749997 ], [ -65.857177734375, 66.08642578125 ], [ -65.656347656249991, 66.204736328124994 ], [ -65.688378906249994, 66.213085937499997 ], [ -65.758984375, 66.171191406250003 ], [ -65.85595703125, 66.142236328124994 ], [ -65.940039062499991, 66.12744140625 ], [ -66.063720703125, 66.132714843749994 ], [ -66.20859375, 66.206396484375006 ], [ -66.277392578124989, 66.229101562500006 ], [ -66.419189453125, 66.254492187500006 ], [ -66.476953125, 66.279736328124997 ], [ -66.712304687499994, 66.46044921875 ], [ -66.759765625, 66.508496093749997 ], [ -66.787402343749989, 66.5556640625 ], [ -66.862890625, 66.5953125 ], [ -66.986328125, 66.627490234375003 ], [ -67.014794921874994, 66.622216796874994 ], [ -66.970410156249997, 66.581884765625006 ], [ -66.968994140625, 66.547167968750003 ], [ -67.076855468749997, 66.525488281250006 ], [ -67.189648437499997, 66.533007812500003 ], [ -67.307324218749997, 66.569726562499994 ], [ -67.317675781249989, 66.520361328125006 ], [ -67.191748046874991, 66.432763671874994 ], [ -67.189746093749989, 66.321728515624997 ], [ -67.225390624999989, 66.310253906249997 ], [ -67.311230468749997, 66.303759765625003 ], [ -67.368847656249997, 66.317480468750006 ], [ -67.559765625, 66.400439453125003 ], [ -67.740771484374989, 66.458203125 ], [ -67.868457031249989, 66.490136718749994 ], [ -67.883398437499991, 66.467431640624994 ], [ -67.800585937499989, 66.367333984374994 ], [ -67.704492187499994, 66.268603515625003 ], [ -67.547216796874991, 66.187207031249997 ], [ -67.296728515624991, 66.090283203124997 ], [ -67.183203125, 66.034423828125 ], [ -67.27265625, 65.95556640625 ], [ -67.350439453124991, 65.929736328125003 ], [ -67.398779296874991, 65.921728515625006 ], [ -67.55078125, 65.921630859375 ], [ -67.828027343749994, 65.965185546875006 ], [ -67.958203125, 66.013818359374994 ], [ -68.147265624999989, 66.129833984374997 ], [ -68.459912109374997, 66.249267578125 ], [ -68.527783203124997, 66.248632812500006 ], [ -68.748925781249994, 66.200048828125006 ], [ -68.714208984374991, 66.192236328125006 ], [ -68.571679687499994, 66.188720703125 ], [ -68.467089843749989, 66.173193359375006 ], [ -68.2171875, 66.078857421875 ], [ -68.198339843749991, 66.038964843749994 ], [ -68.260693359374997, 65.994580078124997 ], [ -68.2568359375, 65.938623046874994 ], [ -68.18671875, 65.870996093749994 ], [ -68.115039062499989, 65.827783203124994 ], [ -67.968066406249989, 65.797265625 ], [ -67.894189453124994, 65.793261718750003 ], [ -67.866455078125, 65.773681640625 ], [ -67.954345703125, 65.623095703125003 ], [ -67.961816406249994, 65.581933593749994 ], [ -67.936767578125, 65.564892578124997 ], [ -67.906054687499989, 65.5634765625 ], [ -67.717138671874991, 65.625341796875006 ], [ -67.638085937499994, 65.640429687500003 ], [ -67.569628906249989, 65.6435546875 ], [ -67.490136718749994, 65.626220703125 ], [ -67.399707031249989, 65.58837890625 ], [ -67.346386718749997, 65.549365234375003 ], [ -67.330322265625, 65.509179687499994 ], [ -67.303417968749997, 65.48291015625 ], [ -67.117968749999989, 65.440380859374997 ], [ -67.134960937499997, 65.420507812500006 ], [ -67.326074218749994, 65.356640625 ], [ -67.336523437499991, 65.346582031249994 ], [ -67.29833984375, 65.341943359374994 ], [ -67.177587890624991, 65.303808593750006 ], [ -67.066503906249991, 65.244091796874997 ], [ -66.998583984374989, 65.172998046874994 ], [ -66.984912109374989, 65.138037109375006 ], [ -66.985644531249989, 65.104833984375006 ], [ -66.970361328124994, 65.084912109374997 ], [ -66.911523437499994, 65.081347656250003 ], [ -66.8875, 65.093994140625 ], [ -66.860644531249989, 65.091601562500003 ], [ -66.830908203124991, 65.074169921874997 ], [ -66.799609374999989, 65.019677734374994 ], [ -66.732763671874991, 64.860058593749997 ], [ -66.697412109374994, 64.815185546875 ], [ -66.677148437499994, 64.813671875 ], [ -66.666699218749997, 64.973828125 ], [ -66.635498046875, 65.000341796875006 ], [ -66.517773437499997, 64.971972656250003 ], [ -66.34521484375, 64.909619140624997 ], [ -66.223730468749991, 64.854101562500006 ], [ -66.209716796875, 64.828125 ], [ -66.301513671875, 64.777734375 ], [ -66.282128906249994, 64.755322265624997 ], [ -66.214648437499989, 64.722412109375 ], [ -66.152490234374994, 64.734912109375003 ], [ -66.107519531249991, 64.791210937499997 ], [ -66.030175781249994, 64.846582031249994 ], [ -65.938525390624989, 64.8857421875 ], [ -65.76806640625, 64.853564453125003 ], [ -65.626757812499989, 64.770751953125 ], [ -65.605273437499989, 64.742333984374994 ], [ -65.51318359375, 64.706494140624997 ], [ -65.431933593749989, 64.726416015625006 ], [ -65.274804687499994, 64.631542968749997 ], [ -65.349316406249997, 64.588525390624994 ], [ -65.512792968749991, 64.525976562500006 ], [ -65.529345703124989, 64.504785156249994 ], [ -65.489990234375, 64.509619140625006 ], [ -65.178613281249994, 64.509716796874997 ], [ -65.094531249999989, 64.484570312499997 ], [ -65.074609375, 64.436669921874994 ], [ -65.212988281249991, 64.303271484375003 ], [ -65.339892578124989, 64.315087890624994 ], [ -65.507470703124994, 64.318310546874997 ], [ -65.593652343749994, 64.311132812500006 ], [ -65.580322265625, 64.293847656249994 ], [ -65.347802734374994, 64.232324218749994 ], [ -65.281982421875, 64.181640625 ], [ -65.192773437499994, 64.129833984374997 ], [ -65.149609375, 64.087158203125 ], [ -65.150634765625, 64.067529296874994 ], [ -65.187304687499989, 64.037988281249994 ], [ -65.169873046874997, 64.028173828125006 ], [ -65.010595703124991, 64.008837890625003 ], [ -64.911816406249997, 64.026171875 ], [ -64.787792968749997, 64.032763671875003 ], [ -64.678466796875, 64.027978515624994 ], [ -64.669726562499989, 64.009570312500003 ], [ -64.686181640624994, 63.9609375 ], [ -64.798144531249989, 63.915966796874997 ], [ -64.768164062499991, 63.905419921874994 ], [ -64.63671875, 63.918359375 ], [ -64.576318359374994, 63.897363281249994 ], [ -64.498486328124997, 63.790332031250003 ], [ -64.410937499999989, 63.706347656250003 ], [ -64.482226562499989, 63.687060546875003 ], [ -64.561572265624989, 63.6796875 ], [ -64.55029296875, 63.572558593750003 ], [ -64.498632812499991, 63.462792968749994 ], [ -64.498095703124989, 63.357568359374994 ], [ -64.514355468749997, 63.263964843750003 ], [ -64.5869140625, 63.2431640625 ], [ -64.664648437499991, 63.245361328125 ], [ -64.695605468749989, 63.268847656250003 ], [ -64.886279296874989, 63.548730468749994 ], [ -64.933300781249997, 63.599267578124994 ], [ -64.989697265624997, 63.643359375 ], [ -65.191845703124997, 63.764257812499999 ], [ -65.183935546874991, 63.744824218749997 ], [ -65.133837890624989, 63.6890625 ], [ -65.089404296874989, 63.60595703125 ], [ -65.031347656249991, 63.440136718749997 ], [ -65.004785156249994, 63.333398437499994 ], [ -65.016699218749991, 63.292822265624999 ], [ -65.058056640624997, 63.282861328124994 ], [ -65.068945312499991, 63.263476562500003 ], [ -65.04931640625, 63.234619140625 ], [ -64.894824218749989, 63.125634765624994 ], [ -64.820166015624991, 63.060009765624997 ], [ -64.767382812499989, 62.991796875 ], [ -64.718115234374991, 62.94580078125 ], [ -64.67236328125, 62.921972656249999 ], [ -64.683642578124989, 62.902392578125003 ], [ -64.751855468749994, 62.887158203124997 ], [ -64.868701171874989, 62.8798828125 ], [ -64.923242187499994, 62.88916015625 ], [ -65.132958984374994, 62.95234375 ], [ -65.162792968749997, 62.9326171875 ], [ -65.046582031249997, 62.701464843750003 ], [ -65.050195312499994, 62.646142578124994 ], [ -65.108496093749991, 62.62646484375 ], [ -65.180322265624994, 62.649462890625003 ], [ -65.265820312499997, 62.715087890625 ], [ -65.396533203124989, 62.788183593749999 ], [ -65.572412109374994, 62.868896484375 ], [ -65.740380859374994, 62.931982421874999 ], [ -65.779882812499991, 62.930273437499999 ], [ -65.8056640625, 62.911572265624997 ], [ -65.833691406249997, 62.908544921874999 ], [ -65.864062499999989, 62.921142578125 ], [ -65.920263671874991, 62.968505859375 ], [ -65.978857421874991, 63.000683593749997 ], [ -66.224023437499994, 63.107177734375 ], [ -66.24921875, 63.108251953124999 ], [ -66.22607421875, 63.076318359374994 ], [ -66.201074218749994, 63.00625 ], [ -66.228662109374994, 62.990966796875 ], [ -66.292773437499989, 62.996679687499999 ], [ -66.414453125, 63.027197265624999 ], [ -66.496386718749989, 63.097265625 ], [ -66.600488281249994, 63.218896484374994 ], [ -66.654980468749997, 63.264746093749999 ], [ -66.659814453124994, 63.234912109375003 ], [ -66.630859375, 63.119042968749994 ], [ -66.636425781249997, 63.080126953125003 ], [ -66.697460937499997, 63.06953125 ], [ -66.723242187499991, 63.080175781249999 ], [ -66.74853515625, 63.111083984375 ], [ -66.773242187499989, 63.162255859374994 ], [ -66.831445312499994, 63.201123046874997 ], [ -66.923291015624997, 63.227685546874994 ], [ -66.974707031249991, 63.255566406249997 ], [ -67.000146484374994, 63.305126953124997 ], [ -67.017919921874991, 63.316503906249999 ], [ -67.179785156249991, 63.305029296874999 ], [ -67.2609375, 63.340722656249994 ], [ -67.495019531249994, 63.4814453125 ], [ -67.709228515625, 63.633935546874994 ], [ -67.84423828125, 63.714550781249997 ], [ -67.893261718749997, 63.733740234374999 ], [ -67.821435546874994, 63.635009765625 ], [ -67.742529296874991, 63.4892578125 ], [ -67.722558593749994, 63.422753906249994 ], [ -67.7587890625, 63.419726562500003 ], [ -67.837890625, 63.44921875 ], [ -68.243554687499994, 63.637060546874999 ], [ -68.49375, 63.725488281249994 ], [ -68.632861328124989, 63.741113281249994 ], [ -68.858935546874989, 63.751855468749994 ], [ -68.911083984374997, 63.703222656249999 ], [ -68.789257812499997, 63.595117187499994 ], [ -68.670556640624994, 63.513671875 ], [ -68.555126953124997, 63.458935546874997 ], [ -68.373925781249994, 63.352197265624994 ], [ -68.208056640624989, 63.214697265624999 ], [ -68.141259765624994, 63.172314453124997 ], [ -67.915332031249989, 63.113671875 ], [ -67.797460937499991, 63.098095703124997 ], [ -67.675976562499997, 63.093554687500003 ], [ -67.664892578124991, 63.07265625 ], [ -67.723779296874994, 63.03369140625 ], [ -67.736962890624994, 63.009570312500003 ], [ -67.468212890624997, 62.9482421875 ], [ -67.366650390624997, 62.914160156249999 ], [ -67.268505859374997, 62.857568359374994 ], [ -67.212695312499989, 62.843505859375 ], [ -66.979541015624989, 62.700830078124994 ], [ -66.921533203124994, 62.678076171874999 ], [ -66.714013671874994, 62.631787109374997 ], [ -66.644873046874991, 62.60205078125 ], [ -66.530517578125, 62.509960937499997 ], [ -66.458740234375, 62.463134765625 ], [ -66.357275390624991, 62.351904296874999 ], [ -66.28125, 62.302685546874997 ], [ -66.095019531249989, 62.246386718750003 ], [ -66.015625, 62.230273437500003 ], [ -65.980175781249997, 62.208886718749994 ], [ -66.004345703124997, 62.158300781249999 ], [ -66.026953125, 62.13720703125 ], [ -66.133154296874991, 62.102392578124999 ], [ -66.11640625, 62.05390625 ], [ -66.056445312499989, 61.967480468749997 ], [ -66.058886718749989, 61.913867187500003 ], [ -66.123876953124991, 61.89306640625 ], [ -66.256689453124991, 61.868261718749999 ], [ -66.32373046875, 61.870263671874994 ], [ -66.424511718749997, 61.890722656249999 ], [ -66.551318359374989, 61.925585937500003 ], [ -66.803125, 62.012597656249994 ], [ -67.181054687499994, 62.072851562499999 ], [ -67.322021484375, 62.105029296875003 ], [ -67.368994140624991, 62.134082031250003 ], [ -67.440136718749997, 62.151269531249994 ], [ -68.378613281249997, 62.23515625 ], [ -68.535888671875, 62.255615234375 ], [ -68.633642578124991, 62.281298828125003 ], [ -68.724365234375, 62.318994140624994 ], [ -69.082324218749989, 62.405175781249994 ], [ -69.125585937499991, 62.423974609374994 ], [ -69.366015624999989, 62.571875 ], [ -69.545166015625, 62.744580078124997 ], [ -69.604736328125, 62.767724609374994 ], [ -69.799511718749997, 62.790478515624997 ], [ -69.962109375, 62.776171875 ], [ -70.070947265624994, 62.757226562499994 ], [ -70.236132812499989, 62.763378906249997 ], [ -70.344042968749989, 62.79150390625 ], [ -70.571337890624989, 62.869189453125003 ], [ -70.801416015624994, 62.910498046874999 ], [ -71.002148437499997, 62.978271484375 ], [ -71.105761718749989, 63.002246093750003 ], [ -71.09619140625, 63.019677734374994 ], [ -70.946044921875, 63.120703125 ], [ -70.99267578125, 63.119287109374994 ], [ -71.253710937499989, 63.042529296875003 ], [ -71.347265625, 63.066113281249997 ], [ -71.501269531249989, 63.126416015624997 ], [ -71.617138671874997, 63.187207031249997 ], [ -71.85546875, 63.355273437500003 ], [ -71.992236328124989, 63.416162109374994 ], [ -71.973046875, 63.429882812499997 ], [ -71.819189453124991, 63.435449218749994 ], [ -71.696533203125, 63.430224609375003 ], [ -71.6142578125, 63.444091796875 ], [ -71.455859374999989, 63.512255859375003 ], [ -71.387402343749997, 63.555029296874999 ], [ -71.380859375, 63.580322265625 ], [ -71.513476562499989, 63.586572265624994 ], [ -71.541894531249994, 63.598828125 ], [ -71.565625, 63.626757812500003 ], [ -71.626757812499989, 63.66259765625 ], [ -71.725292968749997, 63.706152343749999 ], [ -71.837548828124994, 63.724951171874999 ], [ -72.222949218749989, 63.708886718749994 ], [ -72.290136718749991, 63.727978515624997 ], [ -72.288769531249997, 63.756982421874994 ], [ -72.213476562499991, 63.838720703124999 ], [ -72.172460937499991, 63.871679687499999 ], [ -72.159375, 63.889892578125 ], [ -72.174267578124997, 63.893408203124999 ], [ -72.226464843749994, 63.891357421875 ], [ -72.45, 63.818115234375 ], [ -72.4984375, 63.823486328125 ], [ -72.586132812499997, 63.90078125 ], [ -72.639306640624994, 63.9890625 ], [ -72.678076171874991, 64.02001953125 ], [ -72.729589843749991, 64.03046875 ], [ -72.913183593749991, 64.1171875 ], [ -73.17431640625, 64.281884765624994 ], [ -73.270312499999989, 64.33349609375 ], [ -73.377099609374994, 64.379589843749997 ], [ -73.454541015624997, 64.399267578125006 ], [ -73.443652343749989, 64.423486328124994 ], [ -73.278173828124991, 64.560253906249997 ], [ -73.271289062499989, 64.58251953125 ], [ -73.4130859375, 64.574169921874997 ], [ -73.626953125, 64.6025390625 ], [ -73.728417968749994, 64.568261718749994 ], [ -73.792773437499989, 64.566210937500003 ], [ -73.867871093749997, 64.585351562499994 ], [ -73.910351562499997, 64.578125 ], [ -73.950390625, 64.4658203125 ], [ -73.981103515624994, 64.437744140625 ], [ -74.025585937499997, 64.42265625 ], [ -74.064794921874991, 64.424658203125006 ], [ -74.098730468749991, 64.443701171875006 ], [ -74.097900390625, 64.469921875 ], [ -74.13046875, 64.6078125 ], [ -74.205078125, 64.628125 ], [ -74.415869140624991, 64.633496093749997 ], [ -74.461230468749989, 64.644677734374994 ], [ -74.512451171875, 64.670166015625 ], [ -74.55625, 64.717333984375003 ], [ -74.592578124999989, 64.786181640625003 ], [ -74.63427734375, 64.823925781249997 ], [ -74.681396484375, 64.830664062500006 ], [ -74.719189453124997, 64.825146484374997 ], [ -74.747753906249997, 64.807324218749997 ], [ -74.813427734374997, 64.796240234375006 ], [ -74.916259765625, 64.7919921875 ], [ -74.91943359375, 64.765527343749994 ], [ -74.823046874999989, 64.716894531250006 ], [ -74.729833984374991, 64.647363281249994 ], [ -74.640039062499994, 64.557080078124997 ], [ -74.694726562499994, 64.49658203125 ], [ -74.893945312499994, 64.465722656249994 ], [ -75.0673828125, 64.456689453124994 ], [ -75.215039062499997, 64.469384765624994 ], [ -75.328417968749989, 64.490429687499997 ], [ -75.48779296875, 64.540771484375 ], [ -75.715039062499997, 64.524365234374997 ], [ -75.766699218749991, 64.391943359375006 ], [ -75.815234374999989, 64.384667968749994 ], [ -76.031835937499991, 64.388085937499994 ], [ -76.118066406249994, 64.376318359375006 ], [ -76.406835937499991, 64.303173828124997 ], [ -76.494726562499991, 64.29296875 ], [ -76.5615234375, 64.301611328125006 ], [ -76.626513671874989, 64.283935546875 ], [ -76.723828125, 64.242041015625006 ], [ -76.856152343749997, 64.237646484375006 ], [ -77.023535156249991, 64.270849609375006 ], [ -77.165673828124994, 64.285058593749994 ], [ -77.282519531249989, 64.280371093750006 ], [ -77.402880859374989, 64.299902343750006 ], [ -77.526757812499994, 64.34375 ], [ -77.627783203124991, 64.363476562499997 ], [ -77.760498046875, 64.36015625 ], [ -77.791162109374994, 64.367089843749994 ], [ -77.98486328125, 64.461083984374994 ], [ -78.045214843749989, 64.499267578125 ], [ -78.174560546875, 64.617724609375003 ], [ -78.197558593749989, 64.664648437500006 ], [ -78.200878906249997, 64.714746093749994 ], [ -78.189697265625, 64.751806640625006 ], [ -78.144628906249991, 64.807714843750006 ], [ -78.095605468749994, 64.939257812500003 ], [ -78.055273437499991, 64.98291015625 ], [ -77.994580078124997, 65.022607421874994 ], [ -77.876171875, 65.072949218749997 ], [ -77.447460937499997, 65.161572265624997 ], [ -77.360888671874989, 65.196533203125 ], [ -77.363867187499991, 65.219775390625003 ], [ -77.461474609374989, 65.328173828125003 ], [ -77.460400390624997, 65.355908203124997 ], [ -77.427685546874997, 65.372119140625003 ], [ -77.358007812499991, 65.435449218749994 ], [ -77.326708984374989, 65.453125 ], [ -77.251171875, 65.462890625 ], [ -77.094140625, 65.430859375 ], [ -76.95859375, 65.418017578125003 ], [ -76.77890625, 65.413867187500003 ], [ -76.481689453125, 65.369726562500006 ], [ -76.066992187499991, 65.285449218750003 ], [ -75.828320312499997, 65.22705078125 ], [ -75.648144531249997, 65.140820312499997 ], [ -75.519921875, 65.056005859375006 ], [ -75.5015625, 65.013085937499994 ], [ -75.5609375, 64.947021484375 ], [ -75.590869140624989, 64.927685546874997 ], [ -75.589111328125, 64.905029296875 ], [ -75.555761718749991, 64.879199218750003 ], [ -75.452099609374997, 64.841601562500003 ], [ -75.427148437499994, 64.855859375 ], [ -75.43515625, 64.90078125 ], [ -75.413671875, 64.938525390625003 ], [ -75.36279296875, 64.969042968750003 ], [ -75.357128906249997, 65.008740234374997 ], [ -75.396679687499997, 65.057568359374997 ], [ -75.44580078125, 65.099707031250006 ], [ -75.504687499999989, 65.13515625 ], [ -75.77294921875, 65.25703125 ], [ -75.798681640624991, 65.297509765624994 ], [ -75.70859375, 65.315722656250003 ], [ -75.316650390625, 65.274804687499994 ], [ -75.166308593749989, 65.283935546875 ], [ -75.109277343749994, 65.331445312499994 ], [ -75.047753906249994, 65.363964843749997 ], [ -74.981738281249989, 65.381445312500006 ], [ -74.849853515625, 65.3890625 ], [ -74.665478515624997, 65.366943359375 ], [ -74.574902343749997, 65.363671875 ], [ -74.494775390624994, 65.371679687500006 ], [ -74.390722656249991, 65.397558593750006 ], [ -74.236865234374989, 65.48388671875 ], [ -74.138476562499989, 65.503466796875003 ], [ -73.989599609374991, 65.516992187499994 ], [ -73.8779296875, 65.518847656250003 ], [ -73.675390625, 65.484326171874997 ], [ -73.55078125, 65.485253906249994 ], [ -73.560742187499997, 65.542919921874997 ], [ -73.643408203124991, 65.653222656249994 ], [ -73.74609375, 65.766699218750006 ], [ -73.826074218749994, 65.80517578125 ], [ -74.033105468749994, 65.877050781250006 ], [ -74.276171874999989, 66.012744140625003 ], [ -74.401074218749997, 66.096972656250003 ], [ -74.433935546874991, 66.139013671875006 ], [ -74.41640625, 66.167089843750006 ], [ -74.374902343749994, 66.208154296874994 ], [ -73.933691406249991, 66.358056640624994 ], [ -73.584228515625, 66.506933593750006 ], [ -73.430957031249989, 66.583154296874994 ], [ -73.357373046874997, 66.636279296875003 ], [ -73.280810546874989, 66.674951171874994 ], [ -73.201123046874997, 66.699169921874997 ], [ -73.033251953124989, 66.728173828124994 ], [ -72.9853515625, 66.765380859375 ], [ -72.974853515625, 66.828515625 ], [ -72.94677734375, 66.883251953124997 ], [ -72.788818359375, 67.030615234375006 ], [ -72.667724609375, 67.070458984374994 ], [ -72.485156249999989, 67.098095703124997 ], [ -72.364941406249997, 67.133398437500006 ], [ -72.220019531249989, 67.254296875 ], [ -72.234130859375, 67.284423828125 ], [ -72.301074218749989, 67.307275390624994 ], [ -72.352880859374991, 67.341894531250006 ], [ -72.576464843749989, 67.658642578124997 ], [ -72.725292968749997, 67.811621093750006 ], [ -72.903955078124994, 67.944775390624997 ], [ -73.063427734374997, 68.106982421875003 ], [ -73.328222656249991, 68.266748046874994 ], [ -73.331445312499994, 68.308984375 ], [ -73.284472656249989, 68.356982421875003 ], [ -73.306884765625, 68.367822265624994 ], [ -73.580175781249991, 68.297753906249994 ], [ -73.644482421874997, 68.29453125 ], [ -73.749462890624997, 68.325 ], [ -73.820507812499997, 68.362939453124994 ], [ -73.879345703124997, 68.429394531249997 ], [ -73.873339843749989, 68.464160156250003 ], [ -73.834423828124997, 68.4970703125 ], [ -73.782519531249989, 68.578027343749994 ], [ -73.780615234374991, 68.619287109374994 ], [ -73.7984375, 68.658642578124997 ], [ -73.822119140624991, 68.685986328124997 ], [ -73.8515625, 68.701367187499997 ], [ -73.93515625, 68.710986328125003 ], [ -74.072998046875, 68.714941406250006 ], [ -74.117968749999989, 68.700927734375 ], [ -73.966064453125, 68.578759765624994 ], [ -73.9892578125, 68.548632812500003 ], [ -74.1828125, 68.535449218750003 ], [ -74.270117187499991, 68.541210937499997 ], [ -74.35, 68.556054687499994 ], [ -74.422412109374989, 68.579931640625006 ], [ -74.64794921875, 68.70751953125 ], [ -74.69580078125, 68.755566406249997 ], [ -74.680517578124991, 68.790283203125 ], [ -74.699951171875, 68.808349609375 ], [ -74.745996093749994, 68.796728515625006 ], [ -74.808349609375, 68.7958984375 ], [ -74.89296875, 68.808154296875003 ], [ -74.910400390625, 68.823144531249994 ], [ -74.752392578124997, 68.89208984375 ], [ -74.743261718749991, 68.913378906250003 ], [ -74.816113281249997, 68.936132812500006 ], [ -74.925097656249989, 68.940722656250003 ], [ -74.954003906249994, 68.961083984374994 ], [ -74.917285156249989, 68.982861328124997 ], [ -74.769335937499989, 69.020654296874994 ], [ -74.716699218749994, 69.045507812500006 ], [ -74.805468749999989, 69.064257812500003 ], [ -74.854882812499994, 69.065820312499994 ], [ -74.954443359374991, 69.024609375 ], [ -75.104248046875, 68.940576171874994 ], [ -75.21328125, 68.909375 ], [ -75.362744140624997, 68.948291015625003 ], [ -75.456982421874997, 68.961279296875006 ], [ -75.52265625, 68.952734375 ], [ -75.623046875, 68.887744140625003 ], [ -75.842236328124997, 68.840185546875006 ], [ -76.234716796874991, 68.72802734375 ], [ -76.403417968749991, 68.692333984374997 ], [ -76.585058593749991, 68.69873046875 ], [ -76.619433593749989, 68.721386718749997 ], [ -76.616259765624989, 68.759863281250006 ], [ -76.603662109374994, 68.791552734375003 ], [ -76.581738281249997, 68.816308593749994 ], [ -76.574560546874991, 68.8466796875 ], [ -76.587695312499989, 68.974462890625006 ], [ -76.557226562499991, 69.009472656249997 ], [ -76.495166015624989, 69.030419921874994 ], [ -76.380908203124989, 69.052441406249997 ], [ -76.089208984374991, 69.026171875 ], [ -75.953710937499991, 69.030810546875003 ], [ -75.85859375, 69.060302734375 ], [ -75.763378906249997, 69.102929687499994 ], [ -75.66796875, 69.158837890624994 ], [ -75.647753906249989, 69.212548828124994 ], [ -75.749072265624989, 69.299560546875 ], [ -75.787158203124989, 69.318652343750003 ], [ -76.046484375, 69.386376953124994 ], [ -76.189794921874991, 69.410986328125006 ], [ -76.316210937499989, 69.421630859375 ], [ -76.407958984375, 69.441113281249997 ], [ -76.464941406249991, 69.469433593749997 ], [ -76.520361328124991, 69.5166015625 ], [ -76.524951171874989, 69.548681640625006 ], [ -76.51611328125, 69.590917968750006 ], [ -76.46328125, 69.619970703125006 ], [ -76.231103515624994, 69.653466796874994 ], [ -76.234082031249997, 69.662109375 ], [ -76.423828125, 69.686816406250003 ], [ -76.51328125, 69.683935546875006 ], [ -76.590039062499997, 69.65625 ], [ -76.6865234375, 69.591259765624997 ], [ -76.742333984374994, 69.572900390624994 ], [ -76.915576171874989, 69.611181640625006 ], [ -77.019628906249991, 69.616845703124994 ], [ -77.089941406249991, 69.635107421875006 ], [ -77.128808593749994, 69.652734375 ], [ -77.105078125, 69.670751953125006 ], [ -77.018701171874994, 69.6890625 ], [ -76.868603515624997, 69.745166015625003 ], [ -76.85859375, 69.775390625 ], [ -76.962255859374991, 69.824853515624994 ], [ -77.015966796874991, 69.836132812499997 ], [ -77.232470703124989, 69.854589843750006 ], [ -77.494287109374994, 69.836230468750003 ], [ -77.591650390624991, 69.845605468749994 ], [ -77.635302734374989, 69.900439453125003 ], [ -77.662988281249994, 69.965722656249994 ], [ -77.674755859374997, 70.04150390625 ], [ -77.721923828125, 70.170800781249994 ], [ -77.774023437499991, 70.238525390625 ], [ -77.842529296875, 70.2470703125 ], [ -78.156787109374989, 70.219140625 ], [ -78.2314453125, 70.218798828125003 ], [ -78.2828125, 70.229150390624994 ], [ -78.49072265625, 70.315576171874994 ], [ -78.574804687499991, 70.34619140625 ], [ -78.621435546874991, 70.353417968749994 ], [ -78.77265625, 70.4453125 ], [ -78.830859374999989, 70.463183593750003 ], [ -78.89990234375, 70.508544921875 ], [ -78.979785156249989, 70.581347656250003 ], [ -79.06640625, 70.603564453125003 ], [ -79.159765625, 70.575244140625003 ], [ -79.253173828125, 70.534716796875003 ], [ -79.346630859374997, 70.481884765624997 ], [ -79.397314453124991, 70.437255859375 ], [ -79.405224609374997, 70.400732421875006 ], [ -79.347412109375, 70.372314453125 ], [ -79.017529296874997, 70.3251953125 ], [ -78.933837890625, 70.293701171875 ], [ -78.862841796874989, 70.241894531249997 ], [ -78.809814453125, 70.178564453125006 ], [ -78.774853515624997, 70.103613281250006 ], [ -78.77783203125, 70.04765625 ], [ -78.818798828124997, 70.010449218749997 ], [ -78.8896484375, 69.977490234374997 ], [ -79.092871093749991, 69.925341796875003 ], [ -79.303320312499991, 69.894824218750003 ], [ -79.515429687499989, 69.887597656249994 ], [ -79.615917968749997, 69.894726562499997 ], [ -80.162109375, 69.995996093749994 ], [ -80.260400390624994, 69.996777343749997 ], [ -80.386816406249991, 70.010449218749997 ], [ -80.6703125, 70.052099609375006 ], [ -80.82578125, 70.056640625 ], [ -81.098291015624994, 70.091162109375006 ], [ -81.5595703125, 70.111230468749994 ], [ -81.651953125, 70.094628906249994 ], [ -81.529248046874997, 70.048046875 ], [ -81.421728515624991, 70.024609375 ], [ -81.329492187499994, 70.024365234374997 ], [ -81.196826171874989, 69.9828125 ], [ -81.023730468749989, 69.9 ], [ -80.9248046875, 69.8505859375 ], [ -80.842871093749991, 69.791650390624994 ], [ -80.840283203124997, 69.771386718749994 ], [ -80.921728515624991, 69.730908203124997 ], [ -81.564697265625, 69.942724609375006 ], [ -81.957714843749997, 69.86875 ], [ -82.138720703124989, 69.841210937499994 ], [ -82.293847656249994, 69.8369140625 ], [ -82.487744140624997, 69.865966796875 ], [ -82.925390625, 69.968164062499994 ], [ -83.091162109374991, 70.00390625 ], [ -83.149951171874989, 70.009082031250003 ], [ -83.53076171875, 69.964794921874997 ], [ -83.859082031249997, 69.962744140625006 ], [ -84.521875, 70.005224609375006 ], [ -84.76513671875, 70.033642578124997 ], [ -84.829199218749991, 70.063330078125006 ], [ -84.909082031249994, 70.078222656250006 ], [ -85.052636718749994, 70.078222656250006 ], [ -85.432373046875, 70.111376953125003 ], [ -85.780029296875, 70.036669921875003 ], [ -86.198193359374997, 70.105126953124994 ], [ -86.322021484375, 70.145410156249994 ], [ -86.361425781249991, 70.173046875 ], [ -86.483105468749997, 70.28857421875 ], [ -86.499804687499989, 70.350390625 ], [ -86.465380859374989, 70.40625 ], [ -86.431005859374991, 70.44453125 ], [ -86.396875, 70.46533203125 ], [ -86.624316406249989, 70.401269531249994 ], [ -86.704150390624989, 70.390722656250006 ], [ -86.809277343749997, 70.38828125 ], [ -87.122460937499994, 70.411962890625006 ], [ -87.171972656249991, 70.399853515624997 ], [ -87.155810546874989, 70.37744140625 ], [ -87.074023437499989, 70.344824218750006 ], [ -87.063281249999989, 70.325097656249994 ], [ -87.237890625, 70.309716796874994 ], [ -87.50244140625, 70.32568359375 ], [ -87.617773437499991, 70.31875 ], [ -87.670214843749989, 70.309814453125 ], [ -87.789453125, 70.258251953124997 ], [ -87.838134765625, 70.24658203125 ], [ -87.900683593749989, 70.251904296874997 ], [ -88.178320312499991, 70.368603515624997 ], [ -88.402099609375, 70.442480468750006 ], [ -88.662988281249994, 70.470849609374994 ], [ -88.78271484375, 70.494482421875006 ], [ -88.848437499999989, 70.522900390624997 ], [ -89.208300781249989, 70.759716796874997 ], [ -89.257519531249997, 70.810693359374994 ], [ -89.371533203124997, 70.996142578125003 ], [ -89.409765625, 71.035693359375003 ], [ -89.455908203124991, 71.06171875 ], [ -89.365527343749989, 71.0671875 ], [ -89.025146484375, 71.044628906249997 ], [ -88.695654296874991, 71.045605468749997 ], [ -88.516650390624989, 71.030566406250003 ], [ -88.30908203125, 70.984326171874997 ], [ -88.03857421875, 70.951318359374994 ], [ -87.844921875, 70.944384765625003 ], [ -87.534423828125, 70.956591796875003 ], [ -87.181591796874997, 70.987548828125 ], [ -87.140087890624997, 71.011621093749994 ], [ -87.368603515624997, 71.052832031250006 ], [ -87.572314453124989, 71.107568359374994 ], [ -87.76025390625, 71.178515625 ], [ -87.872460937499994, 71.208544921875003 ], [ -88.060644531249991, 71.227246093749997 ], [ -88.589501953124994, 71.240283203125003 ], [ -89.079345703125, 71.287939453125006 ], [ -89.417675781249997, 71.352197265624994 ], [ -89.693310546874997, 71.423486328124994 ], [ -89.805371093749997, 71.462304687499994 ], [ -89.845751953124989, 71.492285156250006 ], [ -89.888525390624991, 71.585742187500003 ], [ -89.933691406249991, 71.742724609375003 ], [ -89.977343749999989, 71.848046875 ], [ -90.01953125, 71.901806640624997 ], [ -90.025195312499989, 71.948779296875003 ], [ -89.931494140624991, 72.049023437499997 ], [ -89.663818359375, 72.157958984375 ], [ -89.657275390624989, 72.175048828125 ], [ -89.710546875, 72.180126953124997 ], [ -89.822900390624994, 72.2078125 ], [ -89.858691406249989, 72.248339843750003 ], [ -89.873095703124989, 72.312646484374994 ], [ -89.8740234375, 72.3671875 ], [ -89.861523437499997, 72.411914062500003 ], [ -89.816845703124997, 72.467724609374997 ], [ -89.701513671874991, 72.568066406249997 ], [ -89.536425781249989, 72.68984375 ], [ -89.357714843749989, 72.804150390624997 ], [ -89.327099609374997, 72.841552734375 ], [ -89.311376953124991, 72.94296875 ], [ -89.287695312499991, 73.016943359375006 ], [ -89.263232421874989, 73.068994140624994 ], [ -89.225341796875, 73.108056640624994 ], [ -89.11474609375, 73.182177734375003 ], [ -88.976806640625, 73.252490234375003 ], [ -88.7609375, 73.312402343749994 ], [ -88.742529296874991, 73.334570312500006 ], [ -88.739599609374991, 73.365283203125003 ], [ -88.727148437499991, 73.38818359375 ], [ -88.705175781249991, 73.403271484374997 ], [ -88.170019531249991, 73.5953125 ], [ -87.926416015624994, 73.67333984375 ], [ -87.719775390624989, 73.722900390625 ], [ -87.472363281249997, 73.759423828124994 ], [ -86.76875, 73.833984375 ], [ -86.406396484374994, 73.854785156250003 ], [ -85.95078125, 73.850146484375003 ], [ -85.110498046874994, 73.808154296875003 ], [ -85.009326171874989, 73.778613281250003 ], [ -84.98359375, 73.763720703125003 ], [ -84.94677734375, 73.721630859374997 ], [ -84.974511718749994, 73.694775390624997 ], [ -85.204296875, 73.603564453125003 ], [ -85.493603515624997, 73.527685546875006 ], [ -85.681884765625, 73.461474609375003 ], [ -86.000537109374989, 73.312548828125003 ], [ -86.086474609374989, 73.26025390625 ], [ -86.481396484374997, 72.960253906250003 ], [ -86.574658203124997, 72.910546875 ], [ -86.629345703124997, 72.870800781249997 ], [ -86.667773437499989, 72.762548828125006 ], [ -86.656298828124989, 72.724023437499994 ], [ -86.594628906249994, 72.6611328125 ], [ -86.380322265624997, 72.524658203125 ], [ -86.322558593749989, 72.460839843749994 ], [ -86.324023437499989, 72.402148437500003 ], [ -86.348046875, 72.262255859375003 ], [ -86.350976562499994, 72.191308593749994 ], [ -86.341357421874989, 72.123193359374994 ], [ -86.297167968749989, 72.02578125 ], [ -86.218457031249997, 71.899121093749997 ], [ -86.0361328125, 71.770947265624997 ], [ -85.750097656249991, 71.641357421875 ], [ -85.537158203124989, 71.555419921875 ], [ -85.327197265624989, 71.492138671874997 ], [ -85.078710937499991, 71.398486328125003 ], [ -85.023388671874997, 71.353222656249997 ], [ -85.137597656249994, 71.303417968749997 ], [ -85.405371093749991, 71.226757812499997 ], [ -85.757275390624997, 71.193945312500006 ], [ -85.945410156249991, 71.162646484375003 ], [ -86.179443359375, 71.095898437499997 ], [ -86.473242187499991, 71.042626953124994 ], [ -86.58935546875, 71.010791015625003 ] ] ], [ [ [ -61.801123046874991, 49.093896484374994 ], [ -62.219531249999989, 49.0791015625 ], [ -62.552636718749994, 49.140869140625 ], [ -62.799609374999989, 49.170703125 ], [ -63.04150390625, 49.224951171874999 ], [ -63.565869140624997, 49.399316406249994 ], [ -63.625878906249994, 49.459912109374997 ], [ -63.676220703124997, 49.534326171874994 ], [ -63.776611328125, 49.602001953124997 ], [ -63.884912109374994, 49.65771484375 ], [ -64.440039062499991, 49.827734375 ], [ -64.485205078124991, 49.886962890625 ], [ -64.372949218749994, 49.925927734374994 ], [ -64.24375, 49.944384765624996 ], [ -64.131445312499991, 49.941650390625 ], [ -63.76015625, 49.875244140625 ], [ -63.2919921875, 49.816845703124997 ], [ -63.088818359374997, 49.772705078125 ], [ -62.858544921874994, 49.70546875 ], [ -62.633447265624994, 49.623925781249994 ], [ -62.133007812499997, 49.407080078124999 ], [ -62.043066406249991, 49.389794921874994 ], [ -61.817138671875, 49.283544921874999 ], [ -61.73583984375, 49.203759765624994 ], [ -61.696142578124991, 49.139013671874999 ], [ -61.745507812499994, 49.105761718749996 ], [ -61.801123046874991, 49.093896484374994 ] ] ], [ [ [ -63.811279296875, 46.468701171874997 ], [ -63.784228515624989, 46.454638671874996 ], [ -63.737011718749997, 46.480517578124996 ], [ -63.681445312499989, 46.561914062499994 ], [ -63.534375, 46.540625 ], [ -63.456494140624997, 46.50390625 ], [ -63.413134765624989, 46.512011718749996 ], [ -63.36865234375, 46.508251953124997 ], [ -63.286083984374997, 46.460205078125 ], [ -63.12939453125, 46.422216796874999 ], [ -62.964013671874994, 46.427734375 ], [ -62.712011718749991, 46.450292968749999 ], [ -62.681933593749989, 46.459423828124997 ], [ -62.423095703125, 46.478271484375 ], [ -62.16357421875, 46.487207031249994 ], [ -62.074267578124989, 46.465722656249994 ], [ -62.040869140624991, 46.445703125 ], [ -62.023730468749989, 46.421582031249997 ], [ -62.171777343749994, 46.355371093749994 ], [ -62.319970703124994, 46.2783203125 ], [ -62.526074218749997, 46.202880859375 ], [ -62.552001953125, 46.165917968749994 ], [ -62.539208984374994, 46.097949218749996 ], [ -62.543261718749989, 46.028662109374999 ], [ -62.502587890624994, 46.02294921875 ], [ -62.478076171874989, 45.999707031249997 ], [ -62.531347656249991, 45.977294921875 ], [ -62.7431640625, 45.966894531249999 ], [ -62.804882812499997, 45.973193359374996 ], [ -62.878369140624997, 46.001367187499994 ], [ -62.903515625, 46.068261718749994 ], [ -62.99462890625, 46.058447265624999 ], [ -63.022070312499991, 46.066601562499997 ], [ -62.89453125, 46.123583984374996 ], [ -62.95263671875, 46.195166015624999 ], [ -63.015039062499994, 46.18994140625 ], [ -63.056347656249997, 46.223925781249996 ], [ -63.052929687499997, 46.269824218749996 ], [ -62.9951171875, 46.292138671874994 ], [ -62.978466796874997, 46.316357421874997 ], [ -63.056884765625, 46.295361328124997 ], [ -63.116992187499989, 46.252832031249994 ], [ -63.194726562499994, 46.23671875 ], [ -63.270800781249989, 46.2 ], [ -63.152783203124997, 46.188330078124999 ], [ -63.213476562499991, 46.159863281249997 ], [ -63.276611328125, 46.153271484374997 ], [ -63.568896484374989, 46.209228515625 ], [ -63.641015625, 46.23046875 ], [ -63.731787109374991, 46.2890625 ], [ -63.800537109375, 46.367333984374994 ], [ -63.763232421874989, 46.370361328125 ], [ -63.750537109374989, 46.384375 ], [ -63.758642578124991, 46.397607421874994 ], [ -63.860546875, 46.408154296874997 ], [ -64.019726562499997, 46.404833984374996 ], [ -64.11083984375, 46.425439453124994 ], [ -64.106542968749991, 46.562109375 ], [ -64.136035156249989, 46.599707031249999 ], [ -64.235644531249989, 46.631445312499999 ], [ -64.388037109374991, 46.640869140625 ], [ -64.403125, 46.691601562499997 ], [ -64.354589843749991, 46.769238281249997 ], [ -64.279980468749997, 46.835742187499996 ], [ -64.223242187499991, 46.901269531249994 ], [ -64.156933593749997, 46.954882812499996 ], [ -63.993554687499994, 47.061572265624996 ], [ -63.997265625, 46.981738281249996 ], [ -63.981494140624989, 46.912988281249994 ], [ -64.087890625, 46.775439453124996 ], [ -63.903027343749997, 46.639111328124997 ], [ -63.879296875, 46.608984375 ], [ -63.863720703124997, 46.572363281249999 ], [ -63.875634765624994, 46.538671875 ], [ -63.905566406249989, 46.5087890625 ], [ -63.83359375, 46.493896484375 ], [ -63.811279296875, 46.468701171874997 ] ] ], [ [ [ -82.00048828125, 62.954199218749999 ], [ -81.960546875, 62.926220703124997 ], [ -81.948583984374991, 62.884033203125 ], [ -81.964404296874989, 62.82763671875 ], [ -81.990185546874997, 62.776318359374997 ], [ -82.025830078124997, 62.730078125 ], [ -82.113720703124997, 62.652246093749994 ], [ -82.388037109374991, 62.519140625 ], [ -82.490966796875, 62.446582031250003 ], [ -82.568261718749994, 62.403222656249994 ], [ -83.015820312499997, 62.209912109374997 ], [ -83.071386718749991, 62.200390625 ], [ -83.129687499999989, 62.2041015625 ], [ -83.252392578124997, 62.232958984375003 ], [ -83.376806640624991, 62.238134765624999 ], [ -83.698876953124994, 62.160253906249999 ], [ -83.714404296874989, 62.173583984375 ], [ -83.728613281249991, 62.257177734374999 ], [ -83.7609375, 62.303515625 ], [ -83.903125, 62.402490234374994 ], [ -83.912402343749989, 62.425537109375 ], [ -83.910498046874991, 62.454150390625003 ], [ -83.899267578124991, 62.476464843749994 ], [ -83.739062499999989, 62.56884765625 ], [ -83.376416015624997, 62.904931640624994 ], [ -83.289453125, 62.921582031249997 ], [ -83.1109375, 62.884130859374999 ], [ -83.026269531249994, 62.8720703125 ], [ -82.965771484374997, 62.873925781249994 ], [ -82.706445312499994, 62.94453125 ], [ -82.459716796875, 62.936181640624994 ], [ -82.234765625, 62.977441406249994 ], [ -82.129248046874991, 62.977685546874994 ], [ -82.047607421875, 62.970556640624999 ], [ -82.00048828125, 62.954199218749999 ] ] ], [ [ [ -79.5453125, 62.41171875 ], [ -79.466210937499994, 62.384521484375 ], [ -79.336035156249991, 62.293701171875 ], [ -79.286474609374991, 62.24765625 ], [ -79.272021484374989, 62.185986328124997 ], [ -79.306445312499989, 62.103515625 ], [ -79.323925781249997, 62.026074218749997 ], [ -79.372265625, 61.9677734375 ], [ -79.462158203125, 61.894091796875003 ], [ -79.541845703124991, 61.808007812499994 ], [ -79.611328125, 61.709619140624994 ], [ -79.66875, 61.644433593749994 ], [ -79.714257812499994, 61.612548828125 ], [ -79.763330078124994, 61.595947265625 ], [ -79.816113281249997, 61.594628906249994 ], [ -79.896337890624991, 61.630126953125 ], [ -80.004150390625, 61.702539062499994 ], [ -80.091992187499997, 61.746826171875 ], [ -80.204931640624991, 61.777246093749994 ], [ -80.265185546874989, 61.818212890624999 ], [ -80.276171874999989, 61.85859375 ], [ -80.279833984374989, 61.989501953125 ], [ -80.275097656249997, 62.054638671874997 ], [ -80.260058593749989, 62.109033203124994 ], [ -80.234667968749989, 62.152685546874999 ], [ -80.178564453124991, 62.212792968749994 ], [ -80.021582031249991, 62.34296875 ], [ -79.9267578125, 62.392871093750003 ], [ -79.868066406249994, 62.404345703125003 ], [ -79.712548828124994, 62.39501953125 ], [ -79.649560546874994, 62.398291015624999 ], [ -79.59765625, 62.413232421874994 ], [ -79.5453125, 62.41171875 ] ] ], [ [ [ -75.675878906249991, 68.322509765625 ], [ -75.15380859375, 68.234033203124994 ], [ -75.103125, 68.201904296875 ], [ -75.078125, 68.173144531250003 ], [ -75.0634765625, 68.141210937500006 ], [ -75.062353515624991, 68.075390625 ], [ -75.072851562499991, 68.049023437499997 ], [ -75.123876953124991, 67.985253906249994 ], [ -75.12734375, 67.965234375 ], [ -75.086376953124997, 67.751416015624997 ], [ -75.090527343749997, 67.634765625 ], [ -75.127294921874991, 67.537304687499997 ], [ -75.201953124999989, 67.459179687499997 ], [ -75.314501953124989, 67.400439453125003 ], [ -75.400097656249997, 67.36669921875 ], [ -75.780078124999989, 67.283544921875006 ], [ -76.048974609374994, 67.262011718750003 ], [ -76.332763671875, 67.258105468750003 ], [ -76.693945312499991, 67.23583984375 ], [ -76.858837890624997, 67.240478515625 ], [ -76.944189453124991, 67.250292968750003 ], [ -77.0048828125, 67.266943359375006 ], [ -77.075927734375, 67.319628906250003 ], [ -77.157080078124991, 67.408349609374994 ], [ -77.22421875, 67.508203125 ], [ -77.304394531249997, 67.685107421875003 ], [ -77.305908203125, 67.706103515625003 ], [ -77.228564453124989, 67.85009765625 ], [ -77.125878906249994, 67.947070312500003 ], [ -76.944726562499994, 68.090966796874994 ], [ -76.740234375, 68.23125 ], [ -76.688232421875, 68.25439453125 ], [ -76.595800781249991, 68.278955078124994 ], [ -76.364453125, 68.318701171875006 ], [ -76.172802734374997, 68.308789062499997 ], [ -76.08828125, 68.313818359375006 ], [ -75.982763671874991, 68.332324218750003 ], [ -75.866503906249989, 68.336816406249994 ], [ -75.675878906249991, 68.322509765625 ] ] ], [ [ [ -79.537304687499997, 73.654492187499997 ], [ -79.366796875, 73.641357421875 ], [ -78.286523437499994, 73.665820312500003 ], [ -78.062939453124997, 73.64765625 ], [ -77.382128906249989, 73.536669921875003 ], [ -77.20654296875, 73.499560546875003 ], [ -77.119775390624994, 73.450488281250003 ], [ -77.04150390625, 73.373046875 ], [ -77.005322265624997, 73.356054687500006 ], [ -76.758691406249994, 73.310009765624997 ], [ -76.657275390624989, 73.254199218750003 ], [ -76.62158203125, 73.225341796875 ], [ -76.569775390624997, 73.159277343750006 ], [ -76.458447265624997, 73.121826171875 ], [ -76.331152343749991, 73.100488281249994 ], [ -76.28955078125, 73.081005859374997 ], [ -76.3095703125, 72.997900390625006 ], [ -76.255273437499994, 72.959228515625 ], [ -76.135058593749989, 72.912402343750003 ], [ -76.089990234374994, 72.881201171875006 ], [ -76.183398437499989, 72.843066406250003 ], [ -76.400537109374994, 72.820654296875006 ], [ -77.013574218749994, 72.843994140625 ], [ -77.8359375, 72.896826171875006 ], [ -78.314208984375, 72.8818359375 ], [ -78.554052734374991, 72.857714843750003 ], [ -79.134179687499994, 72.771630859374994 ], [ -79.3193359375, 72.757714843749994 ], [ -79.500537109374989, 72.755957031250006 ], [ -79.820703125, 72.826318359374994 ], [ -79.936865234374991, 72.863623046875006 ], [ -79.975292968749997, 72.892480468749994 ], [ -80.051611328124991, 72.977001953124997 ], [ -80.114453125, 73.078222656250006 ], [ -80.146435546874997, 73.161328125 ], [ -80.183300781249997, 73.224658203125003 ], [ -80.292724609375, 73.24560546875 ], [ -80.617919921875, 73.270800781250003 ], [ -80.726855468749989, 73.30546875 ], [ -80.776416015624989, 73.334179687499997 ], [ -80.824169921874997, 73.380664062500003 ], [ -80.822949218749997, 73.428955078125 ], [ -80.797998046874994, 73.471533203125006 ], [ -80.776953125, 73.481982421875003 ], [ -80.73583984375, 73.483105468749997 ], [ -80.827001953124991, 73.53466796875 ], [ -80.858496093749991, 73.59140625 ], [ -80.860742187499994, 73.670556640624994 ], [ -80.848876953125, 73.721240234375003 ], [ -80.822851562499991, 73.743457031250003 ], [ -80.762744140624989, 73.757763671874997 ], [ -80.621386718749989, 73.767333984375 ], [ -80.412304687499997, 73.765429687500003 ], [ -80.120263671874994, 73.707080078125003 ], [ -79.889355468749997, 73.701513671875006 ], [ -79.537304687499997, 73.654492187499997 ] ] ], [ [ [ -80.731689453125, 52.747265625 ], [ -80.80234375, 52.733984375 ], [ -81.009863281249991, 52.760644531250001 ], [ -81.096582031249994, 52.779882812499999 ], [ -81.352246093749997, 52.852001953124997 ], [ -81.8390625, 52.957910156250001 ], [ -82.005029296874994, 53.010498046875 ], [ -82.039257812499997, 53.049902343749999 ], [ -81.951123046874997, 53.132226562500001 ], [ -81.9013671875, 53.165576171874996 ], [ -81.847314453124994, 53.186279296875 ], [ -81.335351562499994, 53.224267578125001 ], [ -81.135595703124991, 53.205810546875 ], [ -80.900390625, 53.037158203124996 ], [ -80.765332031249997, 52.923242187500001 ], [ -80.71044921875, 52.831591796874996 ], [ -80.709521484374989, 52.787402343749996 ], [ -80.731689453125, 52.747265625 ] ] ], [ [ [ -78.826513671874991, 56.1453125 ], [ -78.877294921874991, 56.131445312499999 ], [ -78.913818359375, 56.1328125 ], [ -78.907031249999989, 56.166357421874999 ], [ -78.856884765624997, 56.232080078125001 ], [ -78.828417968749989, 56.28984375 ], [ -78.821582031249989, 56.339648437499996 ], [ -78.799414062499991, 56.38330078125 ], [ -78.761865234374994, 56.420703125 ], [ -78.724511718749994, 56.439208984375 ], [ -78.66875, 56.438623046875001 ], [ -78.657177734374997, 56.3173828125 ], [ -78.672802734374997, 56.260498046875 ], [ -78.71015625, 56.212890625 ], [ -78.761376953124994, 56.174511718749997 ], [ -78.826513671874991, 56.1453125 ] ] ], [ [ [ -78.935595703124989, 56.266064453124997 ], [ -79.01796875, 56.164990234374997 ], [ -79.083886718749994, 56.06787109375 ], [ -79.175488281249997, 55.885058593749996 ], [ -79.227832031249989, 55.878515625 ], [ -79.273632812499997, 55.922460937499999 ], [ -79.142285156249997, 56.136425781249997 ], [ -79.136083984374991, 56.160253906249999 ], [ -79.142285156249997, 56.180712890624996 ], [ -79.18212890625, 56.212158203125 ], [ -79.221826171874994, 56.175976562499997 ], [ -79.407421875, 55.934863281249996 ], [ -79.455322265625, 55.896191406249997 ], [ -79.4951171875, 55.874755859375 ], [ -79.526757812499994, 55.870654296874996 ], [ -79.605712890625, 55.875683593749997 ], [ -79.764746093749991, 55.806787109375001 ], [ -79.497460937499994, 56.093164062500001 ], [ -79.494677734374989, 56.114990234375 ], [ -79.544726562499989, 56.128369140624997 ], [ -79.564550781249991, 56.120947265624999 ], [ -79.781103515624991, 55.940576171875001 ], [ -79.904589843749989, 55.871044921874997 ], [ -79.9875, 55.892138671874996 ], [ -80.008251953124997, 55.911035156250001 ], [ -80.000781249999989, 55.932080078124997 ], [ -79.7900390625, 56.114160156250001 ], [ -79.596337890624994, 56.244482421874999 ], [ -79.515283203124994, 56.326513671874999 ], [ -79.482373046874997, 56.40380859375 ], [ -79.467919921874994, 56.460351562500001 ], [ -79.468945312499997, 56.522607421875001 ], [ -79.458886718749994, 56.539746093749997 ], [ -79.44765625, 56.536572265624997 ], [ -79.435302734375, 56.513037109374999 ], [ -79.43203125, 56.447460937499997 ], [ -79.476269531249997, 56.312841796874999 ], [ -79.511816406249991, 56.24658203125 ], [ -79.55419921875, 56.191992187499999 ], [ -79.536328125, 56.180078125 ], [ -79.458300781249989, 56.211083984375001 ], [ -79.392626953124989, 56.276464843749999 ], [ -79.33935546875, 56.376318359374999 ], [ -79.305322265624994, 56.463085937499997 ], [ -79.272412109374997, 56.600439453124999 ], [ -79.261132812499994, 56.595654296874997 ], [ -79.245751953124994, 56.568261718750001 ], [ -79.21044921875, 56.548925781249999 ], [ -79.155175781249994, 56.53759765625 ], [ -79.12353515625, 56.519970703124997 ], [ -79.100244140624994, 56.473925781249996 ], [ -79.077734375, 56.45361328125 ], [ -78.994970703124991, 56.436425781250001 ], [ -78.963183593749989, 56.421728515624999 ], [ -78.940332031249994, 56.371435546874999 ], [ -78.942431640624989, 56.344921875 ], [ -78.931201171874989, 56.327929687499996 ], [ -78.906640625, 56.320410156249999 ], [ -78.935595703124989, 56.266064453124997 ] ] ], [ [ [ -79.977587890624989, 56.20703125 ], [ -80.028613281249989, 56.199414062499997 ], [ -80.0888671875, 56.2138671875 ], [ -80.057470703124991, 56.287353515625 ], [ -80.005078125, 56.317919921874996 ], [ -79.874462890624997, 56.3484375 ], [ -79.852148437499991, 56.3671875 ], [ -79.810400390624991, 56.376513671874996 ], [ -79.749169921874994, 56.376513671874996 ], [ -79.681005859374991, 56.403955078125001 ], [ -79.605859375, 56.458837890624999 ], [ -79.579736328124994, 56.466357421874996 ], [ -79.632568359375, 56.386523437499996 ], [ -79.687939453124997, 56.326806640625001 ], [ -79.977587890624989, 56.20703125 ] ] ], [ [ [ -89.833251953125, 77.267626953125003 ], [ -90.0947265625, 77.210400390624997 ], [ -90.228271484375, 77.212451171875003 ], [ -90.993212890624989, 77.329492187499994 ], [ -91.147265624999989, 77.387304687500006 ], [ -91.176611328124991, 77.42626953125 ], [ -91.18505859375, 77.481542968750006 ], [ -91.182666015624989, 77.557177734375003 ], [ -91.149462890624989, 77.608056640624994 ], [ -91.109130859375, 77.625732421875 ], [ -91.01904296875, 77.643896484375006 ], [ -90.842578124999989, 77.654980468749997 ], [ -90.674853515624989, 77.648632812499997 ], [ -90.422753906249994, 77.628369140624997 ], [ -90.171923828124989, 77.594677734374997 ], [ -89.838964843749991, 77.49140625 ], [ -89.719482421875, 77.442138671875 ], [ -89.694189453124991, 77.378125 ], [ -89.694580078125, 77.338964843750006 ], [ -89.712011718749991, 77.310400390625006 ], [ -89.746679687499991, 77.292578125 ], [ -89.833251953125, 77.267626953125003 ] ] ], [ [ [ -104.558154296875003, 77.141748046874994 ], [ -104.711376953124997, 77.123974609374997 ], [ -105.015576171874997, 77.164599609375003 ], [ -105.215087890625, 77.182080078124997 ], [ -105.379931640625003, 77.254248046875006 ], [ -105.556347656249997, 77.352636718750006 ], [ -105.695117187500003, 77.461376953124997 ], [ -105.747216796874994, 77.525390625 ], [ -105.84814453125, 77.563427734374997 ], [ -105.883154296874991, 77.626513671875003 ], [ -106.066113281249997, 77.725390625 ], [ -106.035595703124997, 77.73984375 ], [ -105.862988281249997, 77.75439453125 ], [ -105.587890625, 77.735986328124994 ], [ -105.456103515625003, 77.700927734375 ], [ -105.289648437499991, 77.64208984375 ], [ -105.073876953124994, 77.548291015624997 ], [ -105.007226562499994, 77.506738281249994 ], [ -104.994287109374994, 77.449658203124997 ], [ -104.955322265625, 77.418701171875 ], [ -104.770214843749997, 77.413232421874994 ], [ -104.542236328125, 77.337744140625006 ], [ -104.50078125, 77.308544921874997 ], [ -104.453710937499991, 77.249121093750006 ], [ -104.456982421874997, 77.220800781250006 ], [ -104.493359375, 77.162353515625 ], [ -104.558154296875003, 77.141748046874994 ] ] ], [ [ [ -98.791601562499991, 79.981103515624994 ], [ -98.768945312499994, 79.850878906250003 ], [ -98.789794921875, 79.785400390625 ], [ -98.840625, 79.737060546875 ], [ -98.885205078124997, 79.725683593750006 ], [ -98.945214843749994, 79.724072265624997 ], [ -99.218457031249997, 79.761865234374994 ], [ -99.3017578125, 79.784082031249994 ], [ -99.30625, 79.802880859374994 ], [ -99.3330078125, 79.839550781249997 ], [ -99.515625, 79.887158203124997 ], [ -99.857470703124989, 79.879492187500006 ], [ -99.999902343749994, 79.884033203125 ], [ -100.056835937499997, 79.898242187500003 ], [ -100.092431640624994, 79.918652343749997 ], [ -100.126025390624989, 80.001269531250003 ], [ -100.120361328125, 80.030419921874994 ], [ -100.078515625, 80.081103515625003 ], [ -100.053271484374989, 80.093359375 ], [ -99.802783203124989, 80.14013671875 ], [ -99.731201171875, 80.144091796875003 ], [ -99.424853515624989, 80.126416015624997 ], [ -99.153222656249994, 80.12421875 ], [ -99.0166015625, 80.111132812500003 ], [ -98.894677734374994, 80.081787109375 ], [ -98.823193359374997, 80.037353515625 ], [ -98.791601562499991, 79.981103515624994 ] ] ], [ [ [ -105.288916015624991, 72.919921875 ], [ -105.33935546875, 72.914892578125006 ], [ -105.43408203125, 72.93798828125 ], [ -105.572998046875, 72.989306640625003 ], [ -105.800146484374991, 73.093310546875003 ], [ -106.071044921875, 73.196386718750006 ], [ -106.112646484374991, 73.258105468750003 ], [ -106.180029296874991, 73.304101562499994 ], [ -106.525732421874991, 73.413378906250003 ], [ -106.750390625, 73.457714843749997 ], [ -106.921533203124994, 73.479833984375006 ], [ -106.949658203124997, 73.510351562500006 ], [ -106.831005859374997, 73.599072265624997 ], [ -106.69482421875, 73.669921875 ], [ -106.613964843749997, 73.695605468750003 ], [ -106.362109375, 73.718603515625006 ], [ -105.512304687499991, 73.765771484374994 ], [ -105.31796875, 73.767138671875003 ], [ -105.114453125, 73.744433593750003 ], [ -104.834667968749997, 73.647265625 ], [ -104.71826171875, 73.636279296875003 ], [ -104.648779296874991, 73.614404296874994 ], [ -104.5875, 73.578076171874997 ], [ -104.555078125, 73.541113281250006 ], [ -104.55234375, 73.465576171875 ], [ -104.582861328124991, 73.35390625 ], [ -104.621728515624994, 73.311132812500006 ], [ -104.791015625, 73.167626953124994 ], [ -104.968652343749994, 73.088671875 ], [ -105.002587890624994, 73.037548828124997 ], [ -105.074609375, 72.997021484374997 ], [ -105.200634765624997, 72.947314453125003 ], [ -105.288916015624991, 72.919921875 ] ] ], [ [ [ -102.227343749999989, 76.014892578125 ], [ -102.017871093749989, 75.953515625 ], [ -102.008007812499997, 75.939404296874997 ], [ -102.047460937499991, 75.927734375 ], [ -102.318115234375, 75.895166015624994 ], [ -102.4234375, 75.869189453125003 ], [ -102.511376953124994, 75.808398437500003 ], [ -102.57958984375, 75.780224609374997 ], [ -102.943554687499997, 75.763427734375 ], [ -103.314746093750003, 75.764208984375003 ], [ -103.244726562499991, 75.822949218749997 ], [ -103.04150390625, 75.918847656249994 ], [ -103.2015625, 75.95849609375 ], [ -103.769775390625, 75.892382812500003 ], [ -103.985253906249994, 75.93310546875 ], [ -103.80078125, 76.037011718749994 ], [ -103.984521484374994, 76.046533203124994 ], [ -104.242480468750003, 76.046972656250006 ], [ -104.406054687500003, 76.108496093750006 ], [ -104.350634765625003, 76.182324218749997 ], [ -104.012060546874991, 76.222998046875006 ], [ -103.571435546874994, 76.258203125 ], [ -103.098242187499991, 76.311474609374997 ], [ -102.72802734375, 76.30703125 ], [ -102.584082031249991, 76.281640625 ], [ -102.5361328125, 76.196435546874994 ], [ -102.490039062499989, 76.095068359375006 ], [ -102.425683593749994, 76.08642578125 ], [ -102.227343749999989, 76.014892578125 ] ] ], [ [ [ -104.022851562499994, 76.583105468750006 ], [ -103.973486328124991, 76.577587890624997 ], [ -103.82109375, 76.597509765625006 ], [ -103.722753906249991, 76.60107421875 ], [ -103.613134765624991, 76.563427734374997 ], [ -103.584619140624994, 76.538867187500003 ], [ -103.190136718749997, 76.477441406249994 ], [ -103.051318359374989, 76.449853515624994 ], [ -103.033544921874991, 76.431494140625006 ], [ -103.082958984374997, 76.405175781249994 ], [ -103.199511718749989, 76.370849609375 ], [ -103.311376953124991, 76.347558593749994 ], [ -103.472216796875003, 76.329052734374997 ], [ -104.270654296874994, 76.326269531250006 ], [ -104.357519531249991, 76.334619140624994 ], [ -104.407666015624997, 76.365136718749994 ], [ -104.506445312499991, 76.478955078124997 ], [ -104.576611328124997, 76.540185546874994 ], [ -104.60302734375, 76.582714843749997 ], [ -104.585693359375, 76.606494140625003 ], [ -104.500390625, 76.63037109375 ], [ -104.205126953125003, 76.666113281250006 ], [ -104.074511718750003, 76.666113281250006 ], [ -103.992480468750003, 76.656982421875 ], [ -103.959082031249991, 76.638769531250006 ], [ -103.969189453124997, 76.614160156249994 ], [ -104.022851562499994, 76.583105468750006 ] ] ], [ [ [ -118.328125, 75.5796875 ], [ -118.613867187500006, 75.515429687500003 ], [ -118.817138671875, 75.522119140624994 ], [ -119.086669921875, 75.5693359375 ], [ -119.306054687499994, 75.585351562499994 ], [ -119.383251953124997, 75.601025390624997 ], [ -119.394580078124989, 75.617333984374994 ], [ -119.320166015625006, 75.662548828124997 ], [ -119.226806640625, 75.698632812499994 ], [ -119.003466796874989, 75.769580078125003 ], [ -118.626074218750006, 75.90625 ], [ -118.379003906250006, 75.957958984374997 ], [ -118.136669921874997, 75.994482421875006 ], [ -117.889355468749997, 76.076074218749994 ], [ -117.752490234374989, 76.112451171874994 ], [ -117.633691406249994, 76.115087890625006 ], [ -117.512597656249994, 76.099414062500003 ], [ -117.499121093750006, 76.077197265625003 ], [ -117.626367187499994, 75.965966796874994 ], [ -117.715966796874994, 75.921142578125 ], [ -117.890820312499997, 75.80546875 ], [ -118.226513671874997, 75.611181640625006 ], [ -118.328125, 75.5796875 ] ] ], [ [ [ -113.832470703124997, 77.754638671875 ], [ -114.105908203124997, 77.720703125 ], [ -114.287207031249991, 77.721484375 ], [ -114.608349609374997, 77.769335937500003 ], [ -114.980419921874997, 77.915429687499994 ], [ -115.029345703125003, 77.967529296875 ], [ -114.890429687500003, 77.976904296875006 ], [ -114.789501953124997, 77.992919921875 ], [ -114.726464843749994, 78.015527343749994 ], [ -114.606884765624997, 78.040332031250003 ], [ -114.330371093750003, 78.077539062499994 ], [ -114.296875, 78.063183593749997 ], [ -114.302880859374994, 78.03271484375 ], [ -114.279833984375003, 78.004296875 ], [ -114.180957031250003, 77.998242187499997 ], [ -114.087207031250003, 77.977929687499994 ], [ -113.897753906250003, 77.915576171875003 ], [ -113.768017578124997, 77.903564453125 ], [ -113.721386718749997, 77.889892578125 ], [ -113.696679687499994, 77.868945312500003 ], [ -113.617919921875, 77.832421875 ], [ -113.619384765625, 77.8134765625 ], [ -113.725830078125, 77.77578125 ], [ -113.832470703124997, 77.754638671875 ] ] ], [ [ [ -130.927148437499994, 54.479052734374996 ], [ -130.950292968750006, 54.477783203125 ], [ -130.959033203124989, 54.498681640625001 ], [ -130.953466796875006, 54.541845703124999 ], [ -130.921777343749994, 54.614892578125001 ], [ -130.906835937500006, 54.631787109374997 ], [ -130.777050781250011, 54.618896484375 ], [ -130.758007812500011, 54.61376953125 ], [ -130.75341796875, 54.599707031249999 ], [ -130.763378906250011, 54.576708984374996 ], [ -130.805126953125011, 54.543798828124999 ], [ -130.927148437499994, 54.479052734374996 ] ] ], [ [ [ -131.029296875, 51.961621093749997 ], [ -131.047265625, 51.959716796875 ], [ -131.080517578125011, 51.980419921874997 ], [ -131.103417968749994, 52.013867187499997 ], [ -131.117333984374994, 52.101025390624997 ], [ -131.107128906250011, 52.136572265624999 ], [ -131.098095703125011, 52.150634765625 ], [ -131.010644531249994, 52.095263671874996 ], [ -131.029296875, 51.961621093749997 ] ] ], [ [ [ -130.236279296875011, 53.958544921874996 ], [ -130.267236328124994, 53.922607421875 ], [ -130.337548828124994, 53.866259765624996 ], [ -130.384228515625011, 53.843945312499997 ], [ -130.4072265625, 53.855517578124996 ], [ -130.470263671874989, 53.861767578124997 ], [ -130.5375, 53.917871093750001 ], [ -130.58984375, 53.940283203124999 ], [ -130.624609375, 53.94140625 ], [ -130.641845703125, 53.921142578125 ], [ -130.646289062499989, 53.89404296875 ], [ -130.637890625000011, 53.860009765625001 ], [ -130.643701171874994, 53.84453125 ], [ -130.66357421875, 53.847558593750001 ], [ -130.683447265625006, 53.863476562499997 ], [ -130.703173828124989, 53.892236328125001 ], [ -130.707275390625, 53.921484375 ], [ -130.695703125, 53.951269531249999 ], [ -130.646923828125011, 53.991259765624996 ], [ -130.49462890625, 54.074169921874997 ], [ -130.447998046875, 54.089013671875001 ], [ -130.397314453125006, 54.085693359375 ], [ -130.315869140625011, 54.046923828124996 ], [ -130.298486328124994, 54.03564453125 ], [ -130.236279296875011, 53.958544921874996 ] ] ], [ [ [ -129.848583984375011, 53.167919921874997 ], [ -129.868554687499994, 53.164501953124997 ], [ -129.934375, 53.176660156250001 ], [ -130.151416015624989, 53.345703125 ], [ -130.3056640625, 53.407373046875001 ], [ -130.410742187500006, 53.490820312499999 ], [ -130.517578125, 53.544238281249996 ], [ -130.452001953125006, 53.631152343749996 ], [ -130.394824218749989, 53.620410156249996 ], [ -130.195019531250011, 53.549658203124999 ], [ -130.035400390625, 53.481103515625001 ], [ -129.944726562499994, 53.436376953124999 ], [ -129.754833984375011, 53.244775390625001 ], [ -129.768945312499994, 53.21728515625 ], [ -129.848583984375011, 53.167919921874997 ] ] ], [ [ [ -130.575341796874994, 54.769677734375001 ], [ -130.493261718750006, 54.834179687499997 ], [ -130.312548828124989, 54.945947265625001 ], [ -130.214062500000011, 55.02587890625 ], [ -130.203906249999989, 54.947021484375 ], [ -130.349414062499989, 54.814550781249999 ], [ -130.535498046875006, 54.748730468749997 ], [ -130.575341796874994, 54.769677734375001 ] ] ], [ [ [ -128.552441406250011, 52.939746093749996 ], [ -128.506542968750011, 52.620703125 ], [ -128.509912109374994, 52.518603515624996 ], [ -128.576806640624994, 52.451806640625001 ], [ -128.6240234375, 52.339892578124996 ], [ -128.678955078125, 52.289648437499999 ], [ -128.730908203125011, 52.356542968749999 ], [ -128.735546875000011, 52.467724609374997 ], [ -128.749414062499994, 52.556054687500001 ], [ -128.766455078125006, 52.598388671875 ], [ -128.746337890625, 52.763378906249997 ], [ -128.769628906250006, 52.751220703125 ], [ -128.831201171874994, 52.678808593749999 ], [ -128.899804687499994, 52.673828125 ], [ -129.022851562499994, 52.755957031249999 ], [ -129.084716796875, 52.822460937499997 ], [ -129.094873046874994, 52.891845703125 ], [ -129.175927734374994, 52.964941406249999 ], [ -129.184326171875, 52.990673828124997 ], [ -129.177685546875011, 53.017919921874999 ], [ -129.111083984375, 53.090673828124999 ], [ -129.084082031250006, 53.139697265624996 ], [ -129.060351562499989, 53.240625 ], [ -129.033251953124989, 53.279931640625001 ], [ -128.97021484375, 53.274365234374997 ], [ -128.857714843749989, 53.228564453124996 ], [ -128.740380859374994, 53.178857421875001 ], [ -128.632666015625006, 53.1125 ], [ -128.552441406250011, 52.939746093749996 ] ] ], [ [ [ -126.092089843749989, 49.35400390625 ], [ -126.064013671874989, 49.263623046874997 ], [ -126.186816406249989, 49.278125 ], [ -126.229638671874994, 49.295654296875 ], [ -126.2314453125, 49.3390625 ], [ -126.208544921874989, 49.379785156249994 ], [ -126.115283203124989, 49.365039062499996 ], [ -126.092089843749989, 49.35400390625 ] ] ], [ [ [ -124.153662109375006, 49.531152343749994 ], [ -124.139794921874994, 49.510351562499999 ], [ -124.3623046875, 49.588183593749996 ], [ -124.457226562499997, 49.634228515624997 ], [ -124.493945312499989, 49.66748046875 ], [ -124.517822265625, 49.686328125 ], [ -124.630957031250006, 49.735693359374999 ], [ -124.649853515624997, 49.758349609374996 ], [ -124.623291015625, 49.775097656249997 ], [ -124.547167968749989, 49.764941406249996 ], [ -124.421484375, 49.727783203125 ], [ -124.309130859374989, 49.667285156249996 ], [ -124.153662109375006, 49.531152343749994 ] ] ], [ [ [ -126.641210937500006, 49.605810546874999 ], [ -126.680419921875, 49.601367187499996 ], [ -126.743408203125, 49.613476562499997 ], [ -126.814208984375, 49.64208984375 ], [ -126.938574218750006, 49.718457031249997 ], [ -126.951269531250006, 49.735693359374999 ], [ -126.940039062500006, 49.75048828125 ], [ -126.904882812500006, 49.762792968749999 ], [ -126.896875, 49.782910156249997 ], [ -126.925830078124989, 49.837744140624999 ], [ -126.826074218749994, 49.872363281249996 ], [ -126.738134765625006, 49.843652343749994 ], [ -126.698144531249994, 49.808496093749994 ], [ -126.64990234375, 49.745800781249997 ], [ -126.628173828125, 49.675146484374999 ], [ -126.625781249999989, 49.626806640624999 ], [ -126.641210937500006, 49.605810546874999 ] ] ], [ [ [ -125.184130859374989, 50.097119140624997 ], [ -125.195117187499989, 50.044335937499994 ], [ -125.259570312499989, 50.130029296874994 ], [ -125.358447265624989, 50.3115234375 ], [ -125.3453125, 50.353955078124997 ], [ -125.301171875, 50.4140625 ], [ -125.2609375, 50.417822265624999 ], [ -125.195996093749997, 50.389746093749999 ], [ -125.139501953125006, 50.339697265624999 ], [ -125.12646484375, 50.320263671874997 ], [ -125.09140625, 50.267773437499997 ], [ -125.074023437499989, 50.220654296874997 ], [ -125.112988281249997, 50.163476562499994 ], [ -125.184130859374989, 50.097119140624997 ] ] ], [ [ [ -128.936865234375006, 52.510009765625 ], [ -128.968701171875011, 52.464257812500001 ], [ -129.102343749999989, 52.574365234375001 ], [ -129.151025390624994, 52.605322265624999 ], [ -129.25048828125, 52.72216796875 ], [ -129.267773437500011, 52.772363281250001 ], [ -129.263525390625006, 52.80078125 ], [ -129.245947265625006, 52.811230468749997 ], [ -129.215039062500011, 52.803857421875001 ], [ -129.186181640624994, 52.791259765625 ], [ -128.993994140625006, 52.66171875 ], [ -128.940332031249994, 52.600732421875001 ], [ -128.936865234375006, 52.510009765625 ] ] ], [ [ [ -127.924658203125006, 51.473876953125 ], [ -127.941259765625006, 51.457177734374994 ], [ -127.98125, 51.457226562499997 ], [ -128.04453125, 51.474023437499994 ], [ -128.091796875, 51.511132812499994 ], [ -128.148779296875006, 51.626708984375 ], [ -128.142382812499989, 51.646582031249999 ], [ -128.122753906250011, 51.666796875 ], [ -128.03173828125, 51.708398437500001 ], [ -127.998681640624994, 51.703808593749997 ], [ -127.98681640625, 51.673583984375 ], [ -127.932519531249994, 51.60546875 ], [ -127.916357421875006, 51.58544921875 ], [ -127.916308593749989, 51.506201171874999 ], [ -127.924658203125006, 51.473876953125 ] ] ], [ [ [ -128.36875, 52.40087890625 ], [ -128.445410156250006, 52.3875 ], [ -128.419873046875011, 52.441113281249997 ], [ -128.4125, 52.472851562499997 ], [ -128.42626953125, 52.502734375 ], [ -128.4359375, 52.560351562499996 ], [ -128.439794921875006, 52.696386718749999 ], [ -128.364892578124994, 52.781884765625001 ], [ -128.247265625000011, 52.784375 ], [ -128.2484375, 52.7412109375 ], [ -128.298144531249989, 52.548242187500001 ], [ -128.323779296874989, 52.458984375 ], [ -128.343554687499989, 52.426074218749996 ], [ -128.36875, 52.40087890625 ] ] ], [ [ [ -129.313720703125, 52.9921875 ], [ -129.328710937500006, 52.984228515624999 ], [ -129.370019531249994, 52.997607421874996 ], [ -129.409716796874989, 53.023730468749996 ], [ -129.477783203125, 53.097753906249999 ], [ -129.500146484374994, 53.12890625 ], [ -129.514746093750006, 53.179394531249997 ], [ -129.501074218750006, 53.188330078124999 ], [ -129.471435546875, 53.183007812500001 ], [ -129.450732421874989, 53.174707031250001 ], [ -129.343505859375, 53.052783203124996 ], [ -129.313720703125, 52.9921875 ] ] ], [ [ [ -129.167724609375, 53.117871093749997 ], [ -129.173242187499994, 53.110742187500001 ], [ -129.27685546875, 53.1109375 ], [ -129.305712890624989, 53.121142578124996 ], [ -129.323876953124994, 53.142138671874996 ], [ -129.33125, 53.173974609375001 ], [ -129.314355468749994, 53.212304687500001 ], [ -129.253076171874994, 53.285498046874999 ], [ -129.251171875000011, 53.316699218749996 ], [ -129.238183593749994, 53.330078125 ], [ -129.195214843749994, 53.293212890625 ], [ -129.177001953125, 53.259130859374999 ], [ -129.167724609375, 53.117871093749997 ] ] ], [ [ [ -123.435400390625006, 48.754443359374996 ], [ -123.477246093749997, 48.728759765625 ], [ -123.499609375, 48.732177734375 ], [ -123.517529296874997, 48.750146484374994 ], [ -123.582324218749989, 48.92578125 ], [ -123.5546875, 48.922070312499997 ], [ -123.467871093750006, 48.867382812499997 ], [ -123.487548828125, 48.845703125 ], [ -123.422753906249994, 48.793359375 ], [ -123.406787109374989, 48.756054687499997 ], [ -123.435400390625006, 48.754443359374996 ] ] ], [ [ [ -59.78759765625, 43.939599609374994 ], [ -59.922265625, 43.90390625 ], [ -60.037744140624994, 43.906640625 ], [ -60.1142578125, 43.939111328124994 ], [ -60.117480468749989, 43.953369140625 ], [ -59.93603515625, 43.939599609374994 ], [ -59.866357421874994, 43.947167968749994 ], [ -59.727148437499991, 44.002832031249994 ], [ -59.78759765625, 43.939599609374994 ] ] ], [ [ [ -60.961572265624994, 45.489941406249997 ], [ -61.002880859374997, 45.481738281249996 ], [ -61.0125, 45.496044921874997 ], [ -61.076171875, 45.537304687499997 ], [ -61.081738281249997, 45.5578125 ], [ -61.025976562499991, 45.57734375 ], [ -60.912451171874991, 45.567285156249994 ], [ -60.953027343749994, 45.515527343749994 ], [ -60.961572265624994, 45.489941406249997 ] ] ], [ [ [ -61.914111328124989, 47.284521484374999 ], [ -61.878710937499989, 47.265527343749994 ], [ -61.815478515624989, 47.267578125 ], [ -61.772558593749991, 47.259814453124996 ], [ -61.833740234375, 47.222607421874997 ], [ -61.950830078124994, 47.218994140625 ], [ -62.00830078125, 47.234277343749994 ], [ -61.924707031249994, 47.425146484374999 ], [ -61.827294921874994, 47.469091796874999 ], [ -61.627832031249994, 47.593847656249999 ], [ -61.548046875, 47.631787109374997 ], [ -61.474072265624997, 47.646777343749996 ], [ -61.3955078125, 47.637646484374997 ], [ -61.475537109374997, 47.56396484375 ], [ -61.582226562499997, 47.560009765624997 ], [ -61.68408203125, 47.498730468749997 ], [ -61.750878906249994, 47.430810546874994 ], [ -61.83125, 47.392041015624997 ], [ -61.886621093749994, 47.344628906249994 ], [ -61.914111328124989, 47.284521484374999 ] ] ], [ [ [ -64.508593749999989, 47.88671875 ], [ -64.533886718749997, 47.813769531249996 ], [ -64.621289062499997, 47.751904296874997 ], [ -64.664648437499991, 47.747607421874996 ], [ -64.6845703125, 47.753613281249997 ], [ -64.660498046874991, 47.793554687499999 ], [ -64.66328125, 47.863037109375 ], [ -64.591113281249989, 47.872460937499994 ], [ -64.56484375, 47.866259765624996 ], [ -64.508593749999989, 47.88671875 ] ] ], [ [ [ -64.47607421875, 47.958886718749994 ], [ -64.59130859375, 47.9072265625 ], [ -64.540722656249997, 47.984960937499999 ], [ -64.519580078124989, 48.005078125 ], [ -64.500195312499997, 48.013769531249999 ], [ -64.48125, 48.006933593749999 ], [ -64.47607421875, 47.958886718749994 ] ] ], [ [ [ -66.273779296874991, 44.292285156249996 ], [ -66.324121093749994, 44.25732421875 ], [ -66.311914062499994, 44.291601562499999 ], [ -66.25048828125, 44.379003906249999 ], [ -66.210351562499994, 44.392041015624997 ], [ -66.273779296874991, 44.292285156249996 ] ] ], [ [ [ -66.7625, 44.681787109374994 ], [ -66.897070312499991, 44.62890625 ], [ -66.8447265625, 44.763916015625 ], [ -66.802148437499994, 44.805371093749997 ], [ -66.745410156249989, 44.79140625 ], [ -66.753369140624997, 44.709814453124999 ], [ -66.7625, 44.681787109374994 ] ] ], [ [ [ -73.566503906249991, 45.469091796874999 ], [ -73.6435546875, 45.449121093749994 ], [ -73.775341796874997, 45.467626953124999 ], [ -73.920214843749989, 45.441943359374996 ], [ -73.960546875, 45.44140625 ], [ -73.852929687499994, 45.515722656249999 ], [ -73.687451171874997, 45.561425781249994 ], [ -73.5224609375, 45.701171875 ], [ -73.47607421875, 45.704736328124994 ], [ -73.538867187499989, 45.546435546874996 ], [ -73.551660156249994, 45.48984375 ], [ -73.566503906249991, 45.469091796874999 ] ] ], [ [ [ -73.6953125, 45.585498046874996 ], [ -73.81591796875, 45.564892578124997 ], [ -73.857714843749989, 45.573583984374999 ], [ -73.724658203124989, 45.671826171874997 ], [ -73.572363281249991, 45.694482421874994 ], [ -73.6953125, 45.585498046874996 ] ] ], [ [ [ -71.025732421874991, 46.872949218749994 ], [ -71.116650390624997, 46.86484375 ], [ -71.094970703125, 46.899560546874994 ], [ -70.970849609374994, 46.96142578125 ], [ -70.879638671875, 46.99609375 ], [ -70.82578125, 46.995361328125 ], [ -70.913476562499994, 46.91953125 ], [ -71.025732421874991, 46.872949218749994 ] ] ], [ [ [ -55.5361328125, 50.719677734374997 ], [ -55.569677734374991, 50.708691406249997 ], [ -55.60078125, 50.709033203124996 ], [ -55.629345703124997, 50.720800781249999 ], [ -55.633886718749991, 50.740185546874997 ], [ -55.6044921875, 50.780712890624997 ], [ -55.527197265624991, 50.801220703124997 ], [ -55.469287109374989, 50.79638671875 ], [ -55.472753906249991, 50.775927734374996 ], [ -55.503808593749994, 50.742138671874997 ], [ -55.5361328125, 50.719677734374997 ] ] ], [ [ [ -54.554394531249997, 49.5888671875 ], [ -54.708691406249997, 49.530664062499994 ], [ -54.743847656249997, 49.507763671874997 ], [ -54.786523437499994, 49.496142578124996 ], [ -54.818505859374994, 49.514453125 ], [ -54.863574218749989, 49.576074218749994 ], [ -54.855419921874997, 49.596582031249994 ], [ -54.813085937499991, 49.599365234375 ], [ -54.788769531249997, 49.591210937499994 ], [ -54.782617187499994, 49.572070312499996 ], [ -54.7640625, 49.562353515624999 ], [ -54.733105468749997, 49.562158203124994 ], [ -54.61875, 49.6220703125 ], [ -54.559179687499991, 49.631494140624994 ], [ -54.537695312499991, 49.619970703124999 ], [ -54.554394531249997, 49.5888671875 ] ] ], [ [ [ -55.361230468749994, 51.8896484375 ], [ -55.408886718749997, 51.888818359375001 ], [ -55.419628906249997, 51.900048828125001 ], [ -55.399804687499994, 51.9384765625 ], [ -55.346484374999989, 51.982861328124997 ], [ -55.274072265624994, 51.995166015624996 ], [ -55.293554687499991, 51.929980468749996 ], [ -55.361230468749994, 51.8896484375 ] ] ], [ [ [ -54.093701171874997, 49.744433593749996 ], [ -54.019921875, 49.679492187499996 ], [ -53.980664062499997, 49.661962890624999 ], [ -54.238378906249991, 49.591650390624999 ], [ -54.269238281249997, 49.587011718749999 ], [ -54.2861328125, 49.595361328124994 ], [ -54.288769531249997, 49.660839843749997 ], [ -54.277636718749989, 49.711474609374996 ], [ -54.258984375, 49.718994140625 ], [ -54.199365234374994, 49.688525390624996 ], [ -54.1376953125, 49.751171875 ], [ -54.093701171874997, 49.744433593749996 ] ] ], [ [ [ -54.227148437499991, 47.441357421874997 ], [ -54.276074218749997, 47.406542968749996 ], [ -54.325976562499989, 47.408105468749994 ], [ -54.320117187499989, 47.438525390624996 ], [ -54.258691406249994, 47.49765625 ], [ -54.227392578124991, 47.539990234374997 ], [ -54.226269531249997, 47.565527343749999 ], [ -54.214941406249991, 47.585107421874994 ], [ -54.168359375, 47.607080078124994 ], [ -54.128173828125, 47.646826171874999 ], [ -54.147558593749991, 47.573095703124999 ], [ -54.227148437499991, 47.441357421874997 ] ] ], [ [ [ -64.823828125, 62.558740234374994 ], [ -64.6318359375, 62.547998046874994 ], [ -64.515332031249997, 62.551806640625003 ], [ -64.465039062499997, 62.5359375 ], [ -64.418066406249991, 62.487402343749999 ], [ -64.478320312499989, 62.417871093749994 ], [ -64.546484375, 62.39140625 ], [ -64.657421875, 62.38359375 ], [ -64.837304687499994, 62.40625 ], [ -64.901220703124991, 62.421044921874994 ], [ -64.956494140624997, 62.458349609374999 ], [ -64.930761718749991, 62.485009765624994 ], [ -64.841943359374994, 62.494140625 ], [ -64.827099609374997, 62.504980468749999 ], [ -64.849853515625, 62.525439453125003 ], [ -64.848779296874994, 62.543310546874999 ], [ -64.823828125, 62.558740234374994 ] ] ], [ [ [ -68.233789062499994, 60.240917968749997 ], [ -68.324121093749994, 60.23291015625 ], [ -68.365234375, 60.254052734374994 ], [ -68.367871093749997, 60.314746093750003 ], [ -68.33828125, 60.360595703125 ], [ -68.234765625, 60.45556640625 ], [ -68.141894531249989, 60.56201171875 ], [ -68.087597656249997, 60.587841796874997 ], [ -67.97802734375, 60.570410156249999 ], [ -67.914208984374994, 60.53984375 ], [ -67.847558593749994, 60.488818359375003 ], [ -67.81884765625, 60.449511718750003 ], [ -67.84423828125, 60.391650390625003 ], [ -67.922314453124997, 60.339892578125003 ], [ -68.012304687499991, 60.304638671874997 ], [ -68.233789062499994, 60.240917968749997 ] ] ], [ [ [ -70.337060546874994, 62.548730468749994 ], [ -70.406347656249991, 62.544824218749994 ], [ -70.54150390625, 62.55234375 ], [ -70.686572265624989, 62.573193359374997 ], [ -70.766064453124997, 62.596875 ], [ -70.837548828124994, 62.648095703124994 ], [ -70.851269531249997, 62.704345703125 ], [ -70.986132812499989, 62.787792968749997 ], [ -71.136914062499997, 62.81591796875 ], [ -71.220117187499994, 62.873925781249994 ], [ -71.134863281249991, 62.877978515625003 ], [ -71.013671875, 62.865332031249999 ], [ -70.834619140624994, 62.840087890625 ], [ -70.67431640625, 62.80703125 ], [ -70.442626953125, 62.733789062499994 ], [ -70.366796875, 62.665820312500003 ], [ -70.29150390625, 62.615966796875 ], [ -70.268847656249989, 62.578076171874997 ], [ -70.28857421875, 62.561572265625003 ], [ -70.337060546874994, 62.548730468749994 ] ] ], [ [ [ -64.832617187499991, 61.366064453124999 ], [ -64.856835937499994, 61.354443359374997 ], [ -64.879785156249994, 61.357080078124994 ], [ -64.954248046874994, 61.410400390625 ], [ -65.054394531249997, 61.43203125 ], [ -65.091503906249997, 61.452978515624999 ], [ -65.393896484374991, 61.562841796874999 ], [ -65.426806640624989, 61.611035156249997 ], [ -65.43212890625, 61.649511718749999 ], [ -65.331640625, 61.668261718750003 ], [ -65.129785156249994, 61.685693359374994 ], [ -64.954443359374991, 61.685107421875003 ], [ -64.789648437499991, 61.662207031249999 ], [ -64.75634765625, 61.637646484374997 ], [ -64.669580078124994, 61.593017578125 ], [ -64.690966796874989, 61.539355468750003 ], [ -64.696386718749991, 61.471484375 ], [ -64.732324218749994, 61.438427734374997 ], [ -64.78759765625, 61.41328125 ], [ -64.832617187499991, 61.366064453124999 ] ] ], [ [ [ -65.030566406249989, 61.879052734374994 ], [ -65.008056640625, 61.870263671874994 ], [ -64.981054687499991, 61.880615234375 ], [ -64.960546875, 61.871679687499999 ], [ -64.946679687499994, 61.843359375 ], [ -64.923535156249997, 61.82373046875 ], [ -64.865136718749994, 61.798144531250003 ], [ -64.845507812499989, 61.779882812499999 ], [ -64.847070312499994, 61.761523437500003 ], [ -64.896582031249991, 61.733300781249994 ], [ -64.927734375, 61.732519531249999 ], [ -65.165917968749994, 61.79765625 ], [ -65.230273437499989, 61.864013671875 ], [ -65.2353515625, 61.897705078125 ], [ -65.210546875, 61.928369140624994 ], [ -65.173925781249991, 61.943212890624999 ], [ -65.125634765624994, 61.942236328124999 ], [ -65.068359375, 61.926025390625 ], [ -65.030566406249989, 61.879052734374994 ] ] ], [ [ [ -69.160058593749994, 59.040234375 ], [ -69.220849609374994, 58.967578125 ], [ -69.301708984374997, 58.976611328125003 ], [ -69.330810546875, 58.961621093749997 ], [ -69.352832031249989, 58.960742187500003 ], [ -69.316308593749994, 59.028955078124994 ], [ -69.3115234375, 59.074804687499999 ], [ -69.329980468749994, 59.121240234374994 ], [ -69.30322265625, 59.144873046874999 ], [ -69.195166015624991, 59.146142578124994 ], [ -69.193798828124997, 59.0927734375 ], [ -69.1806640625, 59.072705078124997 ], [ -69.155175781249994, 59.063574218749999 ], [ -69.160058593749994, 59.040234375 ] ] ], [ [ [ -64.407031249999989, 60.367089843749994 ], [ -64.441943359374989, 60.2978515625 ], [ -64.558203125, 60.3232421875 ], [ -64.737939453124994, 60.375634765624994 ], [ -64.808984375, 60.410400390625 ], [ -64.833789062499989, 60.4484375 ], [ -64.83642578125, 60.501025390625003 ], [ -64.782568359374991, 60.509619140624999 ], [ -64.646289062499989, 60.514599609374997 ], [ -64.532519531249989, 60.44140625 ], [ -64.499804687499989, 60.430224609375003 ], [ -64.407031249999989, 60.367089843749994 ] ] ], [ [ [ -60.994482421874991, 56.039306640625 ], [ -60.982714843749989, 56.01513671875 ], [ -61.137011718749989, 56.032568359374999 ], [ -61.191308593749994, 56.0478515625 ], [ -61.195849609374989, 56.063916015624997 ], [ -61.188183593749997, 56.088964843749999 ], [ -61.157568359374991, 56.118359375 ], [ -61.0869140625, 56.140820312499997 ], [ -61.048535156249997, 56.129248046874999 ], [ -60.96640625, 56.098828125 ], [ -60.955371093749989, 56.080419921874999 ], [ -60.994482421874991, 56.039306640625 ] ] ], [ [ [ -61.743603515624997, 57.554589843750001 ], [ -61.659521484374991, 57.524951171874996 ], [ -61.6375, 57.416064453124996 ], [ -61.795263671874991, 57.422460937499999 ], [ -61.975488281249994, 57.495410156249996 ], [ -62.01123046875, 57.548486328125001 ], [ -62.007226562499994, 57.5576171875 ], [ -61.983300781249994, 57.566748046874999 ], [ -61.9375, 57.554101562500001 ], [ -61.89306640625, 57.573144531250001 ], [ -61.848339843749997, 57.579345703125 ], [ -61.743603515624997, 57.554589843750001 ] ] ], [ [ [ -67.914697265624994, 69.540966796874997 ], [ -67.940283203124991, 69.534863281249997 ], [ -68.20234375, 69.580419921875006 ], [ -68.221386718749997, 69.616748046875003 ], [ -68.09326171875, 69.65703125 ], [ -67.989111328124991, 69.678759765625003 ], [ -67.908837890624994, 69.681835937499997 ], [ -67.8291015625, 69.675 ], [ -67.754589843749997, 69.631445312500006 ], [ -67.844921875, 69.591748046874997 ], [ -67.914697265624994, 69.540966796874997 ] ] ], [ [ [ -62.681542968749994, 67.056298828124994 ], [ -62.805419921875, 67.02880859375 ], [ -62.871630859374989, 67.062597656250006 ], [ -62.825097656249994, 67.072119140625006 ], [ -62.756982421874994, 67.112548828125 ], [ -62.664404296874991, 67.148242187500003 ], [ -62.625292968749989, 67.176953125 ], [ -62.4697265625, 67.190039062500006 ], [ -62.416796874999989, 67.1884765625 ], [ -62.396337890624991, 67.178320312500006 ], [ -62.484619140625, 67.134228515624997 ], [ -62.681542968749994, 67.056298828124994 ] ] ], [ [ [ -79.063085937499991, 75.925878906250006 ], [ -79.0517578125, 75.866992187500003 ], [ -79.124414062499994, 75.869677734375003 ], [ -79.355664062499997, 75.831152343750006 ], [ -79.54453125, 75.825634765624997 ], [ -79.638769531249991, 75.842919921874994 ], [ -79.69873046875, 75.883251953124997 ], [ -79.55126953125, 75.958349609375006 ], [ -79.381787109374997, 76.010839843750006 ], [ -79.178320312499991, 76.092382812500006 ], [ -79.009326171874989, 76.145898437499994 ], [ -78.925878906249991, 76.134667968749994 ], [ -78.845166015624997, 76.106298828125006 ], [ -78.946435546874994, 76.025439453125003 ], [ -79.056640625, 75.98515625 ], [ -79.063085937499991, 75.925878906250006 ] ] ], [ [ [ -79.866992187499989, 56.774560546875001 ], [ -79.894482421874997, 56.757128906249996 ], [ -79.943652343749989, 56.776757812500001 ], [ -79.945703125, 56.826904296875 ], [ -79.898144531249997, 56.865283203124996 ], [ -79.860546875, 56.863525390625 ], [ -79.82666015625, 56.843115234374999 ], [ -79.835009765624989, 56.816015625 ], [ -79.866992187499989, 56.774560546875001 ] ] ], [ [ [ -79.716503906249997, 57.515527343750001 ], [ -79.732226562499989, 57.507519531249997 ], [ -79.775195312499989, 57.514453125 ], [ -79.792041015624989, 57.448583984374999 ], [ -79.808447265624991, 57.442431640624996 ], [ -79.838232421874991, 57.483007812499999 ], [ -79.81591796875, 57.517724609375001 ], [ -79.819140624999989, 57.541601562499999 ], [ -79.810839843749989, 57.559277343749997 ], [ -79.767871093749989, 57.598730468749999 ], [ -79.742578125, 57.607958984374996 ], [ -79.726708984374994, 57.604589843749999 ], [ -79.713476562499991, 57.555029296874999 ], [ -79.716503906249997, 57.515527343750001 ] ] ], [ [ [ -79.518164062499991, 56.656689453124997 ], [ -79.553466796875, 56.643847656249996 ], [ -79.577392578125, 56.644921875 ], [ -79.550732421874997, 56.733496093749999 ], [ -79.581738281249997, 56.76484375 ], [ -79.583544921874989, 56.780957031249997 ], [ -79.570117187499989, 56.795703125 ], [ -79.552880859374994, 56.798730468750001 ], [ -79.51123046875, 56.771435546874997 ], [ -79.491064453124991, 56.74267578125 ], [ -79.482177734375, 56.714404296874996 ], [ -79.484570312499997, 56.6865234375 ], [ -79.496533203124997, 56.667285156249996 ], [ -79.518164062499991, 56.656689453124997 ] ] ], [ [ [ -79.938232421875, 53.304150390624997 ], [ -79.939306640624991, 53.274267578124999 ], [ -80.004101562499997, 53.280078125 ], [ -80.039355468749989, 53.297167968749996 ], [ -80.06787109375, 53.324072265624999 ], [ -80.074023437499989, 53.344287109374996 ], [ -80.049707031249994, 53.364453125 ], [ -79.974560546874997, 53.352246093749997 ], [ -79.938232421875, 53.304150390624997 ] ] ], [ [ [ -79.38427734375, 51.951953125 ], [ -79.425585937499989, 51.944873046874996 ], [ -79.520605468749991, 51.952929687499996 ], [ -79.596875, 51.97802734375 ], [ -79.64375, 52.010058593749996 ], [ -79.334863281249994, 52.09814453125 ], [ -79.271289062499989, 52.086816406250001 ], [ -79.270214843749997, 52.07109375 ], [ -79.316601562499997, 52.02392578125 ], [ -79.328955078124991, 51.992285156249999 ], [ -79.351513671874997, 51.968310546874996 ], [ -79.38427734375, 51.951953125 ] ] ], [ [ [ -123.372363281249989, 48.886132812499994 ], [ -123.384814453124989, 48.875195312499997 ], [ -123.541015625, 48.945947265624994 ], [ -123.645605468750006, 49.038623046874996 ], [ -123.689257812499989, 49.095117187499994 ], [ -123.482324218749994, 48.9546875 ], [ -123.3779296875, 48.908251953124996 ], [ -123.372363281249989, 48.886132812499994 ] ] ], [ [ [ -124.977734375, 50.029589843749996 ], [ -125.0015625, 50.020751953125 ], [ -125.025976562500006, 50.134082031249996 ], [ -124.995654296874989, 50.175195312499994 ], [ -124.987011718749997, 50.195849609374996 ], [ -124.990820312500006, 50.217138671874999 ], [ -124.937841796875006, 50.165917968749994 ], [ -124.91640625, 50.131542968749997 ], [ -124.907470703125, 50.083984375 ], [ -124.908447265625, 50.0712890625 ], [ -124.977734375, 50.029589843749996 ] ] ], [ [ [ -73.621728515624994, 67.783837890624994 ], [ -74.109082031249997, 67.782519531250003 ], [ -74.374072265624989, 67.789599609375003 ], [ -74.480712890625, 67.804882812499997 ], [ -74.573388671874994, 67.828662109375003 ], [ -74.678613281249994, 67.905566406250003 ], [ -74.745996093749994, 67.984814453124997 ], [ -74.749267578125, 68.018457031249994 ], [ -74.7314453125, 68.048779296874997 ], [ -74.70654296875, 68.067089843749997 ], [ -74.37939453125, 68.093457031249997 ], [ -74.111376953124989, 68.060595703125003 ], [ -73.880712890624991, 68.021923828124997 ], [ -73.584033203124989, 68.015332031249997 ], [ -73.49375, 68.000634765624994 ], [ -73.459228515625, 67.989892578124994 ], [ -73.435253906249997, 67.970019531250003 ], [ -73.4015625, 67.878710937500003 ], [ -73.398193359375, 67.829931640625006 ], [ -73.407177734374997, 67.793066406250006 ], [ -73.621728515624994, 67.783837890624994 ] ] ], [ [ [ -77.876708984375, 63.470556640624999 ], [ -77.792089843749991, 63.427832031249999 ], [ -77.703710937499991, 63.430859375 ], [ -77.65478515625, 63.39599609375 ], [ -77.538476562499994, 63.287060546874997 ], [ -77.527294921874997, 63.268945312499994 ], [ -77.53271484375, 63.233642578125 ], [ -77.593896484374994, 63.188427734374997 ], [ -77.657666015624997, 63.164599609375003 ], [ -77.791455078124997, 63.129589843749997 ], [ -77.942431640624989, 63.114404296874994 ], [ -78.0244140625, 63.138867187499997 ], [ -78.255957031249991, 63.23984375 ], [ -78.46875, 63.35791015625 ], [ -78.536767578124994, 63.423730468749994 ], [ -78.50732421875, 63.451123046874997 ], [ -78.417285156249989, 63.469970703125 ], [ -78.234912109374989, 63.489550781250003 ], [ -77.933935546874991, 63.478955078124997 ], [ -77.876708984375, 63.470556640624999 ] ] ], [ [ [ -94.5265625, 75.749316406250003 ], [ -94.624365234374991, 75.748876953125006 ], [ -94.75146484375, 75.769677734374994 ], [ -94.787353515625, 75.79140625 ], [ -94.814746093749989, 75.821191406249994 ], [ -94.833642578124994, 75.858984375 ], [ -94.860107421875, 75.889208984375003 ], [ -94.894091796874989, 75.911865234375 ], [ -94.901220703124991, 75.930761718750006 ], [ -94.88134765625, 75.945947265624994 ], [ -94.839794921874997, 75.954443359375006 ], [ -94.744824218749997, 75.957226562499997 ], [ -94.537890624999989, 75.996435546875006 ], [ -94.498681640624994, 75.9921875 ], [ -94.471289062499991, 75.971435546875 ], [ -94.443359375, 75.917089843750006 ], [ -94.413769531249997, 75.884863281250006 ], [ -94.332226562499997, 75.825976562500003 ], [ -94.296289062499994, 75.7880859375 ], [ -94.304003906249989, 75.776318359374997 ], [ -94.329541015624997, 75.765917968750003 ], [ -94.5265625, 75.749316406250003 ] ] ], [ [ [ -80.285253906249991, 59.624121093749999 ], [ -80.317236328124991, 59.621044921874997 ], [ -80.324658203124997, 59.633203125 ], [ -80.298974609374994, 59.674169921874999 ], [ -80.256640624999989, 59.679150390624997 ], [ -80.2099609375, 59.724609375 ], [ -80.167236328125, 59.708886718749994 ], [ -80.183056640624997, 59.683496093749994 ], [ -80.240527343749989, 59.644921875 ], [ -80.285253906249991, 59.624121093749999 ] ] ], [ [ [ -80.064208984375, 59.770800781250003 ], [ -80.167089843749991, 59.763867187499997 ], [ -80.122216796874994, 59.823193359374997 ], [ -80.083642578124994, 59.851855468750003 ], [ -80.041162109374994, 59.870166015625003 ], [ -79.955859374999989, 59.876953125 ], [ -79.898632812499997, 59.853125 ], [ -79.949609375, 59.809912109374999 ], [ -80.064208984375, 59.770800781250003 ] ] ], [ [ [ -96.782324218749991, 72.936621093750006 ], [ -96.943798828124997, 72.926708984374997 ], [ -97.0927734375, 72.996923828125006 ], [ -97.09765625, 73.062402343749994 ], [ -97.087695312499989, 73.098486328125006 ], [ -97.069238281249994, 73.130175781250003 ], [ -97.014990234374991, 73.157275390625003 ], [ -96.862402343749991, 73.188818359375006 ], [ -96.793164062499997, 73.165478515624997 ], [ -96.767773437499997, 73.137304687500006 ], [ -96.744433593749989, 73.126269531250003 ], [ -96.64599609375, 73.101904296875006 ], [ -96.598486328124991, 73.073828125 ], [ -96.603515625, 73.041552734375003 ], [ -96.635400390624994, 72.992431640625 ], [ -96.670605468749997, 72.9609375 ], [ -96.709228515625, 72.946972656249997 ], [ -96.782324218749991, 72.936621093750006 ] ] ], [ [ [ -97.355517578124989, 74.526318359374997 ], [ -97.656103515624991, 74.465673828125006 ], [ -97.721582031249994, 74.489208984374997 ], [ -97.75, 74.510546875 ], [ -97.516308593749997, 74.602490234374997 ], [ -97.41650390625, 74.6265625 ], [ -97.318212890624991, 74.597998046875006 ], [ -97.291308593749989, 74.576367187499997 ], [ -97.303857421874994, 74.559667968750006 ], [ -97.355517578124989, 74.526318359374997 ] ] ], [ [ [ -98.270361328124991, 73.868505859375006 ], [ -98.558203125, 73.847412109375 ], [ -98.691064453124994, 73.856494140625003 ], [ -98.761376953124994, 73.828857421875 ], [ -98.816601562499997, 73.817138671875 ], [ -98.973925781249989, 73.812060546875003 ], [ -99.298046875, 73.861962890624994 ], [ -99.38515625, 73.879296875 ], [ -99.4169921875, 73.895410156249994 ], [ -99.40380859375, 73.910888671875 ], [ -99.345605468749994, 73.925732421874997 ], [ -99.096875, 73.948291015625003 ], [ -99.004687499999989, 73.964941406250006 ], [ -98.966699218749994, 73.988183593749994 ], [ -98.904492187499997, 74.006884765625003 ], [ -98.818164062499989, 74.02099609375 ], [ -98.5849609375, 74.034521484375006 ], [ -98.06103515625, 74.1046875 ], [ -97.800439453124994, 74.114648437499994 ], [ -97.6982421875, 74.108691406250003 ], [ -97.667431640624997, 74.090136718750003 ], [ -97.659130859374997, 74.071630859375006 ], [ -97.67333984375, 74.053027343750003 ], [ -97.754736328124991, 74.005517578124994 ], [ -97.861083984375, 73.968457031249997 ], [ -98.14697265625, 73.888818359374994 ], [ -98.270361328124991, 73.868505859375006 ] ] ], [ [ [ -90.199804687499991, 69.419091796874994 ], [ -90.177392578124994, 69.357080078124994 ], [ -90.267285156249997, 69.272900390624997 ], [ -90.295458984374989, 69.2578125 ], [ -90.330273437499997, 69.252197265625 ], [ -90.364062499999989, 69.262597656249994 ], [ -90.464697265624991, 69.328710937500006 ], [ -90.492041015624991, 69.369873046875 ], [ -90.455126953124989, 69.390478515625006 ], [ -90.377246093749989, 69.416210937499997 ], [ -90.322070312499989, 69.4287109375 ], [ -90.252832031249994, 69.417919921874997 ], [ -90.228564453124989, 69.43603515625 ], [ -90.199804687499991, 69.419091796874994 ] ] ], [ [ [ -90.492578125, 69.22109375 ], [ -90.574414062499997, 69.209423828124997 ], [ -90.625781249999989, 69.250927734374997 ], [ -90.667431640624997, 69.259472656249997 ], [ -90.685888671874991, 69.287158203125003 ], [ -90.771582031249991, 69.292578125 ], [ -90.765673828124989, 69.335986328125003 ], [ -90.742382812499997, 69.357324218749994 ], [ -90.662792968749997, 69.374169921874994 ], [ -90.599707031249991, 69.367822265624994 ], [ -90.539843749999989, 69.324609375 ], [ -90.510644531249994, 69.290429687499994 ], [ -90.4853515625, 69.246630859375003 ], [ -90.492578125, 69.22109375 ] ] ], [ [ [ -74.000439453124997, 62.618408203125 ], [ -74.053564453124991, 62.609667968750003 ], [ -74.253515625, 62.621972656249994 ], [ -74.49951171875, 62.668798828124999 ], [ -74.62646484375, 62.712744140624999 ], [ -74.619970703124991, 62.726318359375 ], [ -74.564208984375, 62.733300781249994 ], [ -74.500927734374997, 62.726513671874997 ], [ -74.394775390625, 62.69580078125 ], [ -74.108935546874989, 62.680322265624994 ], [ -74.016796875, 62.662695312499999 ], [ -73.988183593749994, 62.636083984374999 ], [ -74.000439453124997, 62.618408203125 ] ] ], [ [ [ -74.880859375, 68.348681640625003 ], [ -74.959326171874991, 68.342236328124997 ], [ -75.072509765625, 68.404150390625006 ], [ -75.31015625, 68.474462890625006 ], [ -75.400244140624991, 68.525488281250006 ], [ -75.403417968749991, 68.550146484375006 ], [ -75.396191406249997, 68.588818359374997 ], [ -75.370166015624989, 68.636083984375006 ], [ -75.287402343749989, 68.687744140625 ], [ -75.199755859374989, 68.69609375 ], [ -75.07470703125, 68.684716796874994 ], [ -74.983642578125, 68.647607421874994 ], [ -74.884765625, 68.544628906249997 ], [ -74.818945312499991, 68.494433593750003 ], [ -74.798242187499994, 68.457958984374997 ], [ -74.830957031249994, 68.440722656250003 ], [ -74.827929687499989, 68.423779296874997 ], [ -74.812890625, 68.413330078125 ], [ -74.818554687499997, 68.394091796875003 ], [ -74.844970703125, 68.365966796875 ], [ -74.880859375, 68.348681640625003 ] ] ], [ [ [ -78.531640625, 60.728564453125003 ], [ -78.668896484374997, 60.716894531249999 ], [ -78.669091796874994, 60.731347656249994 ], [ -78.612011718749997, 60.772314453124999 ], [ -78.399560546874994, 60.80810546875 ], [ -78.24169921875, 60.818652343750003 ], [ -78.278857421874989, 60.783886718749997 ], [ -78.372460937499994, 60.756396484375003 ], [ -78.531640625, 60.728564453125003 ] ] ], [ [ [ -78.982714843749989, 68.192822265624997 ], [ -79.0640625, 68.181787109374994 ], [ -79.174023437499997, 68.234960937500006 ], [ -79.174755859374997, 68.264453125 ], [ -79.153466796874994, 68.335253906250003 ], [ -78.952587890624997, 68.35302734375 ], [ -78.868701171874989, 68.310302734375 ], [ -78.828515625, 68.268164062500006 ], [ -78.982714843749989, 68.192822265624997 ] ] ], [ [ [ -76.677587890624991, 63.393945312499994 ], [ -76.783154296874997, 63.384033203125 ], [ -76.921875, 63.406347656249999 ], [ -77.057226562499991, 63.449755859375003 ], [ -77.36474609375, 63.588330078124997 ], [ -77.133691406249994, 63.68203125 ], [ -76.763623046874997, 63.573583984374999 ], [ -76.652441406249991, 63.503564453124994 ], [ -76.677587890624991, 63.393945312499994 ] ] ], [ [ [ -79.4306640625, 69.787792968749997 ], [ -79.390283203124994, 69.730419921874997 ], [ -79.364990234375, 69.712353515624997 ], [ -79.402441406249991, 69.68515625 ], [ -79.552832031249991, 69.630859375 ], [ -79.881689453124991, 69.608691406250003 ], [ -80.047509765624994, 69.634326171875003 ], [ -79.971142578124997, 69.556347656249997 ], [ -79.954492187499994, 69.523486328125003 ], [ -79.977832031249989, 69.509667968749994 ], [ -80.046875, 69.513867187499997 ], [ -80.161474609374991, 69.5359375 ], [ -80.227343749999989, 69.562402343749994 ], [ -80.244482421874991, 69.593164062499994 ], [ -80.268652343749991, 69.6 ], [ -80.299707031249994, 69.582861328125006 ], [ -80.32958984375, 69.586767578125006 ], [ -80.397851562499994, 69.632617187500003 ], [ -80.448046874999989, 69.649707031250003 ], [ -80.778222656249994, 69.677001953125 ], [ -80.794775390624991, 69.689257812500003 ], [ -80.777539062499997, 69.710351562499994 ], [ -80.726611328124989, 69.740429687499997 ], [ -80.652539062499997, 69.750585937500006 ], [ -80.465917968749991, 69.737109375 ], [ -80.45068359375, 69.744775390624994 ], [ -80.438330078124991, 69.78271484375 ], [ -80.42421875, 69.797607421875 ], [ -80.294921875, 69.793798828125006 ], [ -80.213671874999989, 69.801953125 ], [ -80.168847656249994, 69.782421875 ], [ -80.124609375, 69.737255859374997 ], [ -80.061767578125, 69.745507812499994 ], [ -79.970849609374994, 69.738964843749997 ], [ -79.869580078124997, 69.755517578124994 ], [ -79.71484375, 69.795703125 ], [ -79.593994140625, 69.810498046874997 ], [ -79.4306640625, 69.787792968749997 ] ] ], [ [ [ -78.029101562499989, 69.714892578125003 ], [ -77.977832031249989, 69.664892578125006 ], [ -77.969140625, 69.638964843750003 ], [ -78.039990234374997, 69.6083984375 ], [ -78.307226562499991, 69.551806640625003 ], [ -78.470068359374991, 69.502539062500006 ], [ -78.552392578124994, 69.491552734375006 ], [ -78.662060546874997, 69.502636718749997 ], [ -78.7953125, 69.479736328125 ], [ -78.848193359374989, 69.4828125 ], [ -78.789306640625, 69.523144531249997 ], [ -78.578564453124997, 69.638818359374994 ], [ -78.40185546875, 69.650634765625 ], [ -78.344189453124997, 69.6748046875 ], [ -78.295507812499991, 69.667138671874994 ], [ -78.267333984375, 69.687158203124994 ], [ -78.262451171875, 69.716845703125003 ], [ -78.200732421874989, 69.739501953125 ], [ -78.145214843749997, 69.739208984374997 ], [ -78.029101562499989, 69.714892578125003 ] ] ], [ [ [ -77.64208984375, 63.991894531249997 ], [ -77.7140625, 63.945703125 ], [ -77.928808593749991, 63.962011718749999 ], [ -77.957910156249994, 63.976025390624997 ], [ -77.965966796874994, 63.992919921875 ], [ -77.931347656249997, 64.014794921874994 ], [ -77.710791015624991, 64.03564453125 ], [ -77.617285156249991, 64.037207031250006 ], [ -77.569384765624989, 64.030419921874994 ], [ -77.563623046874994, 64.022070312500006 ], [ -77.64208984375, 63.991894531249997 ] ] ], [ [ [ -83.123486328124997, 66.2828125 ], [ -83.023876953124997, 66.270654296874994 ], [ -82.948144531249994, 66.271923828124997 ], [ -82.931347656249997, 66.25732421875 ], [ -83.010839843749991, 66.208447265624997 ], [ -83.059863281249989, 66.199267578125003 ], [ -83.147900390624997, 66.234228515625006 ], [ -83.213916015624989, 66.277050781249997 ], [ -83.232568359374994, 66.302978515625 ], [ -83.237841796874989, 66.33154296875 ], [ -83.222265625, 66.336474609375003 ], [ -83.123486328124997, 66.2828125 ] ] ], [ [ [ -79.210644531249997, 68.845458984375 ], [ -79.279736328124997, 68.838720703125006 ], [ -79.361376953124989, 68.857666015625 ], [ -79.390478515624991, 68.890185546875003 ], [ -79.40576171875, 68.923046875 ], [ -79.391162109374989, 68.93994140625 ], [ -79.354736328125, 68.955908203125006 ], [ -79.305224609374989, 68.992333984374994 ], [ -79.24267578125, 69.049267578124997 ], [ -79.144970703124997, 69.087451171875003 ], [ -78.930468749999989, 69.122900390625006 ], [ -78.9, 69.135400390624994 ], [ -78.804101562499994, 69.235107421875 ], [ -78.771826171874991, 69.252197265625 ], [ -78.662011718749994, 69.262353515624994 ], [ -78.650195312499989, 69.275195312500003 ], [ -78.6890625, 69.299755859374997 ], [ -78.6890625, 69.325097656249994 ], [ -78.650195312499989, 69.351220703124994 ], [ -78.5966796875, 69.37060546875 ], [ -78.457910156249994, 69.389501953125006 ], [ -78.332568359374989, 69.386035156250003 ], [ -78.300488281249997, 69.378710937500003 ], [ -78.2724609375, 69.361230468749994 ], [ -78.234082031249997, 69.314599609374994 ], [ -78.228955078124997, 69.304003906250003 ], [ -78.287011718749994, 69.2626953125 ], [ -78.43896484375, 69.199169921874997 ], [ -78.532910156249997, 69.146044921875003 ], [ -78.5517578125, 69.128662109375 ], [ -78.560302734375, 69.10625 ], [ -78.595654296874997, 69.079052734374997 ], [ -78.705371093749989, 69.013671875 ], [ -78.779199218749994, 68.950488281250003 ], [ -78.852685546874994, 68.915673828124994 ], [ -79.053613281249994, 68.882910156250006 ], [ -79.210644531249997, 68.845458984375 ] ] ], [ [ [ -76.995361328125, 69.14375 ], [ -77.121630859374989, 69.132128906250003 ], [ -77.215039062499997, 69.138085937499994 ], [ -77.275585937499997, 69.161669921875003 ], [ -77.321923828124994, 69.193603515625 ], [ -77.37939453125, 69.274023437500006 ], [ -77.358056640624994, 69.3115234375 ], [ -77.351513671874997, 69.378662109375 ], [ -77.340917968749991, 69.403857421875003 ], [ -77.318701171874991, 69.416308593750003 ], [ -77.187548828124989, 69.440087890624994 ], [ -77.109179687499989, 69.437402343749994 ], [ -76.994091796874997, 69.411767578124994 ], [ -76.745703125, 69.404003906249997 ], [ -76.68408203125, 69.380419921875003 ], [ -76.668847656249994, 69.366162109374997 ], [ -76.670019531249991, 69.348583984374997 ], [ -76.687451171874997, 69.327685546875003 ], [ -76.810302734375, 69.266748046874994 ], [ -76.869335937499997, 69.224853515625 ], [ -76.911230468749991, 69.174658203125006 ], [ -76.995361328125, 69.14375 ] ] ], [ [ [ -86.913037109374997, 70.113232421874997 ], [ -86.798779296874997, 70.105273437500003 ], [ -86.691210937499989, 70.115039062500003 ], [ -86.612744140624997, 70.105712890625 ], [ -86.563378906249994, 70.077246093750006 ], [ -86.530908203124994, 70.04765625 ], [ -86.515234375, 70.017041015624997 ], [ -86.557666015624989, 69.9953125 ], [ -86.734326171874997, 69.976318359375 ], [ -86.854931640624997, 69.985742187499994 ], [ -86.983984375, 70.011132812499994 ], [ -87.043798828124991, 69.999853515625006 ], [ -87.190820312499994, 70.0185546875 ], [ -87.263916015625, 70.0439453125 ], [ -87.3232421875, 70.080126953125003 ], [ -87.323144531249994, 70.102246093749997 ], [ -87.168115234374994, 70.127246093750003 ], [ -87.107275390624991, 70.146679687499997 ], [ -86.913037109374997, 70.113232421874997 ] ] ], [ [ [ -83.725976562499994, 65.796728515625006 ], [ -83.597509765624991, 65.757470703124994 ], [ -83.469433593749997, 65.735205078125006 ], [ -83.26318359375, 65.723291015624994 ], [ -83.233740234374991, 65.715039062499997 ], [ -83.233935546874989, 65.696582031250003 ], [ -83.263671875, 65.667822265625006 ], [ -83.332421875, 65.631054687499997 ], [ -83.381445312499991, 65.629980468750006 ], [ -83.495410156249989, 65.655957031249997 ], [ -83.537109375, 65.669189453125 ], [ -83.583203125, 65.698632812499994 ], [ -83.606542968749991, 65.701367187499997 ], [ -83.636376953124994, 65.691503906250006 ], [ -83.644384765624991, 65.678515625 ], [ -83.630664062499989, 65.662353515625 ], [ -83.649511718749991, 65.657763671875003 ], [ -83.787548828124997, 65.668896484374997 ], [ -83.809228515624994, 65.678320312500006 ], [ -83.798193359374991, 65.710009765625003 ], [ -83.701904296875, 65.756201171875006 ], [ -83.786523437499994, 65.770410156249994 ], [ -83.813574218749991, 65.7875 ], [ -83.93896484375, 65.758447265624994 ], [ -84.008496093749997, 65.751513671875003 ], [ -84.118261718749991, 65.771777343750003 ], [ -84.129931640624989, 65.87744140625 ], [ -84.143212890624994, 65.915966796874997 ], [ -84.193212890624991, 65.942138671875 ], [ -84.222949218749989, 65.969775390625003 ], [ -84.270898437499994, 65.990625 ], [ -84.3701171875, 66.011816406250006 ], [ -84.450585937499994, 66.064404296874997 ], [ -84.467382812499991, 66.08828125 ], [ -84.456347656249989, 66.10625 ], [ -84.407177734374997, 66.131005859374994 ], [ -84.122265625, 66.077832031249997 ], [ -83.950390625, 66.027490234374994 ], [ -83.786962890624991, 65.965771484374997 ], [ -83.701367187499997, 65.920117187499997 ], [ -83.693652343749989, 65.890380859375 ], [ -83.714892578124989, 65.860742187499994 ], [ -83.76513671875, 65.831152343750006 ], [ -83.725976562499994, 65.796728515625006 ] ] ], [ [ [ -86.595556640624991, 67.7359375 ], [ -86.63818359375, 67.73486328125 ], [ -86.705957031249994, 67.750146484374994 ], [ -86.861083984375, 67.810498046874997 ], [ -86.892529296874997, 67.836572265624994 ], [ -86.908300781249991, 67.867041015625006 ], [ -86.908447265625, 67.901953125 ], [ -86.894580078124989, 67.938085937500006 ], [ -86.847070312499994, 68.01025390625 ], [ -86.937744140625, 68.067578125 ], [ -86.959814453124991, 68.100244140624994 ], [ -86.949169921874997, 68.118701171875003 ], [ -86.898681640625, 68.162890625 ], [ -86.884863281249991, 68.190527343750006 ], [ -86.833984375, 68.2296875 ], [ -86.702099609374997, 68.305615234374997 ], [ -86.569921875, 68.287695312500006 ], [ -86.451953124999989, 68.225488281249994 ], [ -86.421142578125, 68.183447265625006 ], [ -86.430322265624994, 68.138720703125003 ], [ -86.420019531249991, 68.073925781249997 ], [ -86.390332031249997, 67.988916015624994 ], [ -86.382421875, 67.927294921875003 ], [ -86.396435546874997, 67.888964843750003 ], [ -86.446923828124994, 67.816992187500006 ], [ -86.489648437499994, 67.78359375 ], [ -86.546044921874994, 67.752197265625 ], [ -86.595556640624991, 67.7359375 ] ] ], [ [ [ -84.674755859374997, 65.575 ], [ -84.727001953124997, 65.563720703125 ], [ -84.782910156249997, 65.570068359375 ], [ -84.830273437499997, 65.598974609375006 ], [ -84.868945312499989, 65.650537109374994 ], [ -84.93115234375, 65.689160156249997 ], [ -85.071972656249997, 65.737353515625003 ], [ -85.096337890624994, 65.756201171875006 ], [ -85.136279296874989, 65.820849609375003 ], [ -85.14404296875, 65.885351562500006 ], [ -85.174169921874991, 65.94375 ], [ -85.175683593749994, 65.972412109375 ], [ -85.149609375, 66.015380859375 ], [ -85.031396484374994, 66.025488281250006 ], [ -84.938574218749991, 66.008544921875 ], [ -84.919824218749994, 65.997021484374997 ], [ -84.889453124999989, 65.972070312499994 ], [ -84.86953125, 65.941503906250006 ], [ -84.757373046874989, 65.858935546875003 ], [ -84.691748046874991, 65.793164062499997 ], [ -84.602636718749991, 65.657373046874994 ], [ -84.602246093749997, 65.631494140624994 ], [ -84.626269531249989, 65.604052734375003 ], [ -84.674755859374997, 65.575 ] ] ], [ [ [ -93.0439453125, 61.844091796874999 ], [ -93.084814453124991, 61.841699218749994 ], [ -93.176562499999989, 61.892724609374994 ], [ -93.196679687499994, 61.918554687499999 ], [ -93.07578125, 61.935009765624997 ], [ -92.993017578124991, 61.889697265625003 ], [ -92.999951171874997, 61.867480468750003 ], [ -93.0439453125, 61.844091796874999 ] ] ], [ [ [ -101.226123046874989, 76.579345703125 ], [ -101.485205078124991, 76.575 ], [ -101.60498046875, 76.587011718750006 ], [ -101.613085937499989, 76.604589843750006 ], [ -101.509472656249997, 76.627734375 ], [ -101.1650390625, 76.665429687499994 ], [ -100.962158203125, 76.734179687500003 ], [ -100.886474609375, 76.74267578125 ], [ -100.62158203125, 76.752490234375003 ], [ -100.467236328124997, 76.750341796875006 ], [ -100.269140625, 76.734130859375 ], [ -100.74658203125, 76.649169921875 ], [ -101.226123046874989, 76.579345703125 ] ] ], [ [ [ -103.003369140624997, 78.146435546874997 ], [ -103.118212890624989, 78.126367187499994 ], [ -103.252246093750003, 78.138134765624997 ], [ -103.27099609375, 78.150634765625 ], [ -103.273583984374994, 78.165771484375 ], [ -103.260058593750003, 78.183496093749994 ], [ -103.110449218749991, 78.245849609375 ], [ -102.973291015624994, 78.267236328124994 ], [ -102.891796875, 78.271240234375 ], [ -102.825537109374991, 78.250048828125003 ], [ -102.78828125, 78.218164062499994 ], [ -103.003369140624997, 78.146435546874997 ] ] ], [ [ [ -101.693554687499997, 77.696582031250003 ], [ -101.8310546875, 77.687353515625006 ], [ -102.079833984375, 77.6921875 ], [ -102.377832031249994, 77.728125 ], [ -102.458203125, 77.770166015624994 ], [ -102.475048828124997, 77.836669921875 ], [ -102.471533203124991, 77.873486328124997 ], [ -102.447705078124997, 77.880615234375 ], [ -102.26318359375, 77.889355468749997 ], [ -101.917871093749994, 77.899609375 ], [ -101.639404296875, 77.89208984375 ], [ -101.322021484375, 77.854150390624994 ], [ -101.193212890624991, 77.829785156249997 ], [ -101.127587890624994, 77.812597656250006 ], [ -101.046240234374991, 77.77783203125 ], [ -101.019580078124989, 77.762451171875 ], [ -101.002050781249991, 77.735107421875 ], [ -101.39765625, 77.729052734375003 ], [ -101.584570312499991, 77.718310546875003 ], [ -101.693554687499997, 77.696582031250003 ] ] ], [ [ [ -89.726464843749994, 76.507421875 ], [ -89.773291015624991, 76.493847656249997 ], [ -89.924121093749989, 76.500878906249994 ], [ -89.97412109375, 76.487548828125 ], [ -90.054296875, 76.4951171875 ], [ -90.16455078125, 76.523583984374994 ], [ -90.293505859374989, 76.579492187499994 ], [ -90.440966796874989, 76.662792968749997 ], [ -90.55625, 76.734570312499997 ], [ -90.5625, 76.754296875 ], [ -90.524804687499994, 76.787841796875 ], [ -90.409521484374991, 76.81015625 ], [ -90.136328125, 76.836962890625003 ], [ -89.948779296874989, 76.836230468750003 ], [ -89.774560546874994, 76.78203125 ], [ -89.725292968749997, 76.763427734375 ], [ -89.695410156249991, 76.741162109374997 ], [ -89.694433593749991, 76.719824218750006 ], [ -89.708642578124994, 76.701171875 ], [ -89.787548828124997, 76.659619140624997 ], [ -89.822119140624991, 76.630615234375 ], [ -89.821923828124994, 76.602197265624994 ], [ -89.804785156249991, 76.561083984375003 ], [ -89.77294921875, 76.533935546875 ], [ -89.726367187499989, 76.520800781250003 ], [ -89.726464843749994, 76.507421875 ] ] ], [ [ [ -96.078564453124997, 75.510107421875006 ], [ -96.156396484374994, 75.477246093749997 ], [ -96.236621093749989, 75.474804687499997 ], [ -96.344482421875, 75.505957031250006 ], [ -96.461621093749997, 75.494238281250006 ], [ -96.621972656249994, 75.431298828124994 ], [ -96.679003906249989, 75.394189453124994 ], [ -96.722851562499997, 75.380761718749994 ], [ -96.857128906249997, 75.369140625 ], [ -96.915136718749991, 75.3796875 ], [ -96.969628906249994, 75.412646484375003 ], [ -97.020654296874994, 75.468066406250003 ], [ -96.9828125, 75.509814453125003 ], [ -96.856152343749997, 75.537939453125006 ], [ -96.522900390624997, 75.583642578124994 ], [ -96.427685546874997, 75.606347656249994 ], [ -96.417236328125, 75.630712890625006 ], [ -96.397265624999989, 75.646826171875006 ], [ -96.367822265624994, 75.654638671875006 ], [ -96.145410156249994, 75.613525390625 ], [ -96.039843749999989, 75.585791015625006 ], [ -95.959863281249994, 75.554345703124994 ], [ -95.968603515624991, 75.541845703125006 ], [ -96.078564453124997, 75.510107421875006 ] ] ], [ [ [ -95.306640625, 74.505419921875003 ], [ -95.352441406249994, 74.500390625 ], [ -95.441503906249991, 74.506103515625 ], [ -95.777197265624991, 74.550732421874997 ], [ -95.834375, 74.569042968749997 ], [ -95.850732421874994, 74.582470703124997 ], [ -95.7744140625, 74.598681640625003 ], [ -95.74560546875, 74.615966796875 ], [ -95.660449218749989, 74.636914062499997 ], [ -95.510205078124997, 74.636767578125003 ], [ -95.3525390625, 74.585693359375 ], [ -95.278369140624989, 74.53955078125 ], [ -95.274462890624989, 74.519189453124994 ], [ -95.306640625, 74.505419921875003 ] ] ], [ [ [ -121.076220703124989, 75.745263671874994 ], [ -121.154296875, 75.740625 ], [ -121.240917968749997, 75.751855468749994 ], [ -121.22109375, 75.777490234374994 ], [ -121.026318359374997, 75.847509765625006 ], [ -121.015429687499989, 75.867529296875006 ], [ -121.01806640625, 75.883837890625003 ], [ -121.042285156249989, 75.902978515624994 ], [ -120.993017578125006, 75.927441406249997 ], [ -120.913964843749994, 75.9375 ], [ -120.887792968750006, 75.927978515625 ], [ -120.878710937499989, 75.906689453124997 ], [ -120.896875, 75.84453125 ], [ -120.921240234375006, 75.814453125 ], [ -120.954931640625006, 75.788769531249997 ], [ -121.006640624999989, 75.765722656250006 ], [ -121.076220703124989, 75.745263671874994 ] ] ], [ [ [ -113.560693359374994, 76.743261718750006 ], [ -113.712451171875003, 76.710546875 ], [ -114.75146484375, 76.758886718750006 ], [ -114.808300781249997, 76.774072265624994 ], [ -114.835253906250003, 76.794677734375 ], [ -114.647070312499991, 76.851025390624997 ], [ -114.419873046874997, 76.875341796875006 ], [ -113.891650390625003, 76.894873046875006 ], [ -113.70751953125, 76.872949218749994 ], [ -113.585400390624997, 76.847314453124994 ], [ -113.516503906249994, 76.825048828125006 ], [ -113.487597656250003, 76.783251953125003 ], [ -113.560693359374994, 76.743261718750006 ] ] ], [ [ [ -104.119921875, 75.036328125 ], [ -104.308691406249991, 75.030957031249997 ], [ -104.634326171875003, 75.061279296875 ], [ -104.828125, 75.119726562500006 ], [ -104.887402343749997, 75.147753906250003 ], [ -104.881640625, 75.160498046875006 ], [ -104.848095703124997, 75.173046875 ], [ -104.801318359375003, 75.211035156250006 ], [ -104.690380859374997, 75.320703125 ], [ -104.648828125, 75.349755859374994 ], [ -104.474169921875003, 75.413037109374997 ], [ -104.34619140625, 75.429931640625 ], [ -104.074658203124997, 75.424511718749997 ], [ -103.9169921875, 75.391845703125 ], [ -103.851171875, 75.370800781249997 ], [ -103.804101562499994, 75.345507812500003 ], [ -103.757910156249991, 75.2890625 ], [ -103.746484375, 75.25244140625 ], [ -103.667236328125, 75.210693359375 ], [ -103.643505859374997, 75.186572265625003 ], [ -103.642138671875003, 75.162939453125006 ], [ -103.664257812499997, 75.1390625 ], [ -103.709716796875, 75.114990234375 ], [ -103.813916015624997, 75.079736328124994 ], [ -104.119921875, 75.036328125 ] ] ], [ [ [ -100.217236328124997, 68.806689453125003 ], [ -100.248779296875, 68.775048828124994 ], [ -100.287939453124991, 68.766064453124997 ], [ -100.36572265625, 68.728808593750003 ], [ -100.397314453124991, 68.723828125 ], [ -100.442578125, 68.74755859375 ], [ -100.480664062499997, 68.786181640625003 ], [ -100.496923828124991, 68.792236328125 ], [ -100.521044921874989, 68.790673828124994 ], [ -100.573388671874994, 68.766064453124997 ], [ -100.596533203124991, 68.76640625 ], [ -100.615966796875, 68.782910156249997 ], [ -100.625390625, 68.81591796875 ], [ -100.624658203124994, 68.865283203125003 ], [ -100.599902343749989, 68.941357421874997 ], [ -100.598339843749997, 68.969091796875006 ], [ -100.611572265625, 68.990185546874997 ], [ -100.600634765624989, 69.009423828124994 ], [ -100.565478515624989, 69.026806640624997 ], [ -100.520312499999989, 69.035058593749994 ], [ -100.413964843749994, 69.028076171875 ], [ -100.329931640624991, 68.99755859375 ], [ -100.288964843749994, 68.957666015624994 ], [ -100.206884765624991, 68.926171875 ], [ -100.178466796875, 68.90390625 ], [ -100.217236328124997, 68.806689453125003 ] ] ], [ [ [ -99.994677734374989, 69.013525390625006 ], [ -100.018017578124997, 68.954003906249994 ], [ -100.141308593749997, 68.969921875 ], [ -100.195703125, 68.991455078125 ], [ -100.241992187499989, 69.040380859375006 ], [ -100.247363281249989, 69.052783203125003 ], [ -100.237060546875, 69.071484375 ], [ -100.186962890624997, 69.114013671875 ], [ -100.153125, 69.129492187500006 ], [ -100.072802734374989, 69.111474609374994 ], [ -100.035351562499997, 69.086572265624994 ], [ -100.005615234375, 69.047119140625 ], [ -99.994677734374989, 69.013525390625006 ] ] ], [ [ [ -100.308349609375, 70.495800781249997 ], [ -100.321240234374997, 70.487695312499994 ], [ -100.537255859374994, 70.525 ], [ -100.620654296874989, 70.546923828125003 ], [ -100.647753906249989, 70.563134765624994 ], [ -100.666943359374997, 70.596240234375003 ], [ -100.678320312499991, 70.646191406249997 ], [ -100.635302734374989, 70.6703125 ], [ -100.537939453124991, 70.668603515624994 ], [ -100.433935546874991, 70.6494140625 ], [ -100.276123046875, 70.594628906249994 ], [ -100.321093749999989, 70.578369140625 ], [ -100.3232421875, 70.542431640624997 ], [ -100.305517578124991, 70.508398437500006 ], [ -100.308349609375, 70.495800781249997 ] ] ], [ [ [ -95.513671875, 69.573632812499994 ], [ -95.380908203124989, 69.506591796875 ], [ -95.382080078125, 69.474072265624997 ], [ -95.3994140625, 69.419775390625006 ], [ -95.437451171874997, 69.378466796875003 ], [ -95.496240234374994, 69.35009765625 ], [ -95.578515625, 69.335839843749994 ], [ -95.684375, 69.335693359375 ], [ -95.730126953124994, 69.347558593749994 ], [ -95.695898437499991, 69.389550781249994 ], [ -95.670166015625, 69.402001953124994 ], [ -95.665820312499989, 69.43896484375 ], [ -95.6828125, 69.500292968750003 ], [ -95.7041015625, 69.538037109374997 ], [ -95.763623046874997, 69.559619140625003 ], [ -95.806201171874989, 69.560498046874997 ], [ -95.817773437499994, 69.540576171875003 ], [ -95.79833984375, 69.499804687500003 ], [ -95.811816406249989, 69.447021484375 ], [ -95.858203124999989, 69.382226562499994 ], [ -95.893457031249994, 69.351757812499997 ], [ -95.9560546875, 69.367138671874997 ], [ -95.9859375, 69.391894531250003 ], [ -95.977929687499994, 69.432714843750006 ], [ -95.994775390624994, 69.469677734374997 ], [ -95.978857421874991, 69.508837890625003 ], [ -95.936230468749997, 69.567041015624994 ], [ -95.875830078124991, 69.606005859375003 ], [ -95.797753906249994, 69.625732421875 ], [ -95.706640625, 69.624316406250003 ], [ -95.602490234374997, 69.601806640625 ], [ -95.513671875, 69.573632812499994 ] ] ], [ [ [ -101.171728515624991, 69.397070312500006 ], [ -101.253515625, 69.388476562500003 ], [ -101.268505859374997, 69.390576171874997 ], [ -101.261523437499989, 69.417822265625006 ], [ -101.267626953124989, 69.431494140625006 ], [ -101.289501953124997, 69.441259765625006 ], [ -101.2177734375, 69.462939453125003 ], [ -101.207324218749989, 69.479833984375006 ], [ -101.230126953124994, 69.492822265624994 ], [ -101.328466796874991, 69.517431640625006 ], [ -101.356494140624989, 69.539697265624994 ], [ -101.351318359375, 69.559228515624994 ], [ -101.312890625, 69.576074218749994 ], [ -101.244873046875, 69.573535156250003 ], [ -101.098339843749997, 69.540771484375 ], [ -101.031152343749994, 69.495458984375006 ], [ -101.000634765624994, 69.4619140625 ], [ -101.049169921874991, 69.456933593749994 ], [ -101.086865234374997, 69.443359375 ], [ -101.126953125, 69.414697265624994 ], [ -101.171728515624991, 69.397070312500006 ] ] ], [ [ [ -101.845898437499997, 68.586328125 ], [ -101.88720703125, 68.5849609375 ], [ -101.944628906249989, 68.602832031250003 ], [ -102.266357421875, 68.663671875 ], [ -102.308154296874989, 68.681982421875006 ], [ -102.2705078125, 68.707568359375003 ], [ -102.1533203125, 68.740478515625 ], [ -102.074365234374994, 68.774023437500006 ], [ -102.013378906249997, 68.825390625 ], [ -101.828369140625, 68.798974609374994 ], [ -101.759326171874989, 68.774609375 ], [ -101.732958984374989, 68.75341796875 ], [ -101.721630859374997, 68.72412109375 ], [ -101.73203125, 68.652148437500003 ], [ -101.794287109374991, 68.636865234374994 ], [ -101.845898437499997, 68.586328125 ] ] ], [ [ [ -104.540673828124994, 68.405908203124994 ], [ -104.595996093750003, 68.402197265625006 ], [ -104.699462890625, 68.418261718750003 ], [ -104.851123046875003, 68.453955078125006 ], [ -104.965234375, 68.491748046875003 ], [ -105.041748046875, 68.531542968750003 ], [ -105.051367187499991, 68.559033203124997 ], [ -104.993994140624991, 68.57421875 ], [ -104.907275390625003, 68.581787109375 ], [ -104.700390625, 68.576708984375003 ], [ -104.602001953124997, 68.5615234375 ], [ -104.472119140624997, 68.503515625 ], [ -104.44453125, 68.470703125 ], [ -104.440478515625003, 68.449511718750003 ], [ -104.457128906249991, 68.43115234375 ], [ -104.540673828124994, 68.405908203124994 ] ] ], [ [ [ -107.899853515624997, 67.401806640624997 ], [ -107.950244140625003, 67.318212890625006 ], [ -107.96953125, 67.326025390625006 ], [ -108.003955078125003, 67.365917968749997 ], [ -108.073339843749991, 67.385058593750003 ], [ -108.152246093749994, 67.429443359375 ], [ -108.151123046875, 67.524804687499994 ], [ -108.120849609375, 67.568164062500003 ], [ -108.127539062499991, 67.628564453124994 ], [ -108.048974609374994, 67.664892578125006 ], [ -107.990869140624994, 67.622119140625003 ], [ -107.974902343750003, 67.549365234375003 ], [ -107.989355468749991, 67.513574218749994 ], [ -107.931787109374994, 67.476464843749994 ], [ -107.905175781249994, 67.467041015625 ], [ -107.890966796874991, 67.437207031249997 ], [ -107.899853515624997, 67.401806640624997 ] ] ], [ [ [ -109.16640625, 67.982373046874997 ], [ -109.05390625, 67.971875 ], [ -108.970507812500003, 67.979736328125 ], [ -108.909619140624997, 67.939404296874997 ], [ -108.886035156250003, 67.898535156250006 ], [ -108.893847656250003, 67.884472656249997 ], [ -108.920166015625, 67.878808593749994 ], [ -109.096240234375003, 67.924023437499997 ], [ -109.161523437499994, 67.951708984375003 ], [ -109.18359375, 67.975 ], [ -109.16640625, 67.982373046874997 ] ] ], [ [ [ -108.092724609374997, 67.005175781250003 ], [ -107.966455078124994, 66.997265625 ], [ -107.805517578124991, 66.998583984375003 ], [ -107.833349609374991, 66.921337890624997 ], [ -107.895166015624994, 66.871875 ], [ -107.943945312499991, 66.8578125 ], [ -107.965136718750003, 66.884863281250006 ], [ -108.059716796874994, 66.946875 ], [ -108.092724609374997, 67.005175781250003 ] ] ], [ [ [ -109.323144531249994, 67.990869140624994 ], [ -109.36083984375, 67.987597656250003 ], [ -109.497949218749994, 68.047021484374994 ], [ -109.469140625, 68.097998046875006 ], [ -109.341699218749994, 68.045849609374997 ], [ -109.323535156250003, 68.013330078124994 ], [ -109.323144531249994, 67.990869140624994 ] ] ], [ [ [ -139.043115234374994, 69.576904296875 ], [ -139.125732421875, 69.539306640625 ], [ -139.256982421874994, 69.578564453124997 ], [ -139.29140625, 69.597851562499997 ], [ -139.139599609375011, 69.649609375 ], [ -139.07265625, 69.64765625 ], [ -138.931542968749994, 69.616943359375 ], [ -138.878857421875011, 69.589697265625006 ], [ -139.043115234374994, 69.576904296875 ] ] ] ] } }
]
}
